task,method,seed,t,folds,regret
svc_digits,ags_default,0,1,5,0.011999999999999789
svc_digits,ags_default,0,2,10,0.011999999999999789
svc_digits,ags_default,0,3,15,0.011999999999999789
svc_digits,ags_default,0,4,20,0.011999999999999789
svc_digits,ags_default,0,5,25,0.011999999999999789
svc_digits,ags_default,0,6,30,0.011999999999999789
svc_digits,ags_default,0,7,35,0.011999999999999789
svc_digits,ags_default,0,8,40,0.011999999999999789
svc_digits,ags_default,0,9,45,0.011999999999999789
svc_digits,ags_default,0,10,50,0.011999999999999789
svc_digits,ags_default,0,11,55,0.011999999999999789
svc_digits,ags_default,0,12,60,0.011999999999999789
svc_digits,ags_default,0,13,65,0.011999999999999789
svc_digits,ags_default,0,14,70,0.006666666666666599
svc_digits,ags_default,0,15,75,0.006666666666666599
svc_digits,ags_default,0,16,80,0.006666666666666599
svc_digits,ags_default,0,17,85,0.006666666666666599
svc_digits,ags_default,0,18,90,0.006666666666666599
svc_digits,ags_default,0,19,95,0.006666666666666599
svc_digits,ags_default,0,20,100,0.006666666666666599
svc_digits,ags_default,0,21,105,0.006666666666666599
svc_digits,ags_default,0,22,110,0.006666666666666599
svc_digits,ags_default,0,23,115,0.006666666666666599
svc_digits,ags_default,0,24,120,0.006666666666666599
svc_digits,ags_default,0,25,125,0.006666666666666599
svc_digits,ags_default,0,26,130,0.006666666666666599
svc_digits,ags_default,0,27,135,0.006666666666666599
svc_digits,ags_default,0,28,140,0.006666666666666599
svc_digits,ags_default,0,29,145,0.006666666666666599
svc_digits,ags_default,0,30,150,0.006666666666666599
svc_digits,ags_default,0,31,155,0.006666666666666599
svc_digits,ags_default,0,32,160,0.006666666666666599
svc_digits,ags_default,0,33,165,0.006666666666666599
svc_digits,ags_default,0,34,167,0.006666666666666599
svc_digits,ags_default,0,35,172,0.006666666666666599
svc_digits,ags_default,0,36,177,0.006666666666666599
svc_digits,ags_default,0,37,182,0.006666666666666599
svc_digits,ags_default,0,38,187,0.006666666666666599
svc_digits,ags_default,0,39,192,0.006666666666666599
svc_digits,ags_default,0,40,197,0.006666666666666599
svc_digits,ags_default,1,1,5,0.17999999999999983
svc_digits,ags_default,1,2,10,0.17999999999999983
svc_digits,ags_default,1,3,15,0.02533333333333343
svc_digits,ags_default,1,4,20,0.02533333333333343
svc_digits,ags_default,1,5,25,0.02533333333333343
svc_digits,ags_default,1,6,30,0.0013333333333334085
svc_digits,ags_default,1,7,35,0.0013333333333334085
svc_digits,ags_default,1,8,40,0.0013333333333334085
svc_digits,ags_default,1,9,45,0.0013333333333334085
svc_digits,ags_default,1,10,50,0.0013333333333334085
svc_digits,ags_default,1,11,55,0.0013333333333334085
svc_digits,ags_default,1,12,60,0.0013333333333334085
svc_digits,ags_default,1,13,65,0.0013333333333334085
svc_digits,ags_default,1,14,70,0.0013333333333334085
svc_digits,ags_default,1,15,75,0.0013333333333334085
svc_digits,ags_default,1,16,80,0.0013333333333334085
svc_digits,ags_default,1,17,85,0.0013333333333334085
svc_digits,ags_default,1,18,90,0.0013333333333334085
svc_digits,ags_default,1,19,95,0.0013333333333334085
svc_digits,ags_default,1,20,100,0.0013333333333334085
svc_digits,ags_default,1,21,105,0.0013333333333334085
svc_digits,ags_default,1,22,110,0.0013333333333334085
svc_digits,ags_default,1,23,115,0.0013333333333334085
svc_digits,ags_default,1,24,120,0.0013333333333334085
svc_digits,ags_default,1,25,125,0.0013333333333334085
svc_digits,ags_default,1,26,130,0.0013333333333334085
svc_digits,ags_default,1,27,135,0.0013333333333334085
svc_digits,ags_default,1,28,140,0.0013333333333334085
svc_digits,ags_default,1,29,145,0.0013333333333334085
svc_digits,ags_default,1,30,150,0.0013333333333334085
svc_digits,ags_default,1,31,155,0.0013333333333334085
svc_digits,ags_default,1,32,160,0.0013333333333334085
svc_digits,ags_default,1,33,165,0.0013333333333334085
svc_digits,ags_default,1,34,170,0.0013333333333334085
svc_digits,ags_default,1,35,175,0.0013333333333334085
svc_digits,ags_default,1,36,180,0.0013333333333334085
svc_digits,ags_default,1,37,185,0.0013333333333334085
svc_digits,ags_default,1,38,190,0.0013333333333334085
svc_digits,ags_default,1,39,195,0.0013333333333334085
svc_digits,ags_default,1,40,197,0.0013333333333334085
svc_digits,ags_default,2,1,5,0.010666666666666602
svc_digits,ags_default,2,2,10,0.010666666666666602
svc_digits,ags_default,2,3,15,0.010666666666666602
svc_digits,ags_default,2,4,20,0.006666666666666599
svc_digits,ags_default,2,5,25,0.006666666666666599
svc_digits,ags_default,2,6,30,0.006666666666666599
svc_digits,ags_default,2,7,35,0.006666666666666599
svc_digits,ags_default,2,8,40,0.006666666666666599
svc_digits,ags_default,2,9,45,0.006666666666666599
svc_digits,ags_default,2,10,50,0.006666666666666599
svc_digits,ags_default,2,11,55,0.006666666666666599
svc_digits,ags_default,2,12,60,0.006666666666666599
svc_digits,ags_default,2,13,65,0.0013333333333334085
svc_digits,ags_default,2,14,70,0.0013333333333334085
svc_digits,ags_default,2,15,75,0.0013333333333334085
svc_digits,ags_default,2,16,80,0.0013333333333334085
svc_digits,ags_default,2,17,85,0.0013333333333334085
svc_digits,ags_default,2,18,90,0.0013333333333334085
svc_digits,ags_default,2,19,95,0.0013333333333334085
svc_digits,ags_default,2,20,100,0.0013333333333334085
svc_digits,ags_default,2,21,105,0.0013333333333334085
svc_digits,ags_default,2,22,110,0.0013333333333334085
svc_digits,ags_default,2,23,115,0.0013333333333334085
svc_digits,ags_default,2,24,120,0.0013333333333334085
svc_digits,ags_default,2,25,125,0.0013333333333334085
svc_digits,ags_default,2,26,127,0.0013333333333334085
svc_digits,ags_default,2,27,132,0.0013333333333334085
svc_digits,ags_default,2,28,134,0.0013333333333334085
svc_digits,ags_default,2,29,139,0.0013333333333334085
svc_digits,ags_default,2,30,144,0.0013333333333334085
svc_digits,ags_default,2,31,149,0.0013333333333334085
svc_digits,ags_default,2,32,154,0.0013333333333334085
svc_digits,ags_default,2,33,159,0.0013333333333334085
svc_digits,ags_default,2,34,164,0.0013333333333334085
svc_digits,ags_default,2,35,169,0.0013333333333334085
svc_digits,ags_default,2,36,174,0.0013333333333334085
svc_digits,ags_default,2,37,179,0.0013333333333334085
svc_digits,ags_default,2,38,184,0.0013333333333334085
svc_digits,ags_default,2,39,189,0.0013333333333334085
svc_digits,ags_default,2,40,194,0.0013333333333334085
svc_digits,ags_default,3,1,5,0.7986666666666666
svc_digits,ags_default,3,2,10,0.6013333333333333
svc_digits,ags_default,3,3,15,0.010666666666666602
svc_digits,ags_default,3,4,20,0.010666666666666602
svc_digits,ags_default,3,5,25,0.010666666666666602
svc_digits,ags_default,3,6,30,0.010666666666666602
svc_digits,ags_default,3,7,35,0.010666666666666602
svc_digits,ags_default,3,8,40,0.010666666666666602
svc_digits,ags_default,3,9,45,0.010666666666666602
svc_digits,ags_default,3,10,50,0.0013333333333334085
svc_digits,ags_default,3,11,55,0.0013333333333334085
svc_digits,ags_default,3,12,60,0.0013333333333334085
svc_digits,ags_default,3,13,65,0.0013333333333334085
svc_digits,ags_default,3,14,70,0.0013333333333334085
svc_digits,ags_default,3,15,75,0.0013333333333334085
svc_digits,ags_default,3,16,80,0.0013333333333334085
svc_digits,ags_default,3,17,85,0.0013333333333334085
svc_digits,ags_default,3,18,90,0.0013333333333334085
svc_digits,ags_default,3,19,95,0.0013333333333334085
svc_digits,ags_default,3,20,100,0.0013333333333334085
svc_digits,ags_default,3,21,105,0.0013333333333334085
svc_digits,ags_default,3,22,110,0.0013333333333334085
svc_digits,ags_default,3,23,115,0.0013333333333334085
svc_digits,ags_default,3,24,120,0.0013333333333334085
svc_digits,ags_default,3,25,125,0.0013333333333334085
svc_digits,ags_default,3,26,130,0.0013333333333334085
svc_digits,ags_default,3,27,135,0.0013333333333334085
svc_digits,ags_default,3,28,140,0.0013333333333334085
svc_digits,ags_default,3,29,145,0.0013333333333334085
svc_digits,ags_default,3,30,150,0.0013333333333334085
svc_digits,ags_default,3,31,155,0.0013333333333334085
svc_digits,ags_default,3,32,160,0.0013333333333334085
svc_digits,ags_default,3,33,165,0.0013333333333334085
svc_digits,ags_default,3,34,167,0.0013333333333334085
svc_digits,ags_default,3,35,172,0.0013333333333334085
svc_digits,ags_default,3,36,177,0.0013333333333334085
svc_digits,ags_default,3,37,182,0.0013333333333334085
svc_digits,ags_default,3,38,186,0.0013333333333334085
svc_digits,ags_default,3,39,191,0.0013333333333334085
svc_digits,ags_default,3,40,196,0.0
svc_digits,ags_default,4,1,5,0.7986666666666666
svc_digits,ags_default,4,2,10,0.6013333333333333
svc_digits,ags_default,4,3,15,0.010666666666666602
svc_digits,ags_default,4,4,20,0.010666666666666602
svc_digits,ags_default,4,5,25,0.010666666666666602
svc_digits,ags_default,4,6,30,0.010666666666666602
svc_digits,ags_default,4,7,35,0.010666666666666602
svc_digits,ags_default,4,8,40,0.010666666666666602
svc_digits,ags_default,4,9,45,0.010666666666666602
svc_digits,ags_default,4,10,50,0.0013333333333334085
svc_digits,ags_default,4,11,55,0.0013333333333334085
svc_digits,ags_default,4,12,60,0.0013333333333334085
svc_digits,ags_default,4,13,62,0.0013333333333334085
svc_digits,ags_default,4,14,67,0.0013333333333334085
svc_digits,ags_default,4,15,72,0.0013333333333334085
svc_digits,ags_default,4,16,77,0.0013333333333334085
svc_digits,ags_default,4,17,82,0.0013333333333334085
svc_digits,ags_default,4,18,84,0.0013333333333334085
svc_digits,ags_default,4,19,89,0.0013333333333334085
svc_digits,ags_default,4,20,94,0.0013333333333334085
svc_digits,ags_default,4,21,96,0.0013333333333334085
svc_digits,ags_default,4,22,101,0.0013333333333334085
svc_digits,ags_default,4,23,106,0.0013333333333334085
svc_digits,ags_default,4,24,111,0.0013333333333334085
svc_digits,ags_default,4,25,116,0.0013333333333334085
svc_digits,ags_default,4,26,121,0.0013333333333334085
svc_digits,ags_default,4,27,126,0.0013333333333334085
svc_digits,ags_default,4,28,131,0.0013333333333334085
svc_digits,ags_default,4,29,136,0.0013333333333334085
svc_digits,ags_default,4,30,141,0.0013333333333334085
svc_digits,ags_default,4,31,146,0.0013333333333334085
svc_digits,ags_default,4,32,151,0.0013333333333334085
svc_digits,ags_default,4,33,156,0.0013333333333334085
svc_digits,ags_default,4,34,161,0.0013333333333334085
svc_digits,ags_default,4,35,166,0.0013333333333334085
svc_digits,ags_default,4,36,171,0.0013333333333334085
svc_digits,ags_default,4,37,176,0.0013333333333334085
svc_digits,ags_default,4,38,181,0.0013333333333334085
svc_digits,ags_default,4,39,186,0.0013333333333334085
svc_digits,ags_default,4,40,191,0.0013333333333334085
svc_digits,ags_default,5,1,5,0.009333333333333416
svc_digits,ags_default,5,2,10,0.009333333333333416
svc_digits,ags_default,5,3,15,0.009333333333333416
svc_digits,ags_default,5,4,20,0.006666666666666599
svc_digits,ags_default,5,5,25,0.006666666666666599
svc_digits,ags_default,5,6,30,0.006666666666666599
svc_digits,ags_default,5,7,35,0.006666666666666599
svc_digits,ags_default,5,8,40,0.006666666666666599
svc_digits,ags_default,5,9,45,0.006666666666666599
svc_digits,ags_default,5,10,50,0.006666666666666599
svc_digits,ags_default,5,11,55,0.006666666666666599
svc_digits,ags_default,5,12,60,0.006666666666666599
svc_digits,ags_default,5,13,65,0.006666666666666599
svc_digits,ags_default,5,14,70,0.006666666666666599
svc_digits,ags_default,5,15,75,0.006666666666666599
svc_digits,ags_default,5,16,80,0.006666666666666599
svc_digits,ags_default,5,17,85,0.006666666666666599
svc_digits,ags_default,5,18,90,0.006666666666666599
svc_digits,ags_default,5,19,95,0.006666666666666599
svc_digits,ags_default,5,20,100,0.006666666666666599
svc_digits,ags_default,5,21,105,0.006666666666666599
svc_digits,ags_default,5,22,110,0.006666666666666599
svc_digits,ags_default,5,23,115,0.006666666666666599
svc_digits,ags_default,5,24,120,0.006666666666666599
svc_digits,ags_default,5,25,125,0.006666666666666599
svc_digits,ags_default,5,26,130,0.006666666666666599
svc_digits,ags_default,5,27,135,0.0013333333333334085
svc_digits,ags_default,5,28,140,0.0013333333333334085
svc_digits,ags_default,5,29,145,0.0013333333333334085
svc_digits,ags_default,5,30,150,0.0013333333333334085
svc_digits,ags_default,5,31,155,0.0013333333333334085
svc_digits,ags_default,5,32,160,0.0013333333333334085
svc_digits,ags_default,5,33,165,0.0013333333333334085
svc_digits,ags_default,5,34,170,0.0013333333333334085
svc_digits,ags_default,5,35,172,0.0013333333333334085
svc_digits,ags_default,5,36,177,0.0013333333333334085
svc_digits,ags_default,5,37,179,0.0013333333333334085
svc_digits,ags_default,5,38,184,0.0013333333333334085
svc_digits,ags_default,5,39,189,0.0013333333333334085
svc_digits,ags_default,5,40,194,0.0013333333333334085
svc_digits,ags_default,6,1,5,0.32133333333333325
svc_digits,ags_default,6,2,10,0.008000000000000007
svc_digits,ags_default,6,3,15,0.008000000000000007
svc_digits,ags_default,6,4,20,0.008000000000000007
svc_digits,ags_default,6,5,25,0.008000000000000007
svc_digits,ags_default,6,6,30,0.008000000000000007
svc_digits,ags_default,6,7,35,0.008000000000000007
svc_digits,ags_default,6,8,40,0.008000000000000007
svc_digits,ags_default,6,9,45,0.008000000000000007
svc_digits,ags_default,6,10,50,0.008000000000000007
svc_digits,ags_default,6,11,55,0.008000000000000007
svc_digits,ags_default,6,12,60,0.008000000000000007
svc_digits,ags_default,6,13,65,0.00533333333333319
svc_digits,ags_default,6,14,70,0.0039999999999997815
svc_digits,ags_default,6,15,75,0.0013333333333334085
svc_digits,ags_default,6,16,80,0.0013333333333334085
svc_digits,ags_default,6,17,85,0.0013333333333334085
svc_digits,ags_default,6,18,90,0.0013333333333334085
svc_digits,ags_default,6,19,95,0.0013333333333334085
svc_digits,ags_default,6,20,100,0.0013333333333334085
svc_digits,ags_default,6,21,105,0.0013333333333334085
svc_digits,ags_default,6,22,110,0.0013333333333334085
svc_digits,ags_default,6,23,115,0.0013333333333334085
svc_digits,ags_default,6,24,120,0.0013333333333334085
svc_digits,ags_default,6,25,125,0.0013333333333334085
svc_digits,ags_default,6,26,130,0.0013333333333334085
svc_digits,ags_default,6,27,135,0.0013333333333334085
svc_digits,ags_default,6,28,140,0.0013333333333334085
svc_digits,ags_default,6,29,145,0.0013333333333334085
svc_digits,ags_default,6,30,150,0.0013333333333334085
svc_digits,ags_default,6,31,155,0.0013333333333334085
svc_digits,ags_default,6,32,160,0.0013333333333334085
svc_digits,ags_default,6,33,165,0.0013333333333334085
svc_digits,ags_default,6,34,170,0.0013333333333334085
svc_digits,ags_default,6,35,175,0.0013333333333334085
svc_digits,ags_default,6,36,180,0.0013333333333334085
svc_digits,ags_default,6,37,185,0.0013333333333334085
svc_digits,ags_default,6,38,190,0.0013333333333334085
svc_digits,ags_default,6,39,192,0.0013333333333334085
svc_digits,ags_default,6,40,197,0.0013333333333334085
svc_digits,ags_default,7,1,5,0.011999999999999789
svc_digits,ags_default,7,2,10,0.011999999999999789
svc_digits,ags_default,7,3,15,0.011999999999999789
svc_digits,ags_default,7,4,20,0.011999999999999789
svc_digits,ags_default,7,5,25,0.011999999999999789
svc_digits,ags_default,7,6,30,0.011999999999999789
svc_digits,ags_default,7,7,35,0.011999999999999789
svc_digits,ags_default,7,8,40,0.011999999999999789
svc_digits,ags_default,7,9,45,0.011999999999999789
svc_digits,ags_default,7,10,50,0.009333333333333416
svc_digits,ags_default,7,11,55,0.009333333333333416
svc_digits,ags_default,7,12,60,0.009333333333333416
svc_digits,ags_default,7,13,65,0.009333333333333416
svc_digits,ags_default,7,14,70,0.009333333333333416
svc_digits,ags_default,7,15,75,0.009333333333333416
svc_digits,ags_default,7,16,80,0.009333333333333416
svc_digits,ags_default,7,17,85,0.009333333333333416
svc_digits,ags_default,7,18,90,0.009333333333333416
svc_digits,ags_default,7,19,95,0.009333333333333416
svc_digits,ags_default,7,20,100,0.009333333333333416
svc_digits,ags_default,7,21,105,0.009333333333333416
svc_digits,ags_default,7,22,110,0.0039999999999997815
svc_digits,ags_default,7,23,115,0.006666666666666599
svc_digits,ags_default,7,24,120,0.006666666666666599
svc_digits,ags_default,7,25,125,0.006666666666666599
svc_digits,ags_default,7,26,130,0.006666666666666599
svc_digits,ags_default,7,27,135,0.006666666666666599
svc_digits,ags_default,7,28,140,0.006666666666666599
svc_digits,ags_default,7,29,145,0.006666666666666599
svc_digits,ags_default,7,30,150,0.006666666666666599
svc_digits,ags_default,7,31,155,0.00533333333333319
svc_digits,ags_default,7,32,160,0.00533333333333319
svc_digits,ags_default,7,33,165,0.00533333333333319
svc_digits,ags_default,7,34,170,0.00533333333333319
svc_digits,ags_default,7,35,175,0.00533333333333319
svc_digits,ags_default,7,36,180,0.0
svc_digits,ags_default,7,37,185,0.0
svc_digits,ags_default,7,38,190,0.0
svc_digits,ags_default,7,39,195,0.0
svc_digits,ags_default,7,40,200,0.0
svc_digits,ags_default,8,1,5,0.7986666666666666
svc_digits,ags_default,8,2,10,0.6013333333333333
svc_digits,ags_default,8,3,15,0.010666666666666602
svc_digits,ags_default,8,4,20,0.010666666666666602
svc_digits,ags_default,8,5,25,0.010666666666666602
svc_digits,ags_default,8,6,30,0.010666666666666602
svc_digits,ags_default,8,7,35,0.010666666666666602
svc_digits,ags_default,8,8,40,0.010666666666666602
svc_digits,ags_default,8,9,45,0.010666666666666602
svc_digits,ags_default,8,10,50,0.0013333333333334085
svc_digits,ags_default,8,11,55,0.0013333333333334085
svc_digits,ags_default,8,12,60,0.0013333333333334085
svc_digits,ags_default,8,13,62,0.0013333333333334085
svc_digits,ags_default,8,14,64,0.0013333333333334085
svc_digits,ags_default,8,15,69,0.0013333333333334085
svc_digits,ags_default,8,16,74,0.0013333333333334085
svc_digits,ags_default,8,17,79,0.0013333333333334085
svc_digits,ags_default,8,18,81,0.0013333333333334085
svc_digits,ags_default,8,19,86,0.0013333333333334085
svc_digits,ags_default,8,20,91,0.0013333333333334085
svc_digits,ags_default,8,21,96,0.0013333333333334085
svc_digits,ags_default,8,22,101,0.0013333333333334085
svc_digits,ags_default,8,23,106,0.0013333333333334085
svc_digits,ags_default,8,24,111,0.0013333333333334085
svc_digits,ags_default,8,25,116,0.0013333333333334085
svc_digits,ags_default,8,26,121,0.0013333333333334085
svc_digits,ags_default,8,27,126,0.0013333333333334085
svc_digits,ags_default,8,28,131,0.0013333333333334085
svc_digits,ags_default,8,29,136,0.0013333333333334085
svc_digits,ags_default,8,30,141,0.0013333333333334085
svc_digits,ags_default,8,31,146,0.0
svc_digits,ags_default,8,32,151,0.0
svc_digits,ags_default,8,33,156,0.0
svc_digits,ags_default,8,34,161,0.0
svc_digits,ags_default,8,35,166,0.0
svc_digits,ags_default,8,36,169,0.0
svc_digits,ags_default,8,37,174,0.0
svc_digits,ags_default,8,38,179,0.0
svc_digits,ags_default,8,39,184,0.0
svc_digits,ags_default,8,40,189,0.0
svc_digits,ags_default,9,1,5,0.0013333333333334085
svc_digits,ags_default,9,2,10,0.0013333333333334085
svc_digits,ags_default,9,3,15,0.0013333333333334085
svc_digits,ags_default,9,4,20,0.0013333333333334085
svc_digits,ags_default,9,5,25,0.0013333333333334085
svc_digits,ags_default,9,6,30,0.0013333333333334085
svc_digits,ags_default,9,7,35,0.0013333333333334085
svc_digits,ags_default,9,8,40,0.0013333333333334085
svc_digits,ags_default,9,9,45,0.0013333333333334085
svc_digits,ags_default,9,10,50,0.0013333333333334085
svc_digits,ags_default,9,11,55,0.0013333333333334085
svc_digits,ags_default,9,12,60,0.0013333333333334085
svc_digits,ags_default,9,13,65,0.0013333333333334085
svc_digits,ags_default,9,14,70,0.0013333333333334085
svc_digits,ags_default,9,15,75,0.0013333333333334085
svc_digits,ags_default,9,16,80,0.0013333333333334085
svc_digits,ags_default,9,17,85,0.0013333333333334085
svc_digits,ags_default,9,18,90,0.0013333333333334085
svc_digits,ags_default,9,19,95,0.0013333333333334085
svc_digits,ags_default,9,20,100,0.0013333333333334085
svc_digits,ags_default,9,21,105,0.0013333333333334085
svc_digits,ags_default,9,22,110,0.0013333333333334085
svc_digits,ags_default,9,23,115,0.0013333333333334085
svc_digits,ags_default,9,24,120,0.0013333333333334085
svc_digits,ags_default,9,25,125,0.0013333333333334085
svc_digits,ags_default,9,26,130,0.0013333333333334085
svc_digits,ags_default,9,27,135,0.0013333333333334085
svc_digits,ags_default,9,28,137,0.0013333333333334085
svc_digits,ags_default,9,29,142,0.0013333333333334085
svc_digits,ags_default,9,30,147,0.0013333333333334085
svc_digits,ags_default,9,31,152,0.0013333333333334085
svc_digits,ags_default,9,32,157,0.0013333333333334085
svc_digits,ags_default,9,33,159,0.0013333333333334085
svc_digits,ags_default,9,34,164,0.0013333333333334085
svc_digits,ags_default,9,35,169,0.0013333333333334085
svc_digits,ags_default,9,36,172,0.0013333333333334085
svc_digits,ags_default,9,37,177,0.0013333333333334085
svc_digits,ags_default,9,38,182,0.0013333333333334085
svc_digits,ags_default,9,39,184,0.0013333333333334085
svc_digits,ags_default,9,40,189,0.0013333333333334085
svc_digits,ags_1_climber,0,1,5,0.011999999999999789
svc_digits,ags_1_climber,0,2,10,0.011999999999999789
svc_digits,ags_1_climber,0,3,15,0.011999999999999789
svc_digits,ags_1_climber,0,4,20,0.011999999999999789
svc_digits,ags_1_climber,0,5,25,0.006666666666666599
svc_digits,ags_1_climber,0,6,30,0.006666666666666599
svc_digits,ags_1_climber,0,7,35,0.006666666666666599
svc_digits,ags_1_climber,0,8,40,0.006666666666666599
svc_digits,ags_1_climber,0,9,45,0.006666666666666599
svc_digits,ags_1_climber,0,10,50,0.0
svc_digits,ags_1_climber,0,11,55,0.0
svc_digits,ags_1_climber,0,12,57,0.0
svc_digits,ags_1_climber,0,13,62,0.0
svc_digits,ags_1_climber,0,14,64,0.0
svc_digits,ags_1_climber,0,15,66,0.0
svc_digits,ags_1_climber,0,16,69,0.0
svc_digits,ags_1_climber,0,17,74,0.0
svc_digits,ags_1_climber,0,18,79,0.0
svc_digits,ags_1_climber,0,19,84,0.0
svc_digits,ags_1_climber,0,20,89,0.0
svc_digits,ags_1_climber,0,21,93,0.0
svc_digits,ags_1_climber,0,22,98,0.0
svc_digits,ags_1_climber,0,23,100,0.0
svc_digits,ags_1_climber,0,24,102,0.0
svc_digits,ags_1_climber,0,25,104,0.0
svc_digits,ags_1_climber,0,26,107,0.0
svc_digits,ags_1_climber,0,27,110,0.0
svc_digits,ags_1_climber,0,28,112,0.0
svc_digits,ags_1_climber,0,29,114,0.0
svc_digits,ags_1_climber,0,30,117,0.0
svc_digits,ags_1_climber,0,31,122,0.0
svc_digits,ags_1_climber,0,32,127,0.0
svc_digits,ags_1_climber,0,33,130,0.0
svc_digits,ags_1_climber,0,34,133,0.0
svc_digits,ags_1_climber,0,35,135,0.0
svc_digits,ags_1_climber,0,36,139,0.0
svc_digits,ags_1_climber,0,37,144,0.0
svc_digits,ags_1_climber,0,38,149,0.0
svc_digits,ags_1_climber,0,39,153,0.0
svc_digits,ags_1_climber,0,40,155,0.0
svc_digits,ags_1_climber,1,1,5,0.17999999999999983
svc_digits,ags_1_climber,1,2,10,0.17999999999999983
svc_digits,ags_1_climber,1,3,15,0.17999999999999983
svc_digits,ags_1_climber,1,4,20,0.17999999999999983
svc_digits,ags_1_climber,1,5,25,0.17866666666666653
svc_digits,ags_1_climber,1,6,30,0.17866666666666653
svc_digits,ags_1_climber,1,7,35,0.17866666666666653
svc_digits,ags_1_climber,1,8,40,0.053333333333333344
svc_digits,ags_1_climber,1,9,45,0.027999999999999803
svc_digits,ags_1_climber,1,10,50,0.027999999999999803
svc_digits,ags_1_climber,1,11,55,0.026666666666666616
svc_digits,ags_1_climber,1,12,60,0.026666666666666616
svc_digits,ags_1_climber,1,13,65,0.02400000000000002
svc_digits,ags_1_climber,1,14,70,0.02400000000000002
svc_digits,ags_1_climber,1,15,75,0.02400000000000002
svc_digits,ags_1_climber,1,16,77,0.02400000000000002
svc_digits,ags_1_climber,1,17,82,0.010666666666666602
svc_digits,ags_1_climber,1,18,87,0.010666666666666602
svc_digits,ags_1_climber,1,19,92,0.010666666666666602
svc_digits,ags_1_climber,1,20,97,0.010666666666666602
svc_digits,ags_1_climber,1,21,102,0.010666666666666602
svc_digits,ags_1_climber,1,22,107,0.010666666666666602
svc_digits,ags_1_climber,1,23,112,0.010666666666666602
svc_digits,ags_1_climber,1,24,117,0.010666666666666602
svc_digits,ags_1_climber,1,25,119,0.010666666666666602
svc_digits,ags_1_climber,1,26,121,0.010666666666666602
svc_digits,ags_1_climber,1,27,126,0.010666666666666602
svc_digits,ags_1_climber,1,28,131,0.010666666666666602
svc_digits,ags_1_climber,1,29,136,0.010666666666666602
svc_digits,ags_1_climber,1,30,138,0.010666666666666602
svc_digits,ags_1_climber,1,31,140,0.010666666666666602
svc_digits,ags_1_climber,1,32,143,0.010666666666666602
svc_digits,ags_1_climber,1,33,146,0.010666666666666602
svc_digits,ags_1_climber,1,34,149,0.010666666666666602
svc_digits,ags_1_climber,1,35,152,0.010666666666666602
svc_digits,ags_1_climber,1,36,157,0.010666666666666602
svc_digits,ags_1_climber,1,37,159,0.010666666666666602
svc_digits,ags_1_climber,1,38,161,0.010666666666666602
svc_digits,ags_1_climber,1,39,163,0.010666666666666602
svc_digits,ags_1_climber,1,40,168,0.0013333333333334085
svc_digits,ags_1_climber,2,1,5,0.010666666666666602
svc_digits,ags_1_climber,2,2,10,0.011999999999999789
svc_digits,ags_1_climber,2,3,15,0.011999999999999789
svc_digits,ags_1_climber,2,4,20,0.008000000000000007
svc_digits,ags_1_climber,2,5,25,0.008000000000000007
svc_digits,ags_1_climber,2,6,30,0.008000000000000007
svc_digits,ags_1_climber,2,7,35,0.008000000000000007
svc_digits,ags_1_climber,2,8,40,0.008000000000000007
svc_digits,ags_1_climber,2,9,45,0.008000000000000007
svc_digits,ags_1_climber,2,10,50,0.006666666666666599
svc_digits,ags_1_climber,2,11,55,0.006666666666666599
svc_digits,ags_1_climber,2,12,60,0.006666666666666599
svc_digits,ags_1_climber,2,13,65,0.006666666666666599
svc_digits,ags_1_climber,2,14,67,0.006666666666666599
svc_digits,ags_1_climber,2,15,69,0.006666666666666599
svc_digits,ags_1_climber,2,16,71,0.006666666666666599
svc_digits,ags_1_climber,2,17,76,0.006666666666666599
svc_digits,ags_1_climber,2,18,81,0.006666666666666599
svc_digits,ags_1_climber,2,19,86,0.006666666666666599
svc_digits,ags_1_climber,2,20,91,0.006666666666666599
svc_digits,ags_1_climber,2,21,96,0.00533333333333319
svc_digits,ags_1_climber,2,22,101,0.00533333333333319
svc_digits,ags_1_climber,2,23,106,0.00533333333333319
svc_digits,ags_1_climber,2,24,111,0.00533333333333319
svc_digits,ags_1_climber,2,25,113,0.00533333333333319
svc_digits,ags_1_climber,2,26,115,0.00533333333333319
svc_digits,ags_1_climber,2,27,117,0.00533333333333319
svc_digits,ags_1_climber,2,28,119,0.00533333333333319
svc_digits,ags_1_climber,2,29,122,0.00533333333333319
svc_digits,ags_1_climber,2,30,125,0.00533333333333319
svc_digits,ags_1_climber,2,31,130,0.00533333333333319
svc_digits,ags_1_climber,2,32,134,0.00533333333333319
svc_digits,ags_1_climber,2,33,139,0.00533333333333319
svc_digits,ags_1_climber,2,34,143,0.00533333333333319
svc_digits,ags_1_climber,2,35,145,0.00533333333333319
svc_digits,ags_1_climber,2,36,147,0.00533333333333319
svc_digits,ags_1_climber,2,37,152,0.00533333333333319
svc_digits,ags_1_climber,2,38,157,0.0013333333333334085
svc_digits,ags_1_climber,2,39,161,0.0013333333333334085
svc_digits,ags_1_climber,2,40,163,0.0013333333333334085
svc_digits,ags_1_climber,3,1,5,0.7986666666666666
svc_digits,ags_1_climber,3,2,10,0.7986666666666666
svc_digits,ags_1_climber,3,3,15,0.7986666666666666
svc_digits,ags_1_climber,3,4,20,0.7986666666666666
svc_digits,ags_1_climber,3,5,25,0.6013333333333333
svc_digits,ags_1_climber,3,6,30,0.6013333333333333
svc_digits,ags_1_climber,3,7,35,0.6013333333333333
svc_digits,ags_1_climber,3,8,40,0.6013333333333333
svc_digits,ags_1_climber,3,9,45,0.011999999999999789
svc_digits,ags_1_climber,3,10,50,0.010666666666666602
svc_digits,ags_1_climber,3,11,55,0.00533333333333319
svc_digits,ags_1_climber,3,12,60,0.00533333333333319
svc_digits,ags_1_climber,3,13,65,0.00533333333333319
svc_digits,ags_1_climber,3,14,70,0.00533333333333319
svc_digits,ags_1_climber,3,15,75,0.00533333333333319
svc_digits,ags_1_climber,3,16,80,0.00533333333333319
svc_digits,ags_1_climber,3,17,85,0.00533333333333319
svc_digits,ags_1_climber,3,18,90,0.00533333333333319
svc_digits,ags_1_climber,3,19,95,0.00533333333333319
svc_digits,ags_1_climber,3,20,100,0.00533333333333319
svc_digits,ags_1_climber,3,21,105,0.00533333333333319
svc_digits,ags_1_climber,3,22,110,0.00533333333333319
svc_digits,ags_1_climber,3,23,115,0.00533333333333319
svc_digits,ags_1_climber,3,24,120,0.00533333333333319
svc_digits,ags_1_climber,3,25,125,0.00533333333333319
svc_digits,ags_1_climber,3,26,130,0.00533333333333319
svc_digits,ags_1_climber,3,27,135,0.00533333333333319
svc_digits,ags_1_climber,3,28,140,0.00533333333333319
svc_digits,ags_1_climber,3,29,145,0.00533333333333319
svc_digits,ags_1_climber,3,30,150,0.00533333333333319
svc_digits,ags_1_climber,3,31,155,0.00533333333333319
svc_digits,ags_1_climber,3,32,160,0.00533333333333319
svc_digits,ags_1_climber,3,33,165,0.00533333333333319
svc_digits,ags_1_climber,3,34,170,0.00533333333333319
svc_digits,ags_1_climber,3,35,175,0.00533333333333319
svc_digits,ags_1_climber,3,36,180,0.00533333333333319
svc_digits,ags_1_climber,3,37,185,0.00533333333333319
svc_digits,ags_1_climber,3,38,187,0.00533333333333319
svc_digits,ags_1_climber,3,39,192,0.00533333333333319
svc_digits,ags_1_climber,3,40,197,0.00533333333333319
svc_digits,ags_1_climber,4,1,5,0.7986666666666666
svc_digits,ags_1_climber,4,2,10,0.30133333333333323
svc_digits,ags_1_climber,4,3,15,0.02533333333333343
svc_digits,ags_1_climber,4,4,20,0.02533333333333343
svc_digits,ags_1_climber,4,5,25,0.02533333333333343
svc_digits,ags_1_climber,4,6,30,0.02533333333333343
svc_digits,ags_1_climber,4,7,35,0.02533333333333343
svc_digits,ags_1_climber,4,8,40,0.02533333333333343
svc_digits,ags_1_climber,4,9,45,0.02533333333333343
svc_digits,ags_1_climber,4,10,50,0.02533333333333343
svc_digits,ags_1_climber,4,11,55,0.02533333333333343
svc_digits,ags_1_climber,4,12,57,0.02533333333333343
svc_digits,ags_1_climber,4,13,59,0.02533333333333343
svc_digits,ags_1_climber,4,14,61,0.02533333333333343
svc_digits,ags_1_climber,4,15,66,0.02533333333333343
svc_digits,ags_1_climber,4,16,71,0.02533333333333343
svc_digits,ags_1_climber,4,17,76,0.02533333333333343
svc_digits,ags_1_climber,4,18,81,0.02533333333333343
svc_digits,ags_1_climber,4,19,86,0.02533333333333343
svc_digits,ags_1_climber,4,20,91,0.011999999999999789
svc_digits,ags_1_climber,4,21,96,0.0013333333333334085
svc_digits,ags_1_climber,4,22,101,0.0013333333333334085
svc_digits,ags_1_climber,4,23,106,0.0013333333333334085
svc_digits,ags_1_climber,4,24,111,0.0013333333333334085
svc_digits,ags_1_climber,4,25,116,0.0013333333333334085
svc_digits,ags_1_climber,4,26,121,0.0013333333333334085
svc_digits,ags_1_climber,4,27,126,0.0013333333333334085
svc_digits,ags_1_climber,4,28,131,0.0013333333333334085
svc_digits,ags_1_climber,4,29,136,0.0013333333333334085
svc_digits,ags_1_climber,4,30,141,0.0013333333333334085
svc_digits,ags_1_climber,4,31,143,0.0013333333333334085
svc_digits,ags_1_climber,4,32,145,0.0013333333333334085
svc_digits,ags_1_climber,4,33,147,0.0013333333333334085
svc_digits,ags_1_climber,4,34,152,0.0013333333333334085
svc_digits,ags_1_climber,4,35,154,0.0013333333333334085
svc_digits,ags_1_climber,4,36,156,0.0013333333333334085
svc_digits,ags_1_climber,4,37,158,0.0013333333333334085
svc_digits,ags_1_climber,4,38,163,0.0013333333333334085
svc_digits,ags_1_climber,4,39,168,0.0013333333333334085
svc_digits,ags_1_climber,4,40,173,0.0013333333333334085
svc_digits,ags_1_climber,5,1,5,0.009333333333333416
svc_digits,ags_1_climber,5,2,10,0.0039999999999997815
svc_digits,ags_1_climber,5,3,15,0.0039999999999997815
svc_digits,ags_1_climber,5,4,20,0.0039999999999997815
svc_digits,ags_1_climber,5,5,25,0.0039999999999997815
svc_digits,ags_1_climber,5,6,30,0.0039999999999997815
svc_digits,ags_1_climber,5,7,35,0.0039999999999997815
svc_digits,ags_1_climber,5,8,40,0.0039999999999997815
svc_digits,ags_1_climber,5,9,45,0.0039999999999997815
svc_digits,ags_1_climber,5,10,50,0.0039999999999997815
svc_digits,ags_1_climber,5,11,55,0.0039999999999997815
svc_digits,ags_1_climber,5,12,60,0.0039999999999997815
svc_digits,ags_1_climber,5,13,65,0.0039999999999997815
svc_digits,ags_1_climber,5,14,70,0.0039999999999997815
svc_digits,ags_1_climber,5,15,72,0.0039999999999997815
svc_digits,ags_1_climber,5,16,74,0.0039999999999997815
svc_digits,ags_1_climber,5,17,77,0.0039999999999997815
svc_digits,ags_1_climber,5,18,80,0.0039999999999997815
svc_digits,ags_1_climber,5,19,84,0.0039999999999997815
svc_digits,ags_1_climber,5,20,89,0.0039999999999997815
svc_digits,ags_1_climber,5,21,94,0.0039999999999997815
svc_digits,ags_1_climber,5,22,99,0.0039999999999997815
svc_digits,ags_1_climber,5,23,104,0.0039999999999997815
svc_digits,ags_1_climber,5,24,106,0.0039999999999997815
svc_digits,ags_1_climber,5,25,108,0.0039999999999997815
svc_digits,ags_1_climber,5,26,112,0.0039999999999997815
svc_digits,ags_1_climber,5,27,114,0.0039999999999997815
svc_digits,ags_1_climber,5,28,116,0.0039999999999997815
svc_digits,ags_1_climber,5,29,118,0.0039999999999997815
svc_digits,ags_1_climber,5,30,120,0.0039999999999997815
svc_digits,ags_1_climber,5,31,122,0.0039999999999997815
svc_digits,ags_1_climber,5,32,124,0.0039999999999997815
svc_digits,ags_1_climber,5,33,127,0.0039999999999997815
svc_digits,ags_1_climber,5,34,130,0.0039999999999997815
svc_digits,ags_1_climber,5,35,134,0.0039999999999997815
svc_digits,ags_1_climber,5,36,139,0.0039999999999997815
svc_digits,ags_1_climber,5,37,142,0.0039999999999997815
svc_digits,ags_1_climber,5,38,144,0.0039999999999997815
svc_digits,ags_1_climber,5,39,149,0.0039999999999997815
svc_digits,ags_1_climber,5,40,151,0.0039999999999997815
svc_digits,ags_1_climber,6,1,5,0.32133333333333325
svc_digits,ags_1_climber,6,2,10,0.025333333333333208
svc_digits,ags_1_climber,6,3,15,0.025333333333333208
svc_digits,ags_1_climber,6,4,20,0.025333333333333208
svc_digits,ags_1_climber,6,5,25,0.025333333333333208
svc_digits,ags_1_climber,6,6,30,0.025333333333333208
svc_digits,ags_1_climber,6,7,35,0.025333333333333208
svc_digits,ags_1_climber,6,8,40,0.025333333333333208
svc_digits,ags_1_climber,6,9,45,0.025333333333333208
svc_digits,ags_1_climber,6,10,50,0.025333333333333208
svc_digits,ags_1_climber,6,11,52,0.025333333333333208
svc_digits,ags_1_climber,6,12,57,0.025333333333333208
svc_digits,ags_1_climber,6,13,62,0.011999999999999789
svc_digits,ags_1_climber,6,14,67,0.011999999999999789
svc_digits,ags_1_climber,6,15,72,0.011999999999999789
svc_digits,ags_1_climber,6,16,77,0.011999999999999789
svc_digits,ags_1_climber,6,17,82,0.006666666666666599
svc_digits,ags_1_climber,6,18,87,0.006666666666666599
svc_digits,ags_1_climber,6,19,92,0.006666666666666599
svc_digits,ags_1_climber,6,20,97,0.006666666666666599
svc_digits,ags_1_climber,6,21,102,0.011999999999999789
svc_digits,ags_1_climber,6,22,107,0.011999999999999789
svc_digits,ags_1_climber,6,23,112,0.011999999999999789
svc_digits,ags_1_climber,6,24,117,0.011999999999999789
svc_digits,ags_1_climber,6,25,122,0.011999999999999789
svc_digits,ags_1_climber,6,26,127,0.0013333333333334085
svc_digits,ags_1_climber,6,27,132,0.0013333333333334085
svc_digits,ags_1_climber,6,28,137,0.0013333333333334085
svc_digits,ags_1_climber,6,29,142,0.0013333333333334085
svc_digits,ags_1_climber,6,30,147,0.0013333333333334085
svc_digits,ags_1_climber,6,31,152,0.0013333333333334085
svc_digits,ags_1_climber,6,32,157,0.0013333333333334085
svc_digits,ags_1_climber,6,33,162,0.0013333333333334085
svc_digits,ags_1_climber,6,34,167,0.0013333333333334085
svc_digits,ags_1_climber,6,35,172,0.0013333333333334085
svc_digits,ags_1_climber,6,36,177,0.0013333333333334085
svc_digits,ags_1_climber,6,37,182,0.0013333333333334085
svc_digits,ags_1_climber,6,38,187,0.0013333333333334085
svc_digits,ags_1_climber,6,39,192,0.0013333333333334085
svc_digits,ags_1_climber,6,40,197,0.0013333333333334085
svc_digits,ags_1_climber,7,1,5,0.011999999999999789
svc_digits,ags_1_climber,7,2,10,0.011999999999999789
svc_digits,ags_1_climber,7,3,15,0.011999999999999789
svc_digits,ags_1_climber,7,4,20,0.011999999999999789
svc_digits,ags_1_climber,7,5,25,0.009333333333333416
svc_digits,ags_1_climber,7,6,30,0.009333333333333416
svc_digits,ags_1_climber,7,7,35,0.009333333333333416
svc_digits,ags_1_climber,7,8,40,0.009333333333333416
svc_digits,ags_1_climber,7,9,45,0.009333333333333416
svc_digits,ags_1_climber,7,10,50,0.009333333333333416
svc_digits,ags_1_climber,7,11,53,0.009333333333333416
svc_digits,ags_1_climber,7,12,58,0.009333333333333416
svc_digits,ags_1_climber,7,13,63,0.00533333333333319
svc_digits,ags_1_climber,7,14,68,0.0039999999999997815
svc_digits,ags_1_climber,7,15,73,0.0039999999999997815
svc_digits,ags_1_climber,7,16,78,0.0039999999999997815
svc_digits,ags_1_climber,7,17,83,0.0039999999999997815
svc_digits,ags_1_climber,7,18,85,0.0039999999999997815
svc_digits,ags_1_climber,7,19,87,0.0039999999999997815
svc_digits,ags_1_climber,7,20,89,0.0039999999999997815
svc_digits,ags_1_climber,7,21,91,0.0039999999999997815
svc_digits,ags_1_climber,7,22,93,0.0039999999999997815
svc_digits,ags_1_climber,7,23,96,0.0039999999999997815
svc_digits,ags_1_climber,7,24,101,0.0039999999999997815
svc_digits,ags_1_climber,7,25,104,0.0039999999999997815
svc_digits,ags_1_climber,7,26,109,0.0039999999999997815
svc_digits,ags_1_climber,7,27,111,0.0039999999999997815
svc_digits,ags_1_climber,7,28,116,0.0039999999999997815
svc_digits,ags_1_climber,7,29,121,0.0013333333333334085
svc_digits,ags_1_climber,7,30,124,0.0013333333333334085
svc_digits,ags_1_climber,7,31,126,0.0013333333333334085
svc_digits,ags_1_climber,7,32,128,0.0013333333333334085
svc_digits,ags_1_climber,7,33,130,0.0013333333333334085
svc_digits,ags_1_climber,7,34,133,0.0013333333333334085
svc_digits,ags_1_climber,7,35,138,0.0013333333333334085
svc_digits,ags_1_climber,7,36,143,0.0013333333333334085
svc_digits,ags_1_climber,7,37,146,0.0013333333333334085
svc_digits,ags_1_climber,7,38,149,0.0013333333333334085
svc_digits,ags_1_climber,7,39,152,0.0013333333333334085
svc_digits,ags_1_climber,7,40,157,0.0013333333333334085
svc_digits,ags_1_climber,8,1,5,0.7986666666666666
svc_digits,ags_1_climber,8,2,10,0.7986666666666666
svc_digits,ags_1_climber,8,3,15,0.7986666666666666
svc_digits,ags_1_climber,8,4,20,0.7986666666666666
svc_digits,ags_1_climber,8,5,25,0.6013333333333333
svc_digits,ags_1_climber,8,6,30,0.17866666666666653
svc_digits,ags_1_climber,8,7,35,0.053333333333333344
svc_digits,ags_1_climber,8,8,40,0.053333333333333344
svc_digits,ags_1_climber,8,9,45,0.053333333333333344
svc_digits,ags_1_climber,8,10,50,0.053333333333333344
svc_digits,ags_1_climber,8,11,55,0.00533333333333319
svc_digits,ags_1_climber,8,12,60,0.00533333333333319
svc_digits,ags_1_climber,8,13,65,0.00533333333333319
svc_digits,ags_1_climber,8,14,70,0.00533333333333319
svc_digits,ags_1_climber,8,15,75,0.00533333333333319
svc_digits,ags_1_climber,8,16,80,0.00533333333333319
svc_digits,ags_1_climber,8,17,85,0.00533333333333319
svc_digits,ags_1_climber,8,18,90,0.00533333333333319
svc_digits,ags_1_climber,8,19,95,0.00533333333333319
svc_digits,ags_1_climber,8,20,100,0.00533333333333319
svc_digits,ags_1_climber,8,21,105,0.00533333333333319
svc_digits,ags_1_climber,8,22,110,0.00533333333333319
svc_digits,ags_1_climber,8,23,115,0.00533333333333319
svc_digits,ags_1_climber,8,24,120,0.00533333333333319
svc_digits,ags_1_climber,8,25,125,0.00533333333333319
svc_digits,ags_1_climber,8,26,130,0.00533333333333319
svc_digits,ags_1_climber,8,27,135,0.00533333333333319
svc_digits,ags_1_climber,8,28,140,0.00533333333333319
svc_digits,ags_1_climber,8,29,145,0.00533333333333319
svc_digits,ags_1_climber,8,30,150,0.00533333333333319
svc_digits,ags_1_climber,8,31,155,0.00533333333333319
svc_digits,ags_1_climber,8,32,160,0.00533333333333319
svc_digits,ags_1_climber,8,33,165,0.00533333333333319
svc_digits,ags_1_climber,8,34,170,0.00533333333333319
svc_digits,ags_1_climber,8,35,175,0.00533333333333319
svc_digits,ags_1_climber,8,36,180,0.00533333333333319
svc_digits,ags_1_climber,8,37,185,0.00533333333333319
svc_digits,ags_1_climber,8,38,190,0.00533333333333319
svc_digits,ags_1_climber,8,39,195,0.00533333333333319
svc_digits,ags_1_climber,8,40,200,0.00533333333333319
svc_digits,ags_1_climber,9,1,5,0.0013333333333334085
svc_digits,ags_1_climber,9,2,10,0.0013333333333334085
svc_digits,ags_1_climber,9,3,15,0.0013333333333334085
svc_digits,ags_1_climber,9,4,20,0.0013333333333334085
svc_digits,ags_1_climber,9,5,25,0.0013333333333334085
svc_digits,ags_1_climber,9,6,30,0.0013333333333334085
svc_digits,ags_1_climber,9,7,35,0.0013333333333334085
svc_digits,ags_1_climber,9,8,40,0.0013333333333334085
svc_digits,ags_1_climber,9,9,45,0.0013333333333334085
svc_digits,ags_1_climber,9,10,50,0.0013333333333334085
svc_digits,ags_1_climber,9,11,55,0.0013333333333334085
svc_digits,ags_1_climber,9,12,60,0.0013333333333334085
svc_digits,ags_1_climber,9,13,62,0.0013333333333334085
svc_digits,ags_1_climber,9,14,64,0.0013333333333334085
svc_digits,ags_1_climber,9,15,69,0.0013333333333334085
svc_digits,ags_1_climber,9,16,74,0.0013333333333334085
svc_digits,ags_1_climber,9,17,79,0.0013333333333334085
svc_digits,ags_1_climber,9,18,84,0.0013333333333334085
svc_digits,ags_1_climber,9,19,89,0.0013333333333334085
svc_digits,ags_1_climber,9,20,94,0.0013333333333334085
svc_digits,ags_1_climber,9,21,96,0.0013333333333334085
svc_digits,ags_1_climber,9,22,101,0.0013333333333334085
svc_digits,ags_1_climber,9,23,106,0.0013333333333334085
svc_digits,ags_1_climber,9,24,111,0.0013333333333334085
svc_digits,ags_1_climber,9,25,116,0.0013333333333334085
svc_digits,ags_1_climber,9,26,119,0.0013333333333334085
svc_digits,ags_1_climber,9,27,124,0.0013333333333334085
svc_digits,ags_1_climber,9,28,129,0.0013333333333334085
svc_digits,ags_1_climber,9,29,134,0.0013333333333334085
svc_digits,ags_1_climber,9,30,139,0.0013333333333334085
svc_digits,ags_1_climber,9,31,144,0.0
svc_digits,ags_1_climber,9,32,149,0.0
svc_digits,ags_1_climber,9,33,154,0.0
svc_digits,ags_1_climber,9,34,159,0.0
svc_digits,ags_1_climber,9,35,164,0.0
svc_digits,ags_1_climber,9,36,169,0.0
svc_digits,ags_1_climber,9,37,174,0.0
svc_digits,ags_1_climber,9,38,179,0.0
svc_digits,ags_1_climber,9,39,184,0.0
svc_digits,ags_1_climber,9,40,186,0.0
svc_digits,ags_no_prune,0,1,5,0.011999999999999789
svc_digits,ags_no_prune,0,2,10,0.011999999999999789
svc_digits,ags_no_prune,0,3,15,0.011999999999999789
svc_digits,ags_no_prune,0,4,20,0.011999999999999789
svc_digits,ags_no_prune,0,5,25,0.011999999999999789
svc_digits,ags_no_prune,0,6,30,0.011999999999999789
svc_digits,ags_no_prune,0,7,35,0.011999999999999789
svc_digits,ags_no_prune,0,8,40,0.011999999999999789
svc_digits,ags_no_prune,0,9,45,0.011999999999999789
svc_digits,ags_no_prune,0,10,50,0.011999999999999789
svc_digits,ags_no_prune,0,11,55,0.011999999999999789
svc_digits,ags_no_prune,0,12,60,0.011999999999999789
svc_digits,ags_no_prune,0,13,65,0.011999999999999789
svc_digits,ags_no_prune,0,14,70,0.006666666666666599
svc_digits,ags_no_prune,0,15,75,0.006666666666666599
svc_digits,ags_no_prune,0,16,80,0.006666666666666599
svc_digits,ags_no_prune,0,17,85,0.006666666666666599
svc_digits,ags_no_prune,0,18,90,0.006666666666666599
svc_digits,ags_no_prune,0,19,95,0.006666666666666599
svc_digits,ags_no_prune,0,20,100,0.006666666666666599
svc_digits,ags_no_prune,0,21,105,0.006666666666666599
svc_digits,ags_no_prune,0,22,110,0.006666666666666599
svc_digits,ags_no_prune,0,23,115,0.006666666666666599
svc_digits,ags_no_prune,0,24,120,0.006666666666666599
svc_digits,ags_no_prune,0,25,125,0.006666666666666599
svc_digits,ags_no_prune,0,26,130,0.006666666666666599
svc_digits,ags_no_prune,0,27,135,0.006666666666666599
svc_digits,ags_no_prune,0,28,140,0.006666666666666599
svc_digits,ags_no_prune,0,29,145,0.006666666666666599
svc_digits,ags_no_prune,0,30,150,0.006666666666666599
svc_digits,ags_no_prune,0,31,155,0.006666666666666599
svc_digits,ags_no_prune,0,32,160,0.006666666666666599
svc_digits,ags_no_prune,0,33,165,0.006666666666666599
svc_digits,ags_no_prune,0,34,170,0.006666666666666599
svc_digits,ags_no_prune,0,35,175,0.006666666666666599
svc_digits,ags_no_prune,0,36,180,0.006666666666666599
svc_digits,ags_no_prune,0,37,185,0.006666666666666599
svc_digits,ags_no_prune,0,38,190,0.006666666666666599
svc_digits,ags_no_prune,0,39,195,0.006666666666666599
svc_digits,ags_no_prune,0,40,200,0.006666666666666599
svc_digits,ags_no_prune,1,1,5,0.17999999999999983
svc_digits,ags_no_prune,1,2,10,0.17999999999999983
svc_digits,ags_no_prune,1,3,15,0.02533333333333343
svc_digits,ags_no_prune,1,4,20,0.02533333333333343
svc_digits,ags_no_prune,1,5,25,0.02533333333333343
svc_digits,ags_no_prune,1,6,30,0.0013333333333334085
svc_digits,ags_no_prune,1,7,35,0.0013333333333334085
svc_digits,ags_no_prune,1,8,40,0.0013333333333334085
svc_digits,ags_no_prune,1,9,45,0.0013333333333334085
svc_digits,ags_no_prune,1,10,50,0.0013333333333334085
svc_digits,ags_no_prune,1,11,55,0.0013333333333334085
svc_digits,ags_no_prune,1,12,60,0.0013333333333334085
svc_digits,ags_no_prune,1,13,65,0.0013333333333334085
svc_digits,ags_no_prune,1,14,70,0.0013333333333334085
svc_digits,ags_no_prune,1,15,75,0.0013333333333334085
svc_digits,ags_no_prune,1,16,80,0.0013333333333334085
svc_digits,ags_no_prune,1,17,85,0.0013333333333334085
svc_digits,ags_no_prune,1,18,90,0.0013333333333334085
svc_digits,ags_no_prune,1,19,95,0.0013333333333334085
svc_digits,ags_no_prune,1,20,100,0.0013333333333334085
svc_digits,ags_no_prune,1,21,105,0.0013333333333334085
svc_digits,ags_no_prune,1,22,110,0.0013333333333334085
svc_digits,ags_no_prune,1,23,115,0.0013333333333334085
svc_digits,ags_no_prune,1,24,120,0.0013333333333334085
svc_digits,ags_no_prune,1,25,125,0.0013333333333334085
svc_digits,ags_no_prune,1,26,130,0.0013333333333334085
svc_digits,ags_no_prune,1,27,135,0.0013333333333334085
svc_digits,ags_no_prune,1,28,140,0.0013333333333334085
svc_digits,ags_no_prune,1,29,145,0.0013333333333334085
svc_digits,ags_no_prune,1,30,150,0.0013333333333334085
svc_digits,ags_no_prune,1,31,155,0.0013333333333334085
svc_digits,ags_no_prune,1,32,160,0.0013333333333334085
svc_digits,ags_no_prune,1,33,165,0.0013333333333334085
svc_digits,ags_no_prune,1,34,170,0.0013333333333334085
svc_digits,ags_no_prune,1,35,175,0.0013333333333334085
svc_digits,ags_no_prune,1,36,180,0.0013333333333334085
svc_digits,ags_no_prune,1,37,185,0.0013333333333334085
svc_digits,ags_no_prune,1,38,190,0.0013333333333334085
svc_digits,ags_no_prune,1,39,195,0.0013333333333334085
svc_digits,ags_no_prune,1,40,200,0.0013333333333334085
svc_digits,ags_no_prune,2,1,5,0.010666666666666602
svc_digits,ags_no_prune,2,2,10,0.010666666666666602
svc_digits,ags_no_prune,2,3,15,0.010666666666666602
svc_digits,ags_no_prune,2,4,20,0.006666666666666599
svc_digits,ags_no_prune,2,5,25,0.006666666666666599
svc_digits,ags_no_prune,2,6,30,0.006666666666666599
svc_digits,ags_no_prune,2,7,35,0.006666666666666599
svc_digits,ags_no_prune,2,8,40,0.006666666666666599
svc_digits,ags_no_prune,2,9,45,0.006666666666666599
svc_digits,ags_no_prune,2,10,50,0.006666666666666599
svc_digits,ags_no_prune,2,11,55,0.006666666666666599
svc_digits,ags_no_prune,2,12,60,0.006666666666666599
svc_digits,ags_no_prune,2,13,65,0.0013333333333334085
svc_digits,ags_no_prune,2,14,70,0.0013333333333334085
svc_digits,ags_no_prune,2,15,75,0.0013333333333334085
svc_digits,ags_no_prune,2,16,80,0.0013333333333334085
svc_digits,ags_no_prune,2,17,85,0.0013333333333334085
svc_digits,ags_no_prune,2,18,90,0.0013333333333334085
svc_digits,ags_no_prune,2,19,95,0.0013333333333334085
svc_digits,ags_no_prune,2,20,100,0.0013333333333334085
svc_digits,ags_no_prune,2,21,105,0.0013333333333334085
svc_digits,ags_no_prune,2,22,110,0.0013333333333334085
svc_digits,ags_no_prune,2,23,115,0.0013333333333334085
svc_digits,ags_no_prune,2,24,120,0.0013333333333334085
svc_digits,ags_no_prune,2,25,125,0.0013333333333334085
svc_digits,ags_no_prune,2,26,130,0.0013333333333334085
svc_digits,ags_no_prune,2,27,135,0.0013333333333334085
svc_digits,ags_no_prune,2,28,140,0.0013333333333334085
svc_digits,ags_no_prune,2,29,145,0.0013333333333334085
svc_digits,ags_no_prune,2,30,150,0.0013333333333334085
svc_digits,ags_no_prune,2,31,155,0.0013333333333334085
svc_digits,ags_no_prune,2,32,160,0.0013333333333334085
svc_digits,ags_no_prune,2,33,165,0.0013333333333334085
svc_digits,ags_no_prune,2,34,170,0.0013333333333334085
svc_digits,ags_no_prune,2,35,175,0.0013333333333334085
svc_digits,ags_no_prune,2,36,180,0.0013333333333334085
svc_digits,ags_no_prune,2,37,185,0.0013333333333334085
svc_digits,ags_no_prune,2,38,190,0.0013333333333334085
svc_digits,ags_no_prune,2,39,195,0.0013333333333334085
svc_digits,ags_no_prune,2,40,200,0.0013333333333334085
svc_digits,ags_no_prune,3,1,5,0.7986666666666666
svc_digits,ags_no_prune,3,2,10,0.6013333333333333
svc_digits,ags_no_prune,3,3,15,0.010666666666666602
svc_digits,ags_no_prune,3,4,20,0.010666666666666602
svc_digits,ags_no_prune,3,5,25,0.010666666666666602
svc_digits,ags_no_prune,3,6,30,0.010666666666666602
svc_digits,ags_no_prune,3,7,35,0.010666666666666602
svc_digits,ags_no_prune,3,8,40,0.010666666666666602
svc_digits,ags_no_prune,3,9,45,0.010666666666666602
svc_digits,ags_no_prune,3,10,50,0.0013333333333334085
svc_digits,ags_no_prune,3,11,55,0.0013333333333334085
svc_digits,ags_no_prune,3,12,60,0.0013333333333334085
svc_digits,ags_no_prune,3,13,65,0.0013333333333334085
svc_digits,ags_no_prune,3,14,70,0.0013333333333334085
svc_digits,ags_no_prune,3,15,75,0.0013333333333334085
svc_digits,ags_no_prune,3,16,80,0.0013333333333334085
svc_digits,ags_no_prune,3,17,85,0.0013333333333334085
svc_digits,ags_no_prune,3,18,90,0.0013333333333334085
svc_digits,ags_no_prune,3,19,95,0.0013333333333334085
svc_digits,ags_no_prune,3,20,100,0.0013333333333334085
svc_digits,ags_no_prune,3,21,105,0.0013333333333334085
svc_digits,ags_no_prune,3,22,110,0.0013333333333334085
svc_digits,ags_no_prune,3,23,115,0.0013333333333334085
svc_digits,ags_no_prune,3,24,120,0.0013333333333334085
svc_digits,ags_no_prune,3,25,125,0.0013333333333334085
svc_digits,ags_no_prune,3,26,130,0.0013333333333334085
svc_digits,ags_no_prune,3,27,135,0.0013333333333334085
svc_digits,ags_no_prune,3,28,140,0.0013333333333334085
svc_digits,ags_no_prune,3,29,145,0.0013333333333334085
svc_digits,ags_no_prune,3,30,150,0.0013333333333334085
svc_digits,ags_no_prune,3,31,155,0.0013333333333334085
svc_digits,ags_no_prune,3,32,160,0.0013333333333334085
svc_digits,ags_no_prune,3,33,165,0.0013333333333334085
svc_digits,ags_no_prune,3,34,170,0.0013333333333334085
svc_digits,ags_no_prune,3,35,175,0.0013333333333334085
svc_digits,ags_no_prune,3,36,180,0.0013333333333334085
svc_digits,ags_no_prune,3,37,185,0.0013333333333334085
svc_digits,ags_no_prune,3,38,190,0.0013333333333334085
svc_digits,ags_no_prune,3,39,195,0.0013333333333334085
svc_digits,ags_no_prune,3,40,200,0.0
svc_digits,ags_no_prune,4,1,5,0.7986666666666666
svc_digits,ags_no_prune,4,2,10,0.6013333333333333
svc_digits,ags_no_prune,4,3,15,0.010666666666666602
svc_digits,ags_no_prune,4,4,20,0.010666666666666602
svc_digits,ags_no_prune,4,5,25,0.010666666666666602
svc_digits,ags_no_prune,4,6,30,0.010666666666666602
svc_digits,ags_no_prune,4,7,35,0.010666666666666602
svc_digits,ags_no_prune,4,8,40,0.010666666666666602
svc_digits,ags_no_prune,4,9,45,0.010666666666666602
svc_digits,ags_no_prune,4,10,50,0.0013333333333334085
svc_digits,ags_no_prune,4,11,55,0.0013333333333334085
svc_digits,ags_no_prune,4,12,60,0.0013333333333334085
svc_digits,ags_no_prune,4,13,65,0.0013333333333334085
svc_digits,ags_no_prune,4,14,70,0.0013333333333334085
svc_digits,ags_no_prune,4,15,75,0.0013333333333334085
svc_digits,ags_no_prune,4,16,80,0.0013333333333334085
svc_digits,ags_no_prune,4,17,85,0.0013333333333334085
svc_digits,ags_no_prune,4,18,90,0.0013333333333334085
svc_digits,ags_no_prune,4,19,95,0.0013333333333334085
svc_digits,ags_no_prune,4,20,100,0.0013333333333334085
svc_digits,ags_no_prune,4,21,105,0.0013333333333334085
svc_digits,ags_no_prune,4,22,110,0.0013333333333334085
svc_digits,ags_no_prune,4,23,115,0.0013333333333334085
svc_digits,ags_no_prune,4,24,120,0.0013333333333334085
svc_digits,ags_no_prune,4,25,125,0.0013333333333334085
svc_digits,ags_no_prune,4,26,130,0.0013333333333334085
svc_digits,ags_no_prune,4,27,135,0.0013333333333334085
svc_digits,ags_no_prune,4,28,140,0.0013333333333334085
svc_digits,ags_no_prune,4,29,145,0.0013333333333334085
svc_digits,ags_no_prune,4,30,150,0.0013333333333334085
svc_digits,ags_no_prune,4,31,155,0.0013333333333334085
svc_digits,ags_no_prune,4,32,160,0.0013333333333334085
svc_digits,ags_no_prune,4,33,165,0.0013333333333334085
svc_digits,ags_no_prune,4,34,170,0.0013333333333334085
svc_digits,ags_no_prune,4,35,175,0.0013333333333334085
svc_digits,ags_no_prune,4,36,180,0.0013333333333334085
svc_digits,ags_no_prune,4,37,185,0.0013333333333334085
svc_digits,ags_no_prune,4,38,190,0.0013333333333334085
svc_digits,ags_no_prune,4,39,195,0.0013333333333334085
svc_digits,ags_no_prune,4,40,200,0.0013333333333334085
svc_digits,ags_no_prune,5,1,5,0.009333333333333416
svc_digits,ags_no_prune,5,2,10,0.009333333333333416
svc_digits,ags_no_prune,5,3,15,0.009333333333333416
svc_digits,ags_no_prune,5,4,20,0.006666666666666599
svc_digits,ags_no_prune,5,5,25,0.006666666666666599
svc_digits,ags_no_prune,5,6,30,0.006666666666666599
svc_digits,ags_no_prune,5,7,35,0.006666666666666599
svc_digits,ags_no_prune,5,8,40,0.006666666666666599
svc_digits,ags_no_prune,5,9,45,0.006666666666666599
svc_digits,ags_no_prune,5,10,50,0.006666666666666599
svc_digits,ags_no_prune,5,11,55,0.006666666666666599
svc_digits,ags_no_prune,5,12,60,0.006666666666666599
svc_digits,ags_no_prune,5,13,65,0.006666666666666599
svc_digits,ags_no_prune,5,14,70,0.006666666666666599
svc_digits,ags_no_prune,5,15,75,0.006666666666666599
svc_digits,ags_no_prune,5,16,80,0.006666666666666599
svc_digits,ags_no_prune,5,17,85,0.006666666666666599
svc_digits,ags_no_prune,5,18,90,0.006666666666666599
svc_digits,ags_no_prune,5,19,95,0.006666666666666599
svc_digits,ags_no_prune,5,20,100,0.006666666666666599
svc_digits,ags_no_prune,5,21,105,0.006666666666666599
svc_digits,ags_no_prune,5,22,110,0.006666666666666599
svc_digits,ags_no_prune,5,23,115,0.006666666666666599
svc_digits,ags_no_prune,5,24,120,0.006666666666666599
svc_digits,ags_no_prune,5,25,125,0.006666666666666599
svc_digits,ags_no_prune,5,26,130,0.006666666666666599
svc_digits,ags_no_prune,5,27,135,0.0013333333333334085
svc_digits,ags_no_prune,5,28,140,0.0013333333333334085
svc_digits,ags_no_prune,5,29,145,0.0013333333333334085
svc_digits,ags_no_prune,5,30,150,0.0013333333333334085
svc_digits,ags_no_prune,5,31,155,0.0013333333333334085
svc_digits,ags_no_prune,5,32,160,0.0013333333333334085
svc_digits,ags_no_prune,5,33,165,0.0013333333333334085
svc_digits,ags_no_prune,5,34,170,0.0013333333333334085
svc_digits,ags_no_prune,5,35,175,0.0013333333333334085
svc_digits,ags_no_prune,5,36,180,0.0013333333333334085
svc_digits,ags_no_prune,5,37,185,0.0013333333333334085
svc_digits,ags_no_prune,5,38,190,0.0013333333333334085
svc_digits,ags_no_prune,5,39,195,0.0013333333333334085
svc_digits,ags_no_prune,5,40,200,0.0013333333333334085
svc_digits,ags_no_prune,6,1,5,0.32133333333333325
svc_digits,ags_no_prune,6,2,10,0.008000000000000007
svc_digits,ags_no_prune,6,3,15,0.008000000000000007
svc_digits,ags_no_prune,6,4,20,0.008000000000000007
svc_digits,ags_no_prune,6,5,25,0.008000000000000007
svc_digits,ags_no_prune,6,6,30,0.008000000000000007
svc_digits,ags_no_prune,6,7,35,0.008000000000000007
svc_digits,ags_no_prune,6,8,40,0.008000000000000007
svc_digits,ags_no_prune,6,9,45,0.008000000000000007
svc_digits,ags_no_prune,6,10,50,0.008000000000000007
svc_digits,ags_no_prune,6,11,55,0.008000000000000007
svc_digits,ags_no_prune,6,12,60,0.008000000000000007
svc_digits,ags_no_prune,6,13,65,0.00533333333333319
svc_digits,ags_no_prune,6,14,70,0.0039999999999997815
svc_digits,ags_no_prune,6,15,75,0.0013333333333334085
svc_digits,ags_no_prune,6,16,80,0.0013333333333334085
svc_digits,ags_no_prune,6,17,85,0.0013333333333334085
svc_digits,ags_no_prune,6,18,90,0.0013333333333334085
svc_digits,ags_no_prune,6,19,95,0.0013333333333334085
svc_digits,ags_no_prune,6,20,100,0.0013333333333334085
svc_digits,ags_no_prune,6,21,105,0.0013333333333334085
svc_digits,ags_no_prune,6,22,110,0.0013333333333334085
svc_digits,ags_no_prune,6,23,115,0.0013333333333334085
svc_digits,ags_no_prune,6,24,120,0.0013333333333334085
svc_digits,ags_no_prune,6,25,125,0.0013333333333334085
svc_digits,ags_no_prune,6,26,130,0.0013333333333334085
svc_digits,ags_no_prune,6,27,135,0.0013333333333334085
svc_digits,ags_no_prune,6,28,140,0.0013333333333334085
svc_digits,ags_no_prune,6,29,145,0.0013333333333334085
svc_digits,ags_no_prune,6,30,150,0.0013333333333334085
svc_digits,ags_no_prune,6,31,155,0.0013333333333334085
svc_digits,ags_no_prune,6,32,160,0.0013333333333334085
svc_digits,ags_no_prune,6,33,165,0.0013333333333334085
svc_digits,ags_no_prune,6,34,170,0.0013333333333334085
svc_digits,ags_no_prune,6,35,175,0.0013333333333334085
svc_digits,ags_no_prune,6,36,180,0.0013333333333334085
svc_digits,ags_no_prune,6,37,185,0.0013333333333334085
svc_digits,ags_no_prune,6,38,190,0.0013333333333334085
svc_digits,ags_no_prune,6,39,195,0.0013333333333334085
svc_digits,ags_no_prune,6,40,200,0.0013333333333334085
svc_digits,ags_no_prune,7,1,5,0.011999999999999789
svc_digits,ags_no_prune,7,2,10,0.011999999999999789
svc_digits,ags_no_prune,7,3,15,0.011999999999999789
svc_digits,ags_no_prune,7,4,20,0.011999999999999789
svc_digits,ags_no_prune,7,5,25,0.011999999999999789
svc_digits,ags_no_prune,7,6,30,0.011999999999999789
svc_digits,ags_no_prune,7,7,35,0.011999999999999789
svc_digits,ags_no_prune,7,8,40,0.011999999999999789
svc_digits,ags_no_prune,7,9,45,0.011999999999999789
svc_digits,ags_no_prune,7,10,50,0.009333333333333416
svc_digits,ags_no_prune,7,11,55,0.009333333333333416
svc_digits,ags_no_prune,7,12,60,0.009333333333333416
svc_digits,ags_no_prune,7,13,65,0.009333333333333416
svc_digits,ags_no_prune,7,14,70,0.009333333333333416
svc_digits,ags_no_prune,7,15,75,0.009333333333333416
svc_digits,ags_no_prune,7,16,80,0.009333333333333416
svc_digits,ags_no_prune,7,17,85,0.009333333333333416
svc_digits,ags_no_prune,7,18,90,0.009333333333333416
svc_digits,ags_no_prune,7,19,95,0.009333333333333416
svc_digits,ags_no_prune,7,20,100,0.009333333333333416
svc_digits,ags_no_prune,7,21,105,0.009333333333333416
svc_digits,ags_no_prune,7,22,110,0.0039999999999997815
svc_digits,ags_no_prune,7,23,115,0.006666666666666599
svc_digits,ags_no_prune,7,24,120,0.006666666666666599
svc_digits,ags_no_prune,7,25,125,0.006666666666666599
svc_digits,ags_no_prune,7,26,130,0.006666666666666599
svc_digits,ags_no_prune,7,27,135,0.006666666666666599
svc_digits,ags_no_prune,7,28,140,0.006666666666666599
svc_digits,ags_no_prune,7,29,145,0.006666666666666599
svc_digits,ags_no_prune,7,30,150,0.006666666666666599
svc_digits,ags_no_prune,7,31,155,0.00533333333333319
svc_digits,ags_no_prune,7,32,160,0.00533333333333319
svc_digits,ags_no_prune,7,33,165,0.00533333333333319
svc_digits,ags_no_prune,7,34,170,0.00533333333333319
svc_digits,ags_no_prune,7,35,175,0.00533333333333319
svc_digits,ags_no_prune,7,36,180,0.0
svc_digits,ags_no_prune,7,37,185,0.0
svc_digits,ags_no_prune,7,38,190,0.0
svc_digits,ags_no_prune,7,39,195,0.0
svc_digits,ags_no_prune,7,40,200,0.0
svc_digits,ags_no_prune,8,1,5,0.7986666666666666
svc_digits,ags_no_prune,8,2,10,0.6013333333333333
svc_digits,ags_no_prune,8,3,15,0.010666666666666602
svc_digits,ags_no_prune,8,4,20,0.010666666666666602
svc_digits,ags_no_prune,8,5,25,0.010666666666666602
svc_digits,ags_no_prune,8,6,30,0.010666666666666602
svc_digits,ags_no_prune,8,7,35,0.010666666666666602
svc_digits,ags_no_prune,8,8,40,0.010666666666666602
svc_digits,ags_no_prune,8,9,45,0.010666666666666602
svc_digits,ags_no_prune,8,10,50,0.0013333333333334085
svc_digits,ags_no_prune,8,11,55,0.0013333333333334085
svc_digits,ags_no_prune,8,12,60,0.0013333333333334085
svc_digits,ags_no_prune,8,13,65,0.0013333333333334085
svc_digits,ags_no_prune,8,14,70,0.0013333333333334085
svc_digits,ags_no_prune,8,15,75,0.0013333333333334085
svc_digits,ags_no_prune,8,16,80,0.0013333333333334085
svc_digits,ags_no_prune,8,17,85,0.0013333333333334085
svc_digits,ags_no_prune,8,18,90,0.0013333333333334085
svc_digits,ags_no_prune,8,19,95,0.0013333333333334085
svc_digits,ags_no_prune,8,20,100,0.0013333333333334085
svc_digits,ags_no_prune,8,21,105,0.0013333333333334085
svc_digits,ags_no_prune,8,22,110,0.0013333333333334085
svc_digits,ags_no_prune,8,23,115,0.0013333333333334085
svc_digits,ags_no_prune,8,24,120,0.0013333333333334085
svc_digits,ags_no_prune,8,25,125,0.0013333333333334085
svc_digits,ags_no_prune,8,26,130,0.0013333333333334085
svc_digits,ags_no_prune,8,27,135,0.0013333333333334085
svc_digits,ags_no_prune,8,28,140,0.0013333333333334085
svc_digits,ags_no_prune,8,29,145,0.0013333333333334085
svc_digits,ags_no_prune,8,30,150,0.0013333333333334085
svc_digits,ags_no_prune,8,31,155,0.0
svc_digits,ags_no_prune,8,32,160,0.0
svc_digits,ags_no_prune,8,33,165,0.0
svc_digits,ags_no_prune,8,34,170,0.0
svc_digits,ags_no_prune,8,35,175,0.0
svc_digits,ags_no_prune,8,36,180,0.0
svc_digits,ags_no_prune,8,37,185,0.0
svc_digits,ags_no_prune,8,38,190,0.0
svc_digits,ags_no_prune,8,39,195,0.0
svc_digits,ags_no_prune,8,40,200,0.0
svc_digits,ags_no_prune,9,1,5,0.0013333333333334085
svc_digits,ags_no_prune,9,2,10,0.0013333333333334085
svc_digits,ags_no_prune,9,3,15,0.0013333333333334085
svc_digits,ags_no_prune,9,4,20,0.0013333333333334085
svc_digits,ags_no_prune,9,5,25,0.0013333333333334085
svc_digits,ags_no_prune,9,6,30,0.0013333333333334085
svc_digits,ags_no_prune,9,7,35,0.0013333333333334085
svc_digits,ags_no_prune,9,8,40,0.0013333333333334085
svc_digits,ags_no_prune,9,9,45,0.0013333333333334085
svc_digits,ags_no_prune,9,10,50,0.0013333333333334085
svc_digits,ags_no_prune,9,11,55,0.0013333333333334085
svc_digits,ags_no_prune,9,12,60,0.0013333333333334085
svc_digits,ags_no_prune,9,13,65,0.0013333333333334085
svc_digits,ags_no_prune,9,14,70,0.0013333333333334085
svc_digits,ags_no_prune,9,15,75,0.0013333333333334085
svc_digits,ags_no_prune,9,16,80,0.0013333333333334085
svc_digits,ags_no_prune,9,17,85,0.0013333333333334085
svc_digits,ags_no_prune,9,18,90,0.0013333333333334085
svc_digits,ags_no_prune,9,19,95,0.0013333333333334085
svc_digits,ags_no_prune,9,20,100,0.0013333333333334085
svc_digits,ags_no_prune,9,21,105,0.0013333333333334085
svc_digits,ags_no_prune,9,22,110,0.0013333333333334085
svc_digits,ags_no_prune,9,23,115,0.0013333333333334085
svc_digits,ags_no_prune,9,24,120,0.0013333333333334085
svc_digits,ags_no_prune,9,25,125,0.0013333333333334085
svc_digits,ags_no_prune,9,26,130,0.0013333333333334085
svc_digits,ags_no_prune,9,27,135,0.0013333333333334085
svc_digits,ags_no_prune,9,28,140,0.0013333333333334085
svc_digits,ags_no_prune,9,29,145,0.0013333333333334085
svc_digits,ags_no_prune,9,30,150,0.0013333333333334085
svc_digits,ags_no_prune,9,31,155,0.0013333333333334085
svc_digits,ags_no_prune,9,32,160,0.0013333333333334085
svc_digits,ags_no_prune,9,33,165,0.0013333333333334085
svc_digits,ags_no_prune,9,34,170,0.0013333333333334085
svc_digits,ags_no_prune,9,35,175,0.0013333333333334085
svc_digits,ags_no_prune,9,36,180,0.0013333333333334085
svc_digits,ags_no_prune,9,37,185,0.0013333333333334085
svc_digits,ags_no_prune,9,38,190,0.0013333333333334085
svc_digits,ags_no_prune,9,39,195,0.0013333333333334085
svc_digits,ags_no_prune,9,40,200,0.0013333333333334085
svc_digits,ags_gp,0,1,5,0.011999999999999789
svc_digits,ags_gp,0,2,10,0.011999999999999789
svc_digits,ags_gp,0,3,15,0.011999999999999789
svc_digits,ags_gp,0,4,20,0.011999999999999789
svc_digits,ags_gp,0,5,25,0.011999999999999789
svc_digits,ags_gp,0,6,30,0.011999999999999789
svc_digits,ags_gp,0,7,35,0.006666666666666599
svc_digits,ags_gp,0,8,40,0.006666666666666599
svc_digits,ags_gp,0,9,45,0.006666666666666599
svc_digits,ags_gp,0,10,50,0.006666666666666599
svc_digits,ags_gp,0,11,55,0.006666666666666599
svc_digits,ags_gp,0,12,60,0.006666666666666599
svc_digits,ags_gp,0,13,62,0.006666666666666599
svc_digits,ags_gp,0,14,67,0.006666666666666599
svc_digits,ags_gp,0,15,72,0.006666666666666599
svc_digits,ags_gp,0,16,77,0.006666666666666599
svc_digits,ags_gp,0,17,82,0.006666666666666599
svc_digits,ags_gp,0,18,87,0.006666666666666599
svc_digits,ags_gp,0,19,89,0.006666666666666599
svc_digits,ags_gp,0,20,94,0.006666666666666599
svc_digits,ags_gp,0,21,99,0.006666666666666599
svc_digits,ags_gp,0,22,104,0.006666666666666599
svc_digits,ags_gp,0,23,109,0.006666666666666599
svc_digits,ags_gp,0,24,114,0.006666666666666599
svc_digits,ags_gp,0,25,119,0.0039999999999997815
svc_digits,ags_gp,0,26,124,0.0039999999999997815
svc_digits,ags_gp,0,27,129,0.0039999999999997815
svc_digits,ags_gp,0,28,134,0.0
svc_digits,ags_gp,0,29,139,0.0
svc_digits,ags_gp,0,30,144,0.0
svc_digits,ags_gp,0,31,149,0.0
svc_digits,ags_gp,0,32,154,0.0
svc_digits,ags_gp,0,33,159,0.0
svc_digits,ags_gp,0,34,162,0.0
svc_digits,ags_gp,0,35,167,0.0
svc_digits,ags_gp,0,36,172,0.0
svc_digits,ags_gp,0,37,177,0.0
svc_digits,ags_gp,0,38,182,0.0
svc_digits,ags_gp,0,39,185,0.0
svc_digits,ags_gp,0,40,189,0.0
svc_digits,ags_gp,1,1,5,0.17999999999999983
svc_digits,ags_gp,1,2,10,0.17999999999999983
svc_digits,ags_gp,1,3,15,0.02533333333333343
svc_digits,ags_gp,1,4,20,0.02533333333333343
svc_digits,ags_gp,1,5,25,0.02533333333333343
svc_digits,ags_gp,1,6,30,0.0013333333333334085
svc_digits,ags_gp,1,7,35,0.0013333333333334085
svc_digits,ags_gp,1,8,40,0.0013333333333334085
svc_digits,ags_gp,1,9,45,0.0013333333333334085
svc_digits,ags_gp,1,10,50,0.0013333333333334085
svc_digits,ags_gp,1,11,55,0.0013333333333334085
svc_digits,ags_gp,1,12,60,0.0013333333333334085
svc_digits,ags_gp,1,13,65,0.0013333333333334085
svc_digits,ags_gp,1,14,70,0.0013333333333334085
svc_digits,ags_gp,1,15,75,0.0013333333333334085
svc_digits,ags_gp,1,16,77,0.0013333333333334085
svc_digits,ags_gp,1,17,82,0.0013333333333334085
svc_digits,ags_gp,1,18,87,0.0013333333333334085
svc_digits,ags_gp,1,19,92,0.0013333333333334085
svc_digits,ags_gp,1,20,97,0.0013333333333334085
svc_digits,ags_gp,1,21,99,0.0013333333333334085
svc_digits,ags_gp,1,22,104,0.0013333333333334085
svc_digits,ags_gp,1,23,109,0.0013333333333334085
svc_digits,ags_gp,1,24,112,0.0013333333333334085
svc_digits,ags_gp,1,25,117,0.0013333333333334085
svc_digits,ags_gp,1,26,122,0.0013333333333334085
svc_digits,ags_gp,1,27,125,0.0013333333333334085
svc_digits,ags_gp,1,28,127,0.0013333333333334085
svc_digits,ags_gp,1,29,132,0.0013333333333334085
svc_digits,ags_gp,1,30,137,0.0013333333333334085
svc_digits,ags_gp,1,31,142,0.0013333333333334085
svc_digits,ags_gp,1,32,147,0.0013333333333334085
svc_digits,ags_gp,1,33,151,0.0013333333333334085
svc_digits,ags_gp,1,34,156,0.0
svc_digits,ags_gp,1,35,161,0.0
svc_digits,ags_gp,1,36,166,0.0
svc_digits,ags_gp,1,37,171,0.0
svc_digits,ags_gp,1,38,176,0.0
svc_digits,ags_gp,1,39,181,0.0
svc_digits,ags_gp,1,40,183,0.0
svc_digits,ags_gp,2,1,5,0.010666666666666602
svc_digits,ags_gp,2,2,10,0.010666666666666602
svc_digits,ags_gp,2,3,15,0.010666666666666602
svc_digits,ags_gp,2,4,20,0.006666666666666599
svc_digits,ags_gp,2,5,25,0.006666666666666599
svc_digits,ags_gp,2,6,30,0.006666666666666599
svc_digits,ags_gp,2,7,35,0.006666666666666599
svc_digits,ags_gp,2,8,40,0.006666666666666599
svc_digits,ags_gp,2,9,45,0.006666666666666599
svc_digits,ags_gp,2,10,50,0.006666666666666599
svc_digits,ags_gp,2,11,55,0.006666666666666599
svc_digits,ags_gp,2,12,60,0.006666666666666599
svc_digits,ags_gp,2,13,62,0.006666666666666599
svc_digits,ags_gp,2,14,67,0.006666666666666599
svc_digits,ags_gp,2,15,72,0.006666666666666599
svc_digits,ags_gp,2,16,77,0.006666666666666599
svc_digits,ags_gp,2,17,82,0.006666666666666599
svc_digits,ags_gp,2,18,87,0.006666666666666599
svc_digits,ags_gp,2,19,92,0.006666666666666599
svc_digits,ags_gp,2,20,97,0.006666666666666599
svc_digits,ags_gp,2,21,102,0.0013333333333334085
svc_digits,ags_gp,2,22,107,0.0013333333333334085
svc_digits,ags_gp,2,23,112,0.0013333333333334085
svc_digits,ags_gp,2,24,117,0.0013333333333334085
svc_digits,ags_gp,2,25,122,0.0013333333333334085
svc_digits,ags_gp,2,26,127,0.0013333333333334085
svc_digits,ags_gp,2,27,132,0.0
svc_digits,ags_gp,2,28,137,0.0
svc_digits,ags_gp,2,29,142,0.0
svc_digits,ags_gp,2,30,147,0.0
svc_digits,ags_gp,2,31,152,0.0
svc_digits,ags_gp,2,32,157,0.00533333333333319
svc_digits,ags_gp,2,33,162,0.00533333333333319
svc_digits,ags_gp,2,34,167,0.00533333333333319
svc_digits,ags_gp,2,35,172,0.00533333333333319
svc_digits,ags_gp,2,36,177,0.00533333333333319
svc_digits,ags_gp,2,37,179,0.00533333333333319
svc_digits,ags_gp,2,38,184,0.00533333333333319
svc_digits,ags_gp,2,39,189,0.00533333333333319
svc_digits,ags_gp,2,40,191,0.00533333333333319
svc_digits,ags_gp,3,1,5,0.7986666666666666
svc_digits,ags_gp,3,2,10,0.6013333333333333
svc_digits,ags_gp,3,3,15,0.010666666666666602
svc_digits,ags_gp,3,4,20,0.010666666666666602
svc_digits,ags_gp,3,5,25,0.010666666666666602
svc_digits,ags_gp,3,6,30,0.010666666666666602
svc_digits,ags_gp,3,7,35,0.010666666666666602
svc_digits,ags_gp,3,8,40,0.010666666666666602
svc_digits,ags_gp,3,9,45,0.010666666666666602
svc_digits,ags_gp,3,10,50,0.010666666666666602
svc_digits,ags_gp,3,11,55,0.010666666666666602
svc_digits,ags_gp,3,12,60,0.010666666666666602
svc_digits,ags_gp,3,13,62,0.010666666666666602
svc_digits,ags_gp,3,14,64,0.010666666666666602
svc_digits,ags_gp,3,15,69,0.010666666666666602
svc_digits,ags_gp,3,16,74,0.0013333333333334085
svc_digits,ags_gp,3,17,76,0.0013333333333334085
svc_digits,ags_gp,3,18,78,0.0013333333333334085
svc_digits,ags_gp,3,19,83,0.0013333333333334085
svc_digits,ags_gp,3,20,85,0.0013333333333334085
svc_digits,ags_gp,3,21,88,0.0013333333333334085
svc_digits,ags_gp,3,22,93,0.0013333333333334085
svc_digits,ags_gp,3,23,96,0.0013333333333334085
svc_digits,ags_gp,3,24,101,0.0013333333333334085
svc_digits,ags_gp,3,25,106,0.0013333333333334085
svc_digits,ags_gp,3,26,110,0.0013333333333334085
svc_digits,ags_gp,3,27,115,0.0013333333333334085
svc_digits,ags_gp,3,28,120,0.0013333333333334085
svc_digits,ags_gp,3,29,125,0.0013333333333334085
svc_digits,ags_gp,3,30,130,0.0013333333333334085
svc_digits,ags_gp,3,31,135,0.0013333333333334085
svc_digits,ags_gp,3,32,140,0.0013333333333334085
svc_digits,ags_gp,3,33,145,0.0013333333333334085
svc_digits,ags_gp,3,34,150,0.0013333333333334085
svc_digits,ags_gp,3,35,155,0.0013333333333334085
svc_digits,ags_gp,3,36,160,0.0013333333333334085
svc_digits,ags_gp,3,37,165,0.0013333333333334085
svc_digits,ags_gp,3,38,170,0.0
svc_digits,ags_gp,3,39,175,0.0
svc_digits,ags_gp,3,40,180,0.0
svc_digits,ags_gp,4,1,5,0.7986666666666666
svc_digits,ags_gp,4,2,10,0.6013333333333333
svc_digits,ags_gp,4,3,15,0.010666666666666602
svc_digits,ags_gp,4,4,20,0.010666666666666602
svc_digits,ags_gp,4,5,25,0.010666666666666602
svc_digits,ags_gp,4,6,30,0.008000000000000007
svc_digits,ags_gp,4,7,35,0.008000000000000007
svc_digits,ags_gp,4,8,40,0.008000000000000007
svc_digits,ags_gp,4,9,45,0.008000000000000007
svc_digits,ags_gp,4,10,50,0.008000000000000007
svc_digits,ags_gp,4,11,55,0.008000000000000007
svc_digits,ags_gp,4,12,60,0.008000000000000007
svc_digits,ags_gp,4,13,65,0.0013333333333334085
svc_digits,ags_gp,4,14,70,0.0013333333333334085
svc_digits,ags_gp,4,15,75,0.0013333333333334085
svc_digits,ags_gp,4,16,77,0.0013333333333334085
svc_digits,ags_gp,4,17,82,0.0013333333333334085
svc_digits,ags_gp,4,18,87,0.0013333333333334085
svc_digits,ags_gp,4,19,92,0.0013333333333334085
svc_digits,ags_gp,4,20,97,0.0013333333333334085
svc_digits,ags_gp,4,21,99,0.0013333333333334085
svc_digits,ags_gp,4,22,104,0.0013333333333334085
svc_digits,ags_gp,4,23,106,0.0013333333333334085
svc_digits,ags_gp,4,24,111,0.0013333333333334085
svc_digits,ags_gp,4,25,113,0.0013333333333334085
svc_digits,ags_gp,4,26,115,0.0013333333333334085
svc_digits,ags_gp,4,27,120,0.0013333333333334085
svc_digits,ags_gp,4,28,124,0.0013333333333334085
svc_digits,ags_gp,4,29,129,0.0013333333333334085
svc_digits,ags_gp,4,30,134,0.0013333333333334085
svc_digits,ags_gp,4,31,139,0.0013333333333334085
svc_digits,ags_gp,4,32,144,0.0013333333333334085
svc_digits,ags_gp,4,33,149,0.0013333333333334085
svc_digits,ags_gp,4,34,154,0.0013333333333334085
svc_digits,ags_gp,4,35,159,0.0013333333333334085
svc_digits,ags_gp,4,36,164,0.0013333333333334085
svc_digits,ags_gp,4,37,169,0.0013333333333334085
svc_digits,ags_gp,4,38,174,0.0013333333333334085
svc_digits,ags_gp,4,39,179,0.0013333333333334085
svc_digits,ags_gp,4,40,184,0.0013333333333334085
svc_digits,ags_gp,5,1,5,0.009333333333333416
svc_digits,ags_gp,5,2,10,0.009333333333333416
svc_digits,ags_gp,5,3,15,0.009333333333333416
svc_digits,ags_gp,5,4,20,0.006666666666666599
svc_digits,ags_gp,5,5,25,0.006666666666666599
svc_digits,ags_gp,5,6,30,0.006666666666666599
svc_digits,ags_gp,5,7,35,0.006666666666666599
svc_digits,ags_gp,5,8,40,0.006666666666666599
svc_digits,ags_gp,5,9,45,0.006666666666666599
svc_digits,ags_gp,5,10,50,0.006666666666666599
svc_digits,ags_gp,5,11,55,0.006666666666666599
svc_digits,ags_gp,5,12,60,0.006666666666666599
svc_digits,ags_gp,5,13,65,0.006666666666666599
svc_digits,ags_gp,5,14,70,0.006666666666666599
svc_digits,ags_gp,5,15,75,0.006666666666666599
svc_digits,ags_gp,5,16,77,0.006666666666666599
svc_digits,ags_gp,5,17,82,0.006666666666666599
svc_digits,ags_gp,5,18,87,0.006666666666666599
svc_digits,ags_gp,5,19,89,0.006666666666666599
svc_digits,ags_gp,5,20,94,0.006666666666666599
svc_digits,ags_gp,5,21,99,0.006666666666666599
svc_digits,ags_gp,5,22,104,0.006666666666666599
svc_digits,ags_gp,5,23,109,0.006666666666666599
svc_digits,ags_gp,5,24,114,0.006666666666666599
svc_digits,ags_gp,5,25,119,0.0039999999999997815
svc_digits,ags_gp,5,26,124,0.0039999999999997815
svc_digits,ags_gp,5,27,129,0.0039999999999997815
svc_digits,ags_gp,5,28,134,0.0
svc_digits,ags_gp,5,29,139,0.0
svc_digits,ags_gp,5,30,144,0.0
svc_digits,ags_gp,5,31,149,0.0
svc_digits,ags_gp,5,32,154,0.0
svc_digits,ags_gp,5,33,159,0.0
svc_digits,ags_gp,5,34,164,0.0
svc_digits,ags_gp,5,35,169,0.0
svc_digits,ags_gp,5,36,174,0.0
svc_digits,ags_gp,5,37,179,0.0
svc_digits,ags_gp,5,38,184,0.0
svc_digits,ags_gp,5,39,189,0.0
svc_digits,ags_gp,5,40,194,0.0
svc_digits,ags_gp,6,1,5,0.32133333333333325
svc_digits,ags_gp,6,2,10,0.008000000000000007
svc_digits,ags_gp,6,3,15,0.008000000000000007
svc_digits,ags_gp,6,4,20,0.008000000000000007
svc_digits,ags_gp,6,5,25,0.008000000000000007
svc_digits,ags_gp,6,6,30,0.008000000000000007
svc_digits,ags_gp,6,7,35,0.008000000000000007
svc_digits,ags_gp,6,8,40,0.008000000000000007
svc_digits,ags_gp,6,9,45,0.008000000000000007
svc_digits,ags_gp,6,10,50,0.008000000000000007
svc_digits,ags_gp,6,11,55,0.010666666666666602
svc_digits,ags_gp,6,12,60,0.010666666666666602
svc_digits,ags_gp,6,13,65,0.010666666666666602
svc_digits,ags_gp,6,14,67,0.010666666666666602
svc_digits,ags_gp,6,15,72,0.010666666666666602
svc_digits,ags_gp,6,16,77,0.010666666666666602
svc_digits,ags_gp,6,17,82,0.0013333333333334085
svc_digits,ags_gp,6,18,87,0.0013333333333334085
svc_digits,ags_gp,6,19,92,0.0013333333333334085
svc_digits,ags_gp,6,20,97,0.0013333333333334085
svc_digits,ags_gp,6,21,102,0.0013333333333334085
svc_digits,ags_gp,6,22,107,0.0013333333333334085
svc_digits,ags_gp,6,23,112,0.0013333333333334085
svc_digits,ags_gp,6,24,117,0.0013333333333334085
svc_digits,ags_gp,6,25,122,0.0013333333333334085
svc_digits,ags_gp,6,26,127,0.0013333333333334085
svc_digits,ags_gp,6,27,129,0.0013333333333334085
svc_digits,ags_gp,6,28,131,0.0013333333333334085
svc_digits,ags_gp,6,29,136,0.0013333333333334085
svc_digits,ags_gp,6,30,138,0.0013333333333334085
svc_digits,ags_gp,6,31,143,0.0013333333333334085
svc_digits,ags_gp,6,32,148,0.0013333333333334085
svc_digits,ags_gp,6,33,150,0.0013333333333334085
svc_digits,ags_gp,6,34,155,0.0013333333333334085
svc_digits,ags_gp,6,35,160,0.0013333333333334085
svc_digits,ags_gp,6,36,162,0.0013333333333334085
svc_digits,ags_gp,6,37,167,0.0013333333333334085
svc_digits,ags_gp,6,38,170,0.0013333333333334085
svc_digits,ags_gp,6,39,175,0.0013333333333334085
svc_digits,ags_gp,6,40,180,0.0013333333333334085
svc_digits,ags_gp,7,1,5,0.011999999999999789
svc_digits,ags_gp,7,2,10,0.011999999999999789
svc_digits,ags_gp,7,3,15,0.011999999999999789
svc_digits,ags_gp,7,4,20,0.011999999999999789
svc_digits,ags_gp,7,5,25,0.011999999999999789
svc_digits,ags_gp,7,6,30,0.011999999999999789
svc_digits,ags_gp,7,7,35,0.011999999999999789
svc_digits,ags_gp,7,8,40,0.011999999999999789
svc_digits,ags_gp,7,9,45,0.011999999999999789
svc_digits,ags_gp,7,10,50,0.011999999999999789
svc_digits,ags_gp,7,11,55,0.011999999999999789
svc_digits,ags_gp,7,12,60,0.011999999999999789
svc_digits,ags_gp,7,13,62,0.011999999999999789
svc_digits,ags_gp,7,14,64,0.011999999999999789
svc_digits,ags_gp,7,15,69,0.011999999999999789
svc_digits,ags_gp,7,16,74,0.011999999999999789
svc_digits,ags_gp,7,17,79,0.011999999999999789
svc_digits,ags_gp,7,18,84,0.011999999999999789
svc_digits,ags_gp,7,19,89,0.011999999999999789
svc_digits,ags_gp,7,20,94,0.011999999999999789
svc_digits,ags_gp,7,21,99,0.011999999999999789
svc_digits,ags_gp,7,22,104,0.011999999999999789
svc_digits,ags_gp,7,23,109,0.0013333333333334085
svc_digits,ags_gp,7,24,114,0.0013333333333334085
svc_digits,ags_gp,7,25,119,0.0013333333333334085
svc_digits,ags_gp,7,26,124,0.0013333333333334085
svc_digits,ags_gp,7,27,129,0.0013333333333334085
svc_digits,ags_gp,7,28,134,0.0013333333333334085
svc_digits,ags_gp,7,29,139,0.0013333333333334085
svc_digits,ags_gp,7,30,144,0.0013333333333334085
svc_digits,ags_gp,7,31,149,0.0013333333333334085
svc_digits,ags_gp,7,32,154,0.0013333333333334085
svc_digits,ags_gp,7,33,159,0.0013333333333334085
svc_digits,ags_gp,7,34,164,0.0013333333333334085
svc_digits,ags_gp,7,35,167,0.0013333333333334085
svc_digits,ags_gp,7,36,172,0.0013333333333334085
svc_digits,ags_gp,7,37,177,0.0013333333333334085
svc_digits,ags_gp,7,38,182,0.0013333333333334085
svc_digits,ags_gp,7,39,187,0.0013333333333334085
svc_digits,ags_gp,7,40,192,0.0013333333333334085
svc_digits,ags_gp,8,1,5,0.7986666666666666
svc_digits,ags_gp,8,2,10,0.6013333333333333
svc_digits,ags_gp,8,3,15,0.010666666666666602
svc_digits,ags_gp,8,4,20,0.010666666666666602
svc_digits,ags_gp,8,5,25,0.010666666666666602
svc_digits,ags_gp,8,6,30,0.008000000000000007
svc_digits,ags_gp,8,7,35,0.008000000000000007
svc_digits,ags_gp,8,8,40,0.008000000000000007
svc_digits,ags_gp,8,9,45,0.008000000000000007
svc_digits,ags_gp,8,10,50,0.008000000000000007
svc_digits,ags_gp,8,11,55,0.008000000000000007
svc_digits,ags_gp,8,12,60,0.008000000000000007
svc_digits,ags_gp,8,13,62,0.008000000000000007
svc_digits,ags_gp,8,14,67,0.008000000000000007
svc_digits,ags_gp,8,15,72,0.008000000000000007
svc_digits,ags_gp,8,16,77,0.008000000000000007
svc_digits,ags_gp,8,17,82,0.0013333333333334085
svc_digits,ags_gp,8,18,84,0.0013333333333334085
svc_digits,ags_gp,8,19,89,0.0013333333333334085
svc_digits,ags_gp,8,20,91,0.0013333333333334085
svc_digits,ags_gp,8,21,96,0.0013333333333334085
svc_digits,ags_gp,8,22,101,0.0013333333333334085
svc_digits,ags_gp,8,23,103,0.0013333333333334085
svc_digits,ags_gp,8,24,108,0.0013333333333334085
svc_digits,ags_gp,8,25,113,0.00533333333333319
svc_digits,ags_gp,8,26,115,0.00533333333333319
svc_digits,ags_gp,8,27,120,0.00533333333333319
svc_digits,ags_gp,8,28,125,0.00533333333333319
svc_digits,ags_gp,8,29,130,0.00533333333333319
svc_digits,ags_gp,8,30,135,0.00533333333333319
svc_digits,ags_gp,8,31,140,0.00533333333333319
svc_digits,ags_gp,8,32,145,0.00533333333333319
svc_digits,ags_gp,8,33,150,0.00533333333333319
svc_digits,ags_gp,8,34,155,0.00533333333333319
svc_digits,ags_gp,8,35,160,0.00533333333333319
svc_digits,ags_gp,8,36,165,0.00533333333333319
svc_digits,ags_gp,8,37,167,0.00533333333333319
svc_digits,ags_gp,8,38,172,0.00533333333333319
svc_digits,ags_gp,8,39,177,0.0
svc_digits,ags_gp,8,40,182,0.0
svc_digits,ags_gp,9,1,5,0.0013333333333334085
svc_digits,ags_gp,9,2,10,0.0013333333333334085
svc_digits,ags_gp,9,3,15,0.0013333333333334085
svc_digits,ags_gp,9,4,20,0.0013333333333334085
svc_digits,ags_gp,9,5,25,0.0013333333333334085
svc_digits,ags_gp,9,6,30,0.0013333333333334085
svc_digits,ags_gp,9,7,35,0.0013333333333334085
svc_digits,ags_gp,9,8,40,0.0013333333333334085
svc_digits,ags_gp,9,9,45,0.0013333333333334085
svc_digits,ags_gp,9,10,50,0.0013333333333334085
svc_digits,ags_gp,9,11,55,0.0013333333333334085
svc_digits,ags_gp,9,12,60,0.0013333333333334085
svc_digits,ags_gp,9,13,62,0.0013333333333334085
svc_digits,ags_gp,9,14,67,0.0013333333333334085
svc_digits,ags_gp,9,15,72,0.0013333333333334085
svc_digits,ags_gp,9,16,77,0.0013333333333334085
svc_digits,ags_gp,9,17,79,0.0013333333333334085
svc_digits,ags_gp,9,18,84,0.0013333333333334085
svc_digits,ags_gp,9,19,89,0.0013333333333334085
svc_digits,ags_gp,9,20,94,0.0013333333333334085
svc_digits,ags_gp,9,21,99,0.0013333333333334085
svc_digits,ags_gp,9,22,101,0.0013333333333334085
svc_digits,ags_gp,9,23,106,0.0013333333333334085
svc_digits,ags_gp,9,24,111,0.0013333333333334085
svc_digits,ags_gp,9,25,116,0.0013333333333334085
svc_digits,ags_gp,9,26,121,0.0013333333333334085
svc_digits,ags_gp,9,27,123,0.0013333333333334085
svc_digits,ags_gp,9,28,128,0.0013333333333334085
svc_digits,ags_gp,9,29,133,0.0013333333333334085
svc_digits,ags_gp,9,30,135,0.0013333333333334085
svc_digits,ags_gp,9,31,138,0.0013333333333334085
svc_digits,ags_gp,9,32,143,0.0013333333333334085
svc_digits,ags_gp,9,33,146,0.0013333333333334085
svc_digits,ags_gp,9,34,151,0.0013333333333334085
svc_digits,ags_gp,9,35,154,0.0013333333333334085
svc_digits,ags_gp,9,36,157,0.0013333333333334085
svc_digits,ags_gp,9,37,162,0.0013333333333334085
svc_digits,ags_gp,9,38,166,0.0013333333333334085
svc_digits,ags_gp,9,39,171,0.0013333333333334085
svc_digits,ags_gp,9,40,176,0.0013333333333334085
svc_digits,random,0,1,5,0.010666666666666602
svc_digits,random,0,2,10,0.010666666666666602
svc_digits,random,0,3,15,0.010666666666666602
svc_digits,random,0,4,20,0.010666666666666602
svc_digits,random,0,5,25,0.010666666666666602
svc_digits,random,0,6,30,0.010666666666666602
svc_digits,random,0,7,35,0.010666666666666602
svc_digits,random,0,8,40,0.010666666666666602
svc_digits,random,0,9,45,0.006666666666666599
svc_digits,random,0,10,50,0.006666666666666599
svc_digits,random,0,11,55,0.006666666666666599
svc_digits,random,0,12,60,0.006666666666666599
svc_digits,random,0,13,65,0.006666666666666599
svc_digits,random,0,14,70,0.006666666666666599
svc_digits,random,0,15,75,0.006666666666666599
svc_digits,random,0,16,80,0.006666666666666599
svc_digits,random,0,17,85,0.006666666666666599
svc_digits,random,0,18,90,0.006666666666666599
svc_digits,random,0,19,95,0.006666666666666599
svc_digits,random,0,20,100,0.0013333333333334085
svc_digits,random,0,21,105,0.0013333333333334085
svc_digits,random,0,22,110,0.0013333333333334085
svc_digits,random,0,23,115,0.006666666666666599
svc_digits,random,0,24,120,0.006666666666666599
svc_digits,random,0,25,125,0.006666666666666599
svc_digits,random,0,26,130,0.006666666666666599
svc_digits,random,0,27,135,0.006666666666666599
svc_digits,random,0,28,140,0.006666666666666599
svc_digits,random,0,29,145,0.006666666666666599
svc_digits,random,0,30,150,0.006666666666666599
svc_digits,random,0,31,155,0.006666666666666599
svc_digits,random,0,32,160,0.006666666666666599
svc_digits,random,0,33,165,0.006666666666666599
svc_digits,random,0,34,170,0.006666666666666599
svc_digits,random,0,35,175,0.006666666666666599
svc_digits,random,0,36,180,0.006666666666666599
svc_digits,random,0,37,185,0.006666666666666599
svc_digits,random,0,38,190,0.006666666666666599
svc_digits,random,0,39,195,0.006666666666666599
svc_digits,random,0,40,200,0.0
svc_digits,random,1,1,5,0.0013333333333334085
svc_digits,random,1,2,10,0.0013333333333334085
svc_digits,random,1,3,15,0.0013333333333334085
svc_digits,random,1,4,20,0.0013333333333334085
svc_digits,random,1,5,25,0.0013333333333334085
svc_digits,random,1,6,30,0.0013333333333334085
svc_digits,random,1,7,35,0.0013333333333334085
svc_digits,random,1,8,40,0.0013333333333334085
svc_digits,random,1,9,45,0.0013333333333334085
svc_digits,random,1,10,50,0.0013333333333334085
svc_digits,random,1,11,55,0.0013333333333334085
svc_digits,random,1,12,60,0.0013333333333334085
svc_digits,random,1,13,65,0.0013333333333334085
svc_digits,random,1,14,70,0.0013333333333334085
svc_digits,random,1,15,75,0.0013333333333334085
svc_digits,random,1,16,80,0.0013333333333334085
svc_digits,random,1,17,85,0.0013333333333334085
svc_digits,random,1,18,90,0.0013333333333334085
svc_digits,random,1,19,95,0.0013333333333334085
svc_digits,random,1,20,100,0.0013333333333334085
svc_digits,random,1,21,105,0.0013333333333334085
svc_digits,random,1,22,110,0.0013333333333334085
svc_digits,random,1,23,115,0.0013333333333334085
svc_digits,random,1,24,120,0.0013333333333334085
svc_digits,random,1,25,125,0.0013333333333334085
svc_digits,random,1,26,130,0.0013333333333334085
svc_digits,random,1,27,135,0.0013333333333334085
svc_digits,random,1,28,140,0.0013333333333334085
svc_digits,random,1,29,145,0.0013333333333334085
svc_digits,random,1,30,150,0.0013333333333334085
svc_digits,random,1,31,155,0.0013333333333334085
svc_digits,random,1,32,160,0.0013333333333334085
svc_digits,random,1,33,165,0.0013333333333334085
svc_digits,random,1,34,170,0.0013333333333334085
svc_digits,random,1,35,175,0.0013333333333334085
svc_digits,random,1,36,180,0.0013333333333334085
svc_digits,random,1,37,185,0.0013333333333334085
svc_digits,random,1,38,190,0.0013333333333334085
svc_digits,random,1,39,195,0.0013333333333334085
svc_digits,random,1,40,200,0.0013333333333334085
svc_digits,random,2,1,5,0.5999999999999999
svc_digits,random,2,2,10,0.053333333333333344
svc_digits,random,2,3,15,0.006666666666666599
svc_digits,random,2,4,20,0.006666666666666599
svc_digits,random,2,5,25,0.006666666666666599
svc_digits,random,2,6,30,0.0013333333333334085
svc_digits,random,2,7,35,0.0013333333333334085
svc_digits,random,2,8,40,0.0013333333333334085
svc_digits,random,2,9,45,0.0013333333333334085
svc_digits,random,2,10,50,0.0013333333333334085
svc_digits,random,2,11,55,0.0013333333333334085
svc_digits,random,2,12,60,0.0013333333333334085
svc_digits,random,2,13,65,0.0013333333333334085
svc_digits,random,2,14,70,0.0013333333333334085
svc_digits,random,2,15,75,0.0013333333333334085
svc_digits,random,2,16,80,0.00533333333333319
svc_digits,random,2,17,85,0.00533333333333319
svc_digits,random,2,18,90,0.00533333333333319
svc_digits,random,2,19,95,0.00533333333333319
svc_digits,random,2,20,100,0.00533333333333319
svc_digits,random,2,21,105,0.00533333333333319
svc_digits,random,2,22,110,0.00533333333333319
svc_digits,random,2,23,115,0.00533333333333319
svc_digits,random,2,24,120,0.00533333333333319
svc_digits,random,2,25,125,0.00533333333333319
svc_digits,random,2,26,130,0.00533333333333319
svc_digits,random,2,27,135,0.00533333333333319
svc_digits,random,2,28,140,0.00533333333333319
svc_digits,random,2,29,145,0.00533333333333319
svc_digits,random,2,30,150,0.00533333333333319
svc_digits,random,2,31,155,0.00533333333333319
svc_digits,random,2,32,160,0.00533333333333319
svc_digits,random,2,33,165,0.00533333333333319
svc_digits,random,2,34,170,0.00533333333333319
svc_digits,random,2,35,175,0.00533333333333319
svc_digits,random,2,36,180,0.00533333333333319
svc_digits,random,2,37,185,0.00533333333333319
svc_digits,random,2,38,190,0.00533333333333319
svc_digits,random,2,39,195,0.00533333333333319
svc_digits,random,2,40,200,0.00533333333333319
svc_digits,random,3,1,5,0.010666666666666602
svc_digits,random,3,2,10,0.00533333333333319
svc_digits,random,3,3,15,0.00533333333333319
svc_digits,random,3,4,20,0.00533333333333319
svc_digits,random,3,5,25,0.00533333333333319
svc_digits,random,3,6,30,0.00533333333333319
svc_digits,random,3,7,35,0.00533333333333319
svc_digits,random,3,8,40,0.00533333333333319
svc_digits,random,3,9,45,0.00533333333333319
svc_digits,random,3,10,50,0.00533333333333319
svc_digits,random,3,11,55,0.00533333333333319
svc_digits,random,3,12,60,0.00533333333333319
svc_digits,random,3,13,65,0.00533333333333319
svc_digits,random,3,14,70,0.00533333333333319
svc_digits,random,3,15,75,0.00533333333333319
svc_digits,random,3,16,80,0.00533333333333319
svc_digits,random,3,17,85,0.00533333333333319
svc_digits,random,3,18,90,0.00533333333333319
svc_digits,random,3,19,95,0.00533333333333319
svc_digits,random,3,20,100,0.00533333333333319
svc_digits,random,3,21,105,0.00533333333333319
svc_digits,random,3,22,110,0.00533333333333319
svc_digits,random,3,23,115,0.00533333333333319
svc_digits,random,3,24,120,0.00533333333333319
svc_digits,random,3,25,125,0.00533333333333319
svc_digits,random,3,26,130,0.00533333333333319
svc_digits,random,3,27,135,0.00533333333333319
svc_digits,random,3,28,140,0.00533333333333319
svc_digits,random,3,29,145,0.00533333333333319
svc_digits,random,3,30,150,0.00533333333333319
svc_digits,random,3,31,155,0.00533333333333319
svc_digits,random,3,32,160,0.00533333333333319
svc_digits,random,3,33,165,0.00533333333333319
svc_digits,random,3,34,170,0.00533333333333319
svc_digits,random,3,35,175,0.00533333333333319
svc_digits,random,3,36,180,0.00533333333333319
svc_digits,random,3,37,185,0.00533333333333319
svc_digits,random,3,38,190,0.00533333333333319
svc_digits,random,3,39,195,0.00533333333333319
svc_digits,random,3,40,200,0.00533333333333319
svc_digits,random,4,1,5,0.0013333333333334085
svc_digits,random,4,2,10,0.0013333333333334085
svc_digits,random,4,3,15,0.0013333333333334085
svc_digits,random,4,4,20,0.0013333333333334085
svc_digits,random,4,5,25,0.0013333333333334085
svc_digits,random,4,6,30,0.0013333333333334085
svc_digits,random,4,7,35,0.0013333333333334085
svc_digits,random,4,8,40,0.0013333333333334085
svc_digits,random,4,9,45,0.0013333333333334085
svc_digits,random,4,10,50,0.0013333333333334085
svc_digits,random,4,11,55,0.0013333333333334085
svc_digits,random,4,12,60,0.0013333333333334085
svc_digits,random,4,13,65,0.0013333333333334085
svc_digits,random,4,14,70,0.0013333333333334085
svc_digits,random,4,15,75,0.0013333333333334085
svc_digits,random,4,16,80,0.0013333333333334085
svc_digits,random,4,17,85,0.0013333333333334085
svc_digits,random,4,18,90,0.0013333333333334085
svc_digits,random,4,19,95,0.0013333333333334085
svc_digits,random,4,20,100,0.0013333333333334085
svc_digits,random,4,21,105,0.0013333333333334085
svc_digits,random,4,22,110,0.0013333333333334085
svc_digits,random,4,23,115,0.0013333333333334085
svc_digits,random,4,24,120,0.0013333333333334085
svc_digits,random,4,25,125,0.0013333333333334085
svc_digits,random,4,26,130,0.0013333333333334085
svc_digits,random,4,27,135,0.0013333333333334085
svc_digits,random,4,28,140,0.0013333333333334085
svc_digits,random,4,29,145,0.0013333333333334085
svc_digits,random,4,30,150,0.0013333333333334085
svc_digits,random,4,31,155,0.0013333333333334085
svc_digits,random,4,32,160,0.0013333333333334085
svc_digits,random,4,33,165,0.0013333333333334085
svc_digits,random,4,34,170,0.0013333333333334085
svc_digits,random,4,35,175,0.0013333333333334085
svc_digits,random,4,36,180,0.0013333333333334085
svc_digits,random,4,37,185,0.0013333333333334085
svc_digits,random,4,38,190,0.0013333333333334085
svc_digits,random,4,39,195,0.0013333333333334085
svc_digits,random,4,40,200,0.0013333333333334085
svc_digits,random,5,1,5,0.7986666666666666
svc_digits,random,5,2,10,0.7986666666666666
svc_digits,random,5,3,15,0.027999999999999803
svc_digits,random,5,4,20,0.027999999999999803
svc_digits,random,5,5,25,0.027999999999999803
svc_digits,random,5,6,30,0.008000000000000007
svc_digits,random,5,7,35,0.0013333333333334085
svc_digits,random,5,8,40,0.0013333333333334085
svc_digits,random,5,9,45,0.0013333333333334085
svc_digits,random,5,10,50,0.0013333333333334085
svc_digits,random,5,11,55,0.0013333333333334085
svc_digits,random,5,12,60,0.0013333333333334085
svc_digits,random,5,13,65,0.0013333333333334085
svc_digits,random,5,14,70,0.0013333333333334085
svc_digits,random,5,15,75,0.0013333333333334085
svc_digits,random,5,16,80,0.0013333333333334085
svc_digits,random,5,17,85,0.0013333333333334085
svc_digits,random,5,18,90,0.0013333333333334085
svc_digits,random,5,19,95,0.0013333333333334085
svc_digits,random,5,20,100,0.0013333333333334085
svc_digits,random,5,21,105,0.0013333333333334085
svc_digits,random,5,22,110,0.0013333333333334085
svc_digits,random,5,23,115,0.0013333333333334085
svc_digits,random,5,24,120,0.0013333333333334085
svc_digits,random,5,25,125,0.0013333333333334085
svc_digits,random,5,26,130,0.0013333333333334085
svc_digits,random,5,27,135,0.0013333333333334085
svc_digits,random,5,28,140,0.0013333333333334085
svc_digits,random,5,29,145,0.0013333333333334085
svc_digits,random,5,30,150,0.0013333333333334085
svc_digits,random,5,31,155,0.0013333333333334085
svc_digits,random,5,32,160,0.0013333333333334085
svc_digits,random,5,33,165,0.0013333333333334085
svc_digits,random,5,34,170,0.0013333333333334085
svc_digits,random,5,35,175,0.0013333333333334085
svc_digits,random,5,36,180,0.0013333333333334085
svc_digits,random,5,37,185,0.0013333333333334085
svc_digits,random,5,38,190,0.00533333333333319
svc_digits,random,5,39,195,0.00533333333333319
svc_digits,random,5,40,200,0.00533333333333319
svc_digits,random,6,1,5,0.6013333333333333
svc_digits,random,6,2,10,0.6013333333333333
svc_digits,random,6,3,15,0.011999999999999789
svc_digits,random,6,4,20,0.011999999999999789
svc_digits,random,6,5,25,0.011999999999999789
svc_digits,random,6,6,30,0.011999999999999789
svc_digits,random,6,7,35,0.011999999999999789
svc_digits,random,6,8,40,0.011999999999999789
svc_digits,random,6,9,45,0.011999999999999789
svc_digits,random,6,10,50,0.00533333333333319
svc_digits,random,6,11,55,0.0013333333333334085
svc_digits,random,6,12,60,0.0013333333333334085
svc_digits,random,6,13,65,0.0013333333333334085
svc_digits,random,6,14,70,0.0013333333333334085
svc_digits,random,6,15,75,0.0013333333333334085
svc_digits,random,6,16,80,0.0013333333333334085
svc_digits,random,6,17,85,0.0013333333333334085
svc_digits,random,6,18,90,0.0013333333333334085
svc_digits,random,6,19,95,0.0013333333333334085
svc_digits,random,6,20,100,0.0013333333333334085
svc_digits,random,6,21,105,0.0013333333333334085
svc_digits,random,6,22,110,0.0013333333333334085
svc_digits,random,6,23,115,0.0013333333333334085
svc_digits,random,6,24,120,0.0013333333333334085
svc_digits,random,6,25,125,0.0013333333333334085
svc_digits,random,6,26,130,0.0013333333333334085
svc_digits,random,6,27,135,0.0013333333333334085
svc_digits,random,6,28,140,0.0013333333333334085
svc_digits,random,6,29,145,0.0013333333333334085
svc_digits,random,6,30,150,0.0013333333333334085
svc_digits,random,6,31,155,0.0013333333333334085
svc_digits,random,6,32,160,0.0013333333333334085
svc_digits,random,6,33,165,0.0013333333333334085
svc_digits,random,6,34,170,0.0013333333333334085
svc_digits,random,6,35,175,0.0013333333333334085
svc_digits,random,6,36,180,0.0013333333333334085
svc_digits,random,6,37,185,0.0013333333333334085
svc_digits,random,6,38,190,0.0013333333333334085
svc_digits,random,6,39,195,0.0013333333333334085
svc_digits,random,6,40,200,0.0013333333333334085
svc_digits,random,7,1,5,0.6013333333333333
svc_digits,random,7,2,10,0.30133333333333323
svc_digits,random,7,3,15,0.011999999999999789
svc_digits,random,7,4,20,0.00533333333333319
svc_digits,random,7,5,25,0.00533333333333319
svc_digits,random,7,6,30,0.00533333333333319
svc_digits,random,7,7,35,0.00533333333333319
svc_digits,random,7,8,40,0.00533333333333319
svc_digits,random,7,9,45,0.00533333333333319
svc_digits,random,7,10,50,0.00533333333333319
svc_digits,random,7,11,55,0.00533333333333319
svc_digits,random,7,12,60,0.00533333333333319
svc_digits,random,7,13,65,0.00533333333333319
svc_digits,random,7,14,70,0.00533333333333319
svc_digits,random,7,15,75,0.00533333333333319
svc_digits,random,7,16,80,0.00533333333333319
svc_digits,random,7,17,85,0.00533333333333319
svc_digits,random,7,18,90,0.00533333333333319
svc_digits,random,7,19,95,0.00533333333333319
svc_digits,random,7,20,100,0.00533333333333319
svc_digits,random,7,21,105,0.00533333333333319
svc_digits,random,7,22,110,0.00533333333333319
svc_digits,random,7,23,115,0.00533333333333319
svc_digits,random,7,24,120,0.00533333333333319
svc_digits,random,7,25,125,0.00533333333333319
svc_digits,random,7,26,130,0.00533333333333319
svc_digits,random,7,27,135,0.00533333333333319
svc_digits,random,7,28,140,0.00533333333333319
svc_digits,random,7,29,145,0.00533333333333319
svc_digits,random,7,30,150,0.00533333333333319
svc_digits,random,7,31,155,0.00533333333333319
svc_digits,random,7,32,160,0.00533333333333319
svc_digits,random,7,33,165,0.0013333333333334085
svc_digits,random,7,34,170,0.0013333333333334085
svc_digits,random,7,35,175,0.0013333333333334085
svc_digits,random,7,36,180,0.0013333333333334085
svc_digits,random,7,37,185,0.0013333333333334085
svc_digits,random,7,38,190,0.0013333333333334085
svc_digits,random,7,39,195,0.0013333333333334085
svc_digits,random,7,40,200,0.0013333333333334085
svc_digits,random,8,1,5,0.00533333333333319
svc_digits,random,8,2,10,0.00533333333333319
svc_digits,random,8,3,15,0.00533333333333319
svc_digits,random,8,4,20,0.00533333333333319
svc_digits,random,8,5,25,0.00533333333333319
svc_digits,random,8,6,30,0.00533333333333319
svc_digits,random,8,7,35,0.00533333333333319
svc_digits,random,8,8,40,0.00533333333333319
svc_digits,random,8,9,45,0.00533333333333319
svc_digits,random,8,10,50,0.00533333333333319
svc_digits,random,8,11,55,0.00533333333333319
svc_digits,random,8,12,60,0.00533333333333319
svc_digits,random,8,13,65,0.00533333333333319
svc_digits,random,8,14,70,0.00533333333333319
svc_digits,random,8,15,75,0.00533333333333319
svc_digits,random,8,16,80,0.00533333333333319
svc_digits,random,8,17,85,0.00533333333333319
svc_digits,random,8,18,90,0.00533333333333319
svc_digits,random,8,19,95,0.00533333333333319
svc_digits,random,8,20,100,0.00533333333333319
svc_digits,random,8,21,105,0.00533333333333319
svc_digits,random,8,22,110,0.00533333333333319
svc_digits,random,8,23,115,0.00533333333333319
svc_digits,random,8,24,120,0.00533333333333319
svc_digits,random,8,25,125,0.00533333333333319
svc_digits,random,8,26,130,0.00533333333333319
svc_digits,random,8,27,135,0.00533333333333319
svc_digits,random,8,28,140,0.00533333333333319
svc_digits,random,8,29,145,0.00533333333333319
svc_digits,random,8,30,150,0.00533333333333319
svc_digits,random,8,31,155,0.00533333333333319
svc_digits,random,8,32,160,0.00533333333333319
svc_digits,random,8,33,165,0.00533333333333319
svc_digits,random,8,34,170,0.00533333333333319
svc_digits,random,8,35,175,0.00533333333333319
svc_digits,random,8,36,180,0.00533333333333319
svc_digits,random,8,37,185,0.00533333333333319
svc_digits,random,8,38,190,0.00533333333333319
svc_digits,random,8,39,195,0.00533333333333319
svc_digits,random,8,40,200,0.00533333333333319
svc_digits,random,9,1,5,0.025333333333333208
svc_digits,random,9,2,10,0.025333333333333208
svc_digits,random,9,3,15,0.0013333333333334085
svc_digits,random,9,4,20,0.0013333333333334085
svc_digits,random,9,5,25,0.0013333333333334085
svc_digits,random,9,6,30,0.0013333333333334085
svc_digits,random,9,7,35,0.0013333333333334085
svc_digits,random,9,8,40,0.0013333333333334085
svc_digits,random,9,9,45,0.0013333333333334085
svc_digits,random,9,10,50,0.0013333333333334085
svc_digits,random,9,11,55,0.0013333333333334085
svc_digits,random,9,12,60,0.0013333333333334085
svc_digits,random,9,13,65,0.0013333333333334085
svc_digits,random,9,14,70,0.0013333333333334085
svc_digits,random,9,15,75,0.0013333333333334085
svc_digits,random,9,16,80,0.0013333333333334085
svc_digits,random,9,17,85,0.0013333333333334085
svc_digits,random,9,18,90,0.0013333333333334085
svc_digits,random,9,19,95,0.0013333333333334085
svc_digits,random,9,20,100,0.0013333333333334085
svc_digits,random,9,21,105,0.0013333333333334085
svc_digits,random,9,22,110,0.0013333333333334085
svc_digits,random,9,23,115,0.0013333333333334085
svc_digits,random,9,24,120,0.00533333333333319
svc_digits,random,9,25,125,0.00533333333333319
svc_digits,random,9,26,130,0.00533333333333319
svc_digits,random,9,27,135,0.00533333333333319
svc_digits,random,9,28,140,0.00533333333333319
svc_digits,random,9,29,145,0.00533333333333319
svc_digits,random,9,30,150,0.00533333333333319
svc_digits,random,9,31,155,0.00533333333333319
svc_digits,random,9,32,160,0.00533333333333319
svc_digits,random,9,33,165,0.00533333333333319
svc_digits,random,9,34,170,0.00533333333333319
svc_digits,random,9,35,175,0.00533333333333319
svc_digits,random,9,36,180,0.00533333333333319
svc_digits,random,9,37,185,0.00533333333333319
svc_digits,random,9,38,190,0.00533333333333319
svc_digits,random,9,39,195,0.00533333333333319
svc_digits,random,9,40,200,0.0
svc_digits,optuna_tpe,0,1,5,0.0013333333333334085
svc_digits,optuna_tpe,0,2,10,0.00533333333333319
svc_digits,optuna_tpe,0,3,15,0.00533333333333319
svc_digits,optuna_tpe,0,4,20,0.00533333333333319
svc_digits,optuna_tpe,0,5,25,0.00533333333333319
svc_digits,optuna_tpe,0,6,30,0.00533333333333319
svc_digits,optuna_tpe,0,7,35,0.00533333333333319
svc_digits,optuna_tpe,0,8,40,0.00533333333333319
svc_digits,optuna_tpe,0,9,45,0.00533333333333319
svc_digits,optuna_tpe,0,10,50,0.00533333333333319
svc_digits,optuna_tpe,0,11,55,0.00533333333333319
svc_digits,optuna_tpe,0,12,60,0.00533333333333319
svc_digits,optuna_tpe,0,13,65,0.00533333333333319
svc_digits,optuna_tpe,0,14,70,0.00533333333333319
svc_digits,optuna_tpe,0,15,75,0.00533333333333319
svc_digits,optuna_tpe,0,16,80,0.00533333333333319
svc_digits,optuna_tpe,0,17,85,0.00533333333333319
svc_digits,optuna_tpe,0,18,90,0.00533333333333319
svc_digits,optuna_tpe,0,19,95,0.00533333333333319
svc_digits,optuna_tpe,0,20,100,0.00533333333333319
svc_digits,optuna_tpe,0,21,105,0.00533333333333319
svc_digits,optuna_tpe,0,22,110,0.00533333333333319
svc_digits,optuna_tpe,0,23,115,0.00533333333333319
svc_digits,optuna_tpe,0,24,120,0.00533333333333319
svc_digits,optuna_tpe,0,25,125,0.00533333333333319
svc_digits,optuna_tpe,0,26,130,0.00533333333333319
svc_digits,optuna_tpe,0,27,135,0.00533333333333319
svc_digits,optuna_tpe,0,28,140,0.00533333333333319
svc_digits,optuna_tpe,0,29,145,0.00533333333333319
svc_digits,optuna_tpe,0,30,150,0.00533333333333319
svc_digits,optuna_tpe,0,31,155,0.00533333333333319
svc_digits,optuna_tpe,0,32,160,0.00533333333333319
svc_digits,optuna_tpe,0,33,165,0.00533333333333319
svc_digits,optuna_tpe,0,34,170,0.00533333333333319
svc_digits,optuna_tpe,0,35,175,0.00533333333333319
svc_digits,optuna_tpe,0,36,180,0.00533333333333319
svc_digits,optuna_tpe,0,37,185,0.00533333333333319
svc_digits,optuna_tpe,0,38,190,0.00533333333333319
svc_digits,optuna_tpe,0,39,195,0.00533333333333319
svc_digits,optuna_tpe,0,40,200,0.00533333333333319
svc_digits,optuna_tpe,1,1,5,0.0013333333333334085
svc_digits,optuna_tpe,1,2,10,0.0013333333333334085
svc_digits,optuna_tpe,1,3,15,0.0013333333333334085
svc_digits,optuna_tpe,1,4,20,0.0013333333333334085
svc_digits,optuna_tpe,1,5,25,0.0013333333333334085
svc_digits,optuna_tpe,1,6,30,0.0013333333333334085
svc_digits,optuna_tpe,1,7,35,0.0013333333333334085
svc_digits,optuna_tpe,1,8,40,0.0013333333333334085
svc_digits,optuna_tpe,1,9,45,0.0013333333333334085
svc_digits,optuna_tpe,1,10,50,0.0013333333333334085
svc_digits,optuna_tpe,1,11,55,0.0013333333333334085
svc_digits,optuna_tpe,1,12,60,0.0013333333333334085
svc_digits,optuna_tpe,1,13,65,0.0013333333333334085
svc_digits,optuna_tpe,1,14,70,0.0013333333333334085
svc_digits,optuna_tpe,1,15,75,0.0013333333333334085
svc_digits,optuna_tpe,1,16,80,0.0013333333333334085
svc_digits,optuna_tpe,1,17,85,0.0013333333333334085
svc_digits,optuna_tpe,1,18,90,0.0013333333333334085
svc_digits,optuna_tpe,1,19,95,0.0013333333333334085
svc_digits,optuna_tpe,1,20,100,0.0013333333333334085
svc_digits,optuna_tpe,1,21,105,0.0013333333333334085
svc_digits,optuna_tpe,1,22,110,0.0013333333333334085
svc_digits,optuna_tpe,1,23,115,0.0013333333333334085
svc_digits,optuna_tpe,1,24,120,0.0013333333333334085
svc_digits,optuna_tpe,1,25,125,0.0013333333333334085
svc_digits,optuna_tpe,1,26,130,0.0013333333333334085
svc_digits,optuna_tpe,1,27,135,0.0013333333333334085
svc_digits,optuna_tpe,1,28,140,0.0013333333333334085
svc_digits,optuna_tpe,1,29,145,0.0013333333333334085
svc_digits,optuna_tpe,1,30,150,0.0013333333333334085
svc_digits,optuna_tpe,1,31,155,0.0013333333333334085
svc_digits,optuna_tpe,1,32,160,0.0013333333333334085
svc_digits,optuna_tpe,1,33,165,0.0013333333333334085
svc_digits,optuna_tpe,1,34,170,0.0013333333333334085
svc_digits,optuna_tpe,1,35,175,0.0013333333333334085
svc_digits,optuna_tpe,1,36,180,0.0013333333333334085
svc_digits,optuna_tpe,1,37,185,0.0013333333333334085
svc_digits,optuna_tpe,1,38,190,0.0013333333333334085
svc_digits,optuna_tpe,1,39,195,0.0013333333333334085
svc_digits,optuna_tpe,1,40,200,0.0013333333333334085
svc_digits,optuna_tpe,2,1,5,0.6013333333333333
svc_digits,optuna_tpe,2,2,10,0.006666666666666599
svc_digits,optuna_tpe,2,3,15,0.006666666666666599
svc_digits,optuna_tpe,2,4,20,0.006666666666666599
svc_digits,optuna_tpe,2,5,25,0.006666666666666599
svc_digits,optuna_tpe,2,6,30,0.00533333333333319
svc_digits,optuna_tpe,2,7,35,0.00533333333333319
svc_digits,optuna_tpe,2,8,40,0.00533333333333319
svc_digits,optuna_tpe,2,9,45,0.00533333333333319
svc_digits,optuna_tpe,2,10,50,0.00533333333333319
svc_digits,optuna_tpe,2,11,55,0.00533333333333319
svc_digits,optuna_tpe,2,12,60,0.00533333333333319
svc_digits,optuna_tpe,2,13,65,0.00533333333333319
svc_digits,optuna_tpe,2,14,70,0.00533333333333319
svc_digits,optuna_tpe,2,15,75,0.00533333333333319
svc_digits,optuna_tpe,2,16,80,0.00533333333333319
svc_digits,optuna_tpe,2,17,85,0.00533333333333319
svc_digits,optuna_tpe,2,18,90,0.00533333333333319
svc_digits,optuna_tpe,2,19,95,0.00533333333333319
svc_digits,optuna_tpe,2,20,100,0.00533333333333319
svc_digits,optuna_tpe,2,21,105,0.00533333333333319
svc_digits,optuna_tpe,2,22,110,0.00533333333333319
svc_digits,optuna_tpe,2,23,115,0.00533333333333319
svc_digits,optuna_tpe,2,24,120,0.00533333333333319
svc_digits,optuna_tpe,2,25,125,0.00533333333333319
svc_digits,optuna_tpe,2,26,130,0.00533333333333319
svc_digits,optuna_tpe,2,27,135,0.00533333333333319
svc_digits,optuna_tpe,2,28,140,0.00533333333333319
svc_digits,optuna_tpe,2,29,145,0.00533333333333319
svc_digits,optuna_tpe,2,30,150,0.00533333333333319
svc_digits,optuna_tpe,2,31,155,0.00533333333333319
svc_digits,optuna_tpe,2,32,160,0.00533333333333319
svc_digits,optuna_tpe,2,33,165,0.00533333333333319
svc_digits,optuna_tpe,2,34,170,0.00533333333333319
svc_digits,optuna_tpe,2,35,175,0.00533333333333319
svc_digits,optuna_tpe,2,36,180,0.00533333333333319
svc_digits,optuna_tpe,2,37,185,0.00533333333333319
svc_digits,optuna_tpe,2,38,190,0.00533333333333319
svc_digits,optuna_tpe,2,39,195,0.00533333333333319
svc_digits,optuna_tpe,2,40,200,0.00533333333333319
svc_digits,optuna_tpe,3,1,5,0.0013333333333334085
svc_digits,optuna_tpe,3,2,10,0.0013333333333334085
svc_digits,optuna_tpe,3,3,15,0.0013333333333334085
svc_digits,optuna_tpe,3,4,20,0.0013333333333334085
svc_digits,optuna_tpe,3,5,25,0.0013333333333334085
svc_digits,optuna_tpe,3,6,30,0.0013333333333334085
svc_digits,optuna_tpe,3,7,35,0.0013333333333334085
svc_digits,optuna_tpe,3,8,40,0.0013333333333334085
svc_digits,optuna_tpe,3,9,45,0.0013333333333334085
svc_digits,optuna_tpe,3,10,50,0.0013333333333334085
svc_digits,optuna_tpe,3,11,55,0.0013333333333334085
svc_digits,optuna_tpe,3,12,60,0.0013333333333334085
svc_digits,optuna_tpe,3,13,65,0.0013333333333334085
svc_digits,optuna_tpe,3,14,70,0.0013333333333334085
svc_digits,optuna_tpe,3,15,75,0.0013333333333334085
svc_digits,optuna_tpe,3,16,80,0.0013333333333334085
svc_digits,optuna_tpe,3,17,85,0.0013333333333334085
svc_digits,optuna_tpe,3,18,90,0.0013333333333334085
svc_digits,optuna_tpe,3,19,95,0.0013333333333334085
svc_digits,optuna_tpe,3,20,100,0.0013333333333334085
svc_digits,optuna_tpe,3,21,105,0.0013333333333334085
svc_digits,optuna_tpe,3,22,110,0.0013333333333334085
svc_digits,optuna_tpe,3,23,115,0.0
svc_digits,optuna_tpe,3,24,120,0.0
svc_digits,optuna_tpe,3,25,125,0.0
svc_digits,optuna_tpe,3,26,130,0.0
svc_digits,optuna_tpe,3,27,135,0.0
svc_digits,optuna_tpe,3,28,140,0.0
svc_digits,optuna_tpe,3,29,145,0.0
svc_digits,optuna_tpe,3,30,150,0.0
svc_digits,optuna_tpe,3,31,155,0.0
svc_digits,optuna_tpe,3,32,160,0.0
svc_digits,optuna_tpe,3,33,165,0.0
svc_digits,optuna_tpe,3,34,170,0.0
svc_digits,optuna_tpe,3,35,175,0.0
svc_digits,optuna_tpe,3,36,180,0.0
svc_digits,optuna_tpe,3,37,185,0.0
svc_digits,optuna_tpe,3,38,190,0.0
svc_digits,optuna_tpe,3,39,195,0.0
svc_digits,optuna_tpe,3,40,200,0.0
svc_digits,optuna_tpe,4,1,5,0.00533333333333319
svc_digits,optuna_tpe,4,2,10,0.0013333333333334085
svc_digits,optuna_tpe,4,3,15,0.0013333333333334085
svc_digits,optuna_tpe,4,4,20,0.0013333333333334085
svc_digits,optuna_tpe,4,5,25,0.0013333333333334085
svc_digits,optuna_tpe,4,6,30,0.0013333333333334085
svc_digits,optuna_tpe,4,7,35,0.0013333333333334085
svc_digits,optuna_tpe,4,8,40,0.0013333333333334085
svc_digits,optuna_tpe,4,9,45,0.0013333333333334085
svc_digits,optuna_tpe,4,10,50,0.0013333333333334085
svc_digits,optuna_tpe,4,11,55,0.0013333333333334085
svc_digits,optuna_tpe,4,12,60,0.0013333333333334085
svc_digits,optuna_tpe,4,13,65,0.0013333333333334085
svc_digits,optuna_tpe,4,14,70,0.0013333333333334085
svc_digits,optuna_tpe,4,15,75,0.0013333333333334085
svc_digits,optuna_tpe,4,16,80,0.0013333333333334085
svc_digits,optuna_tpe,4,17,85,0.0013333333333334085
svc_digits,optuna_tpe,4,18,90,0.0013333333333334085
svc_digits,optuna_tpe,4,19,95,0.0013333333333334085
svc_digits,optuna_tpe,4,20,100,0.0013333333333334085
svc_digits,optuna_tpe,4,21,105,0.0013333333333334085
svc_digits,optuna_tpe,4,22,110,0.0013333333333334085
svc_digits,optuna_tpe,4,23,115,0.0013333333333334085
svc_digits,optuna_tpe,4,24,120,0.0013333333333334085
svc_digits,optuna_tpe,4,25,125,0.0013333333333334085
svc_digits,optuna_tpe,4,26,130,0.0013333333333334085
svc_digits,optuna_tpe,4,27,135,0.0013333333333334085
svc_digits,optuna_tpe,4,28,140,0.0013333333333334085
svc_digits,optuna_tpe,4,29,145,0.0013333333333334085
svc_digits,optuna_tpe,4,30,150,0.0013333333333334085
svc_digits,optuna_tpe,4,31,155,0.0013333333333334085
svc_digits,optuna_tpe,4,32,160,0.0013333333333334085
svc_digits,optuna_tpe,4,33,165,0.0013333333333334085
svc_digits,optuna_tpe,4,34,170,0.0013333333333334085
svc_digits,optuna_tpe,4,35,175,0.0013333333333334085
svc_digits,optuna_tpe,4,36,180,0.0013333333333334085
svc_digits,optuna_tpe,4,37,185,0.0013333333333334085
svc_digits,optuna_tpe,4,38,190,0.0013333333333334085
svc_digits,optuna_tpe,4,39,195,0.0013333333333334085
svc_digits,optuna_tpe,4,40,200,0.0013333333333334085
svc_digits,optuna_tpe,5,1,5,0.7893333333333332
svc_digits,optuna_tpe,5,2,10,0.7893333333333332
svc_digits,optuna_tpe,5,3,15,0.0
svc_digits,optuna_tpe,5,4,20,0.0
svc_digits,optuna_tpe,5,5,25,0.0
svc_digits,optuna_tpe,5,6,30,0.0
svc_digits,optuna_tpe,5,7,35,0.0
svc_digits,optuna_tpe,5,8,40,0.0
svc_digits,optuna_tpe,5,9,45,0.0
svc_digits,optuna_tpe,5,10,50,0.0
svc_digits,optuna_tpe,5,11,55,0.0
svc_digits,optuna_tpe,5,12,60,0.0
svc_digits,optuna_tpe,5,13,65,0.0
svc_digits,optuna_tpe,5,14,70,0.0
svc_digits,optuna_tpe,5,15,75,0.0
svc_digits,optuna_tpe,5,16,80,0.0
svc_digits,optuna_tpe,5,17,85,0.0
svc_digits,optuna_tpe,5,18,90,0.0
svc_digits,optuna_tpe,5,19,95,0.0
svc_digits,optuna_tpe,5,20,100,0.0
svc_digits,optuna_tpe,5,21,105,0.0
svc_digits,optuna_tpe,5,22,110,0.0
svc_digits,optuna_tpe,5,23,115,0.0
svc_digits,optuna_tpe,5,24,120,0.0
svc_digits,optuna_tpe,5,25,125,0.0
svc_digits,optuna_tpe,5,26,130,0.0
svc_digits,optuna_tpe,5,27,135,0.0
svc_digits,optuna_tpe,5,28,140,0.0
svc_digits,optuna_tpe,5,29,145,0.0
svc_digits,optuna_tpe,5,30,150,0.0
svc_digits,optuna_tpe,5,31,155,0.0
svc_digits,optuna_tpe,5,32,160,0.0
svc_digits,optuna_tpe,5,33,165,0.0
svc_digits,optuna_tpe,5,34,170,0.0
svc_digits,optuna_tpe,5,35,175,0.0
svc_digits,optuna_tpe,5,36,180,0.0
svc_digits,optuna_tpe,5,37,185,0.0
svc_digits,optuna_tpe,5,38,190,0.0
svc_digits,optuna_tpe,5,39,195,0.0
svc_digits,optuna_tpe,5,40,200,0.0
svc_digits,optuna_tpe,6,1,5,0.011999999999999789
svc_digits,optuna_tpe,6,2,10,0.011999999999999789
svc_digits,optuna_tpe,6,3,15,0.011999999999999789
svc_digits,optuna_tpe,6,4,20,0.011999999999999789
svc_digits,optuna_tpe,6,5,25,0.011999999999999789
svc_digits,optuna_tpe,6,6,30,0.011999999999999789
svc_digits,optuna_tpe,6,7,35,0.0
svc_digits,optuna_tpe,6,8,40,0.0
svc_digits,optuna_tpe,6,9,45,0.0
svc_digits,optuna_tpe,6,10,50,0.0
svc_digits,optuna_tpe,6,11,55,0.0
svc_digits,optuna_tpe,6,12,60,0.0
svc_digits,optuna_tpe,6,13,65,0.0
svc_digits,optuna_tpe,6,14,70,0.0
svc_digits,optuna_tpe,6,15,75,0.0
svc_digits,optuna_tpe,6,16,80,0.0
svc_digits,optuna_tpe,6,17,85,0.0
svc_digits,optuna_tpe,6,18,90,0.0
svc_digits,optuna_tpe,6,19,95,0.0
svc_digits,optuna_tpe,6,20,100,0.0
svc_digits,optuna_tpe,6,21,105,0.0
svc_digits,optuna_tpe,6,22,110,0.0
svc_digits,optuna_tpe,6,23,115,0.0
svc_digits,optuna_tpe,6,24,120,0.0
svc_digits,optuna_tpe,6,25,125,0.0
svc_digits,optuna_tpe,6,26,130,0.0
svc_digits,optuna_tpe,6,27,135,0.0
svc_digits,optuna_tpe,6,28,140,0.0
svc_digits,optuna_tpe,6,29,145,0.0
svc_digits,optuna_tpe,6,30,150,0.0
svc_digits,optuna_tpe,6,31,155,0.0
svc_digits,optuna_tpe,6,32,160,0.0
svc_digits,optuna_tpe,6,33,165,0.0
svc_digits,optuna_tpe,6,34,170,0.0
svc_digits,optuna_tpe,6,35,175,0.0
svc_digits,optuna_tpe,6,36,180,0.0
svc_digits,optuna_tpe,6,37,185,0.0
svc_digits,optuna_tpe,6,38,190,0.0
svc_digits,optuna_tpe,6,39,195,0.0
svc_digits,optuna_tpe,6,40,200,0.0
svc_digits,optuna_tpe,7,1,5,0.6346666666666666
svc_digits,optuna_tpe,7,2,10,0.0013333333333334085
svc_digits,optuna_tpe,7,3,15,0.0013333333333334085
svc_digits,optuna_tpe,7,4,20,0.0013333333333334085
svc_digits,optuna_tpe,7,5,25,0.0013333333333334085
svc_digits,optuna_tpe,7,6,30,0.0013333333333334085
svc_digits,optuna_tpe,7,7,35,0.0013333333333334085
svc_digits,optuna_tpe,7,8,40,0.0013333333333334085
svc_digits,optuna_tpe,7,9,45,0.0013333333333334085
svc_digits,optuna_tpe,7,10,50,0.0013333333333334085
svc_digits,optuna_tpe,7,11,55,0.0013333333333334085
svc_digits,optuna_tpe,7,12,60,0.0013333333333334085
svc_digits,optuna_tpe,7,13,65,0.0013333333333334085
svc_digits,optuna_tpe,7,14,70,0.0013333333333334085
svc_digits,optuna_tpe,7,15,75,0.0013333333333334085
svc_digits,optuna_tpe,7,16,80,0.0013333333333334085
svc_digits,optuna_tpe,7,17,85,0.0013333333333334085
svc_digits,optuna_tpe,7,18,90,0.0013333333333334085
svc_digits,optuna_tpe,7,19,95,0.0013333333333334085
svc_digits,optuna_tpe,7,20,100,0.0013333333333334085
svc_digits,optuna_tpe,7,21,105,0.0013333333333334085
svc_digits,optuna_tpe,7,22,110,0.0013333333333334085
svc_digits,optuna_tpe,7,23,115,0.0013333333333334085
svc_digits,optuna_tpe,7,24,120,0.0013333333333334085
svc_digits,optuna_tpe,7,25,125,0.0013333333333334085
svc_digits,optuna_tpe,7,26,130,0.0013333333333334085
svc_digits,optuna_tpe,7,27,135,0.0013333333333334085
svc_digits,optuna_tpe,7,28,140,0.0013333333333334085
svc_digits,optuna_tpe,7,29,145,0.0013333333333334085
svc_digits,optuna_tpe,7,30,150,0.0013333333333334085
svc_digits,optuna_tpe,7,31,155,0.0013333333333334085
svc_digits,optuna_tpe,7,32,160,0.0013333333333334085
svc_digits,optuna_tpe,7,33,165,0.0013333333333334085
svc_digits,optuna_tpe,7,34,170,0.0013333333333334085
svc_digits,optuna_tpe,7,35,175,0.0013333333333334085
svc_digits,optuna_tpe,7,36,180,0.0013333333333334085
svc_digits,optuna_tpe,7,37,185,0.0013333333333334085
svc_digits,optuna_tpe,7,38,190,0.0013333333333334085
svc_digits,optuna_tpe,7,39,195,0.0013333333333334085
svc_digits,optuna_tpe,7,40,200,0.0013333333333334085
svc_digits,optuna_tpe,8,1,5,0.7986666666666666
svc_digits,optuna_tpe,8,2,10,0.00533333333333319
svc_digits,optuna_tpe,8,3,15,0.00533333333333319
svc_digits,optuna_tpe,8,4,20,0.00533333333333319
svc_digits,optuna_tpe,8,5,25,0.006666666666666599
svc_digits,optuna_tpe,8,6,30,0.006666666666666599
svc_digits,optuna_tpe,8,7,35,0.0013333333333334085
svc_digits,optuna_tpe,8,8,40,0.0013333333333334085
svc_digits,optuna_tpe,8,9,45,0.0013333333333334085
svc_digits,optuna_tpe,8,10,50,0.0013333333333334085
svc_digits,optuna_tpe,8,11,55,0.0013333333333334085
svc_digits,optuna_tpe,8,12,60,0.0013333333333334085
svc_digits,optuna_tpe,8,13,65,0.0013333333333334085
svc_digits,optuna_tpe,8,14,70,0.0013333333333334085
svc_digits,optuna_tpe,8,15,75,0.0013333333333334085
svc_digits,optuna_tpe,8,16,80,0.0013333333333334085
svc_digits,optuna_tpe,8,17,85,0.0013333333333334085
svc_digits,optuna_tpe,8,18,90,0.00533333333333319
svc_digits,optuna_tpe,8,19,95,0.00533333333333319
svc_digits,optuna_tpe,8,20,100,0.00533333333333319
svc_digits,optuna_tpe,8,21,105,0.00533333333333319
svc_digits,optuna_tpe,8,22,110,0.00533333333333319
svc_digits,optuna_tpe,8,23,115,0.00533333333333319
svc_digits,optuna_tpe,8,24,120,0.00533333333333319
svc_digits,optuna_tpe,8,25,125,0.00533333333333319
svc_digits,optuna_tpe,8,26,130,0.00533333333333319
svc_digits,optuna_tpe,8,27,135,0.00533333333333319
svc_digits,optuna_tpe,8,28,140,0.00533333333333319
svc_digits,optuna_tpe,8,29,145,0.00533333333333319
svc_digits,optuna_tpe,8,30,150,0.00533333333333319
svc_digits,optuna_tpe,8,31,155,0.00533333333333319
svc_digits,optuna_tpe,8,32,160,0.00533333333333319
svc_digits,optuna_tpe,8,33,165,0.00533333333333319
svc_digits,optuna_tpe,8,34,170,0.00533333333333319
svc_digits,optuna_tpe,8,35,175,0.00533333333333319
svc_digits,optuna_tpe,8,36,180,0.00533333333333319
svc_digits,optuna_tpe,8,37,185,0.00533333333333319
svc_digits,optuna_tpe,8,38,190,0.00533333333333319
svc_digits,optuna_tpe,8,39,195,0.00533333333333319
svc_digits,optuna_tpe,8,40,200,0.00533333333333319
svc_digits,optuna_tpe,9,1,5,0.5973333333333333
svc_digits,optuna_tpe,9,2,10,0.5973333333333333
svc_digits,optuna_tpe,9,3,15,0.5973333333333333
svc_digits,optuna_tpe,9,4,20,0.5973333333333333
svc_digits,optuna_tpe,9,5,25,0.5973333333333333
svc_digits,optuna_tpe,9,6,30,0.5973333333333333
svc_digits,optuna_tpe,9,7,35,0.008000000000000007
svc_digits,optuna_tpe,9,8,40,0.00533333333333319
svc_digits,optuna_tpe,9,9,45,0.00533333333333319
svc_digits,optuna_tpe,9,10,50,0.00533333333333319
svc_digits,optuna_tpe,9,11,55,0.00533333333333319
svc_digits,optuna_tpe,9,12,60,0.00533333333333319
svc_digits,optuna_tpe,9,13,65,0.00533333333333319
svc_digits,optuna_tpe,9,14,70,0.00533333333333319
svc_digits,optuna_tpe,9,15,75,0.00533333333333319
svc_digits,optuna_tpe,9,16,80,0.00533333333333319
svc_digits,optuna_tpe,9,17,85,0.00533333333333319
svc_digits,optuna_tpe,9,18,90,0.00533333333333319
svc_digits,optuna_tpe,9,19,95,0.00533333333333319
svc_digits,optuna_tpe,9,20,100,0.00533333333333319
svc_digits,optuna_tpe,9,21,105,0.00533333333333319
svc_digits,optuna_tpe,9,22,110,0.00533333333333319
svc_digits,optuna_tpe,9,23,115,0.00533333333333319
svc_digits,optuna_tpe,9,24,120,0.00533333333333319
svc_digits,optuna_tpe,9,25,125,0.00533333333333319
svc_digits,optuna_tpe,9,26,130,0.00533333333333319
svc_digits,optuna_tpe,9,27,135,0.00533333333333319
svc_digits,optuna_tpe,9,28,140,0.00533333333333319
svc_digits,optuna_tpe,9,29,145,0.00533333333333319
svc_digits,optuna_tpe,9,30,150,0.00533333333333319
svc_digits,optuna_tpe,9,31,155,0.00533333333333319
svc_digits,optuna_tpe,9,32,160,0.00533333333333319
svc_digits,optuna_tpe,9,33,165,0.00533333333333319
svc_digits,optuna_tpe,9,34,170,0.00533333333333319
svc_digits,optuna_tpe,9,35,175,0.00533333333333319
svc_digits,optuna_tpe,9,36,180,0.0
svc_digits,optuna_tpe,9,37,185,0.0
svc_digits,optuna_tpe,9,38,190,0.0
svc_digits,optuna_tpe,9,39,195,0.0
svc_digits,optuna_tpe,9,40,200,0.0
tree_cancer,ags_default,0,1,5,0.009357045143638776
tree_cancer,ags_default,0,2,10,0.009357045143638776
tree_cancer,ags_default,0,3,15,0.009357045143638776
tree_cancer,ags_default,0,4,20,0.009357045143638776
tree_cancer,ags_default,0,5,25,0.009357045143638776
tree_cancer,ags_default,0,6,30,0.009357045143638776
tree_cancer,ags_default,0,7,35,0.009357045143638776
tree_cancer,ags_default,0,8,40,0.009357045143638776
tree_cancer,ags_default,0,9,45,0.009357045143638776
tree_cancer,ags_default,0,10,50,0.009357045143638776
tree_cancer,ags_default,0,11,55,0.009357045143638776
tree_cancer,ags_default,0,12,60,0.009357045143638776
tree_cancer,ags_default,0,13,65,0.009357045143638776
tree_cancer,ags_default,0,14,70,0.009357045143638776
tree_cancer,ags_default,0,15,75,0.009329685362517215
tree_cancer,ags_default,0,16,80,0.009329685362517215
tree_cancer,ags_default,0,17,85,0.009329685362517215
tree_cancer,ags_default,0,18,90,0.009329685362517215
tree_cancer,ags_default,0,19,95,0.009329685362517215
tree_cancer,ags_default,0,20,100,0.009329685362517215
tree_cancer,ags_default,0,21,105,0.009329685362517215
tree_cancer,ags_default,0,22,107,0.009329685362517215
tree_cancer,ags_default,0,23,112,0.009329685362517215
tree_cancer,ags_default,0,24,117,0.009329685362517215
tree_cancer,ags_default,0,25,122,0.009329685362517215
tree_cancer,ags_default,0,26,127,0.009329685362517215
tree_cancer,ags_default,0,27,132,0.009329685362517215
tree_cancer,ags_default,0,28,137,0.009329685362517215
tree_cancer,ags_default,0,29,142,0.009329685362517215
tree_cancer,ags_default,0,30,147,0.009329685362517215
tree_cancer,ags_default,0,31,152,0.009329685362517215
tree_cancer,ags_default,0,32,157,0.009329685362517215
tree_cancer,ags_default,0,33,162,0.0023803009575924516
tree_cancer,ags_default,0,34,167,0.0023803009575924516
tree_cancer,ags_default,0,35,172,0.0023803009575924516
tree_cancer,ags_default,0,36,177,0.0023803009575924516
tree_cancer,ags_default,0,37,182,0.0023803009575924516
tree_cancer,ags_default,0,38,187,0.0023803009575924516
tree_cancer,ags_default,0,39,192,0.0023803009575924516
tree_cancer,ags_default,0,40,197,0.0023803009575924516
tree_cancer,ags_default,0,41,202,0.0023803009575924516
tree_cancer,ags_default,0,42,207,0.0023803009575924516
tree_cancer,ags_default,0,43,210,0.0023803009575924516
tree_cancer,ags_default,0,44,215,0.0023803009575924516
tree_cancer,ags_default,0,45,220,0.0023803009575924516
tree_cancer,ags_default,0,46,225,0.0023803009575924516
tree_cancer,ags_default,0,47,230,0.0023803009575924516
tree_cancer,ags_default,0,48,235,0.004705882352941226
tree_cancer,ags_default,0,49,240,0.004705882352941226
tree_cancer,ags_default,0,50,245,0.004705882352941226
tree_cancer,ags_default,0,51,248,0.004705882352941226
tree_cancer,ags_default,0,52,253,0.004705882352941226
tree_cancer,ags_default,0,53,258,0.004705882352941226
tree_cancer,ags_default,0,54,261,0.004705882352941226
tree_cancer,ags_default,0,55,266,0.004705882352941226
tree_cancer,ags_default,0,56,269,0.004705882352941226
tree_cancer,ags_default,0,57,274,0.004705882352941226
tree_cancer,ags_default,0,58,279,0.004705882352941226
tree_cancer,ags_default,0,59,284,0.004705882352941226
tree_cancer,ags_default,0,60,289,0.004705882352941226
tree_cancer,ags_default,1,1,5,0.035157318741450005
tree_cancer,ags_default,1,2,10,0.0023529411764704466
tree_cancer,ags_default,1,3,15,0.0023529411764704466
tree_cancer,ags_default,1,4,20,0.0023529411764704466
tree_cancer,ags_default,1,5,25,0.0023529411764704466
tree_cancer,ags_default,1,6,30,0.0023529411764704466
tree_cancer,ags_default,1,7,35,0.0023529411764704466
tree_cancer,ags_default,1,8,40,0.0023529411764704466
tree_cancer,ags_default,1,9,45,0.0023529411764704466
tree_cancer,ags_default,1,10,50,0.0023529411764704466
tree_cancer,ags_default,1,11,55,0.0023529411764704466
tree_cancer,ags_default,1,12,60,0.009411764705882453
tree_cancer,ags_default,1,13,65,0.009411764705882453
tree_cancer,ags_default,1,14,70,0.009411764705882453
tree_cancer,ags_default,1,15,75,0.009411764705882453
tree_cancer,ags_default,1,16,80,0.009411764705882453
tree_cancer,ags_default,1,17,85,0.009411764705882453
tree_cancer,ags_default,1,18,90,0.009411764705882453
tree_cancer,ags_default,1,19,95,0.009411764705882453
tree_cancer,ags_default,1,20,97,0.007058823529411784
tree_cancer,ags_default,1,21,102,0.007058823529411784
tree_cancer,ags_default,1,22,107,0.007058823529411784
tree_cancer,ags_default,1,23,109,0.007058823529411784
tree_cancer,ags_default,1,24,114,0.007058823529411784
tree_cancer,ags_default,1,25,119,0.007058823529411784
tree_cancer,ags_default,1,26,124,0.007058823529411784
tree_cancer,ags_default,1,27,126,0.007058823529411784
tree_cancer,ags_default,1,28,128,0.007058823529411784
tree_cancer,ags_default,1,29,133,0.007058823529411784
tree_cancer,ags_default,1,30,138,0.007058823529411784
tree_cancer,ags_default,1,31,140,0.007058823529411784
tree_cancer,ags_default,1,32,145,0.007058823529411784
tree_cancer,ags_default,1,33,150,0.007058823529411784
tree_cancer,ags_default,1,34,155,0.007058823529411784
tree_cancer,ags_default,1,35,160,0.007058823529411784
tree_cancer,ags_default,1,36,162,0.007058823529411784
tree_cancer,ags_default,1,37,167,0.007058823529411784
tree_cancer,ags_default,1,38,172,0.007058823529411784
tree_cancer,ags_default,1,39,174,0.007058823529411784
tree_cancer,ags_default,1,40,179,0.011709986320109445
tree_cancer,ags_default,1,41,181,0.011709986320109445
tree_cancer,ags_default,1,42,186,0.011709986320109445
tree_cancer,ags_default,1,43,188,0.011709986320109445
tree_cancer,ags_default,1,44,190,0.011709986320109445
tree_cancer,ags_default,1,45,195,0.011709986320109445
tree_cancer,ags_default,1,46,197,0.011709986320109445
tree_cancer,ags_default,1,47,202,0.011709986320109445
tree_cancer,ags_default,1,48,206,0.011709986320109445
tree_cancer,ags_default,1,49,208,0.011709986320109445
tree_cancer,ags_default,1,50,213,0.011709986320109445
tree_cancer,ags_default,1,51,218,0.011709986320109445
tree_cancer,ags_default,1,52,223,0.011709986320109445
tree_cancer,ags_default,1,53,227,0.011709986320109445
tree_cancer,ags_default,1,54,231,0.011709986320109445
tree_cancer,ags_default,1,55,235,0.011709986320109445
tree_cancer,ags_default,1,56,240,0.011709986320109445
tree_cancer,ags_default,1,57,245,0.007058823529411784
tree_cancer,ags_default,1,58,250,0.007058823529411784
tree_cancer,ags_default,1,59,255,0.007058823529411784
tree_cancer,ags_default,1,60,260,0.007058823529411784
tree_cancer,ags_default,2,1,5,0.007031463748290001
tree_cancer,ags_default,2,2,10,0.007031463748290001
tree_cancer,ags_default,2,3,15,0.007031463748290001
tree_cancer,ags_default,2,4,20,0.007031463748290001
tree_cancer,ags_default,2,5,25,0.007031463748290001
tree_cancer,ags_default,2,6,30,0.007031463748290001
tree_cancer,ags_default,2,7,35,0.007031463748290001
tree_cancer,ags_default,2,8,40,0.007031463748290001
tree_cancer,ags_default,2,9,45,0.007031463748290001
tree_cancer,ags_default,2,10,50,0.007031463748290001
tree_cancer,ags_default,2,11,55,0.007031463748290001
tree_cancer,ags_default,2,12,60,0.007031463748290001
tree_cancer,ags_default,2,13,65,0.007031463748290001
tree_cancer,ags_default,2,14,70,0.007031463748290001
tree_cancer,ags_default,2,15,75,0.007031463748290001
tree_cancer,ags_default,2,16,80,0.007031463748290001
tree_cancer,ags_default,2,17,85,0.007031463748290001
tree_cancer,ags_default,2,18,90,0.007031463748290001
tree_cancer,ags_default,2,19,95,0.007031463748290001
tree_cancer,ags_default,2,20,100,0.007031463748290001
tree_cancer,ags_default,2,21,105,0.007031463748290001
tree_cancer,ags_default,2,22,110,0.007031463748290001
tree_cancer,ags_default,2,23,115,0.007031463748290001
tree_cancer,ags_default,2,24,120,0.007031463748290001
tree_cancer,ags_default,2,25,125,0.007031463748290001
tree_cancer,ags_default,2,26,130,0.004733242134062787
tree_cancer,ags_default,2,27,135,0.004733242134062787
tree_cancer,ags_default,2,28,140,0.004733242134062787
tree_cancer,ags_default,2,29,145,0.004733242134062787
tree_cancer,ags_default,2,30,150,0.004733242134062787
tree_cancer,ags_default,2,31,155,0.004733242134062787
tree_cancer,ags_default,2,32,160,0.004733242134062787
tree_cancer,ags_default,2,33,165,0.004733242134062787
tree_cancer,ags_default,2,34,170,0.004733242134062787
tree_cancer,ags_default,2,35,175,0.004733242134062787
tree_cancer,ags_default,2,36,180,0.004733242134062787
tree_cancer,ags_default,2,37,185,0.004733242134062787
tree_cancer,ags_default,2,38,190,0.004733242134062787
tree_cancer,ags_default,2,39,195,0.004733242134062787
tree_cancer,ags_default,2,40,200,0.004733242134062787
tree_cancer,ags_default,2,41,205,0.004733242134062787
tree_cancer,ags_default,2,42,210,0.004733242134062787
tree_cancer,ags_default,2,43,215,0.004733242134062787
tree_cancer,ags_default,2,44,220,0.004733242134062787
tree_cancer,ags_default,2,45,225,0.004733242134062787
tree_cancer,ags_default,2,46,230,0.004733242134062787
tree_cancer,ags_default,2,47,235,0.004733242134062787
tree_cancer,ags_default,2,48,240,0.004733242134062787
tree_cancer,ags_default,2,49,245,0.004733242134062787
tree_cancer,ags_default,2,50,248,0.004733242134062787
tree_cancer,ags_default,2,51,253,0.004733242134062787
tree_cancer,ags_default,2,52,258,0.004733242134062787
tree_cancer,ags_default,2,53,263,0.004733242134062787
tree_cancer,ags_default,2,54,268,0.004733242134062787
tree_cancer,ags_default,2,55,271,0.004733242134062787
tree_cancer,ags_default,2,56,276,0.004733242134062787
tree_cancer,ags_default,2,57,281,0.004733242134062787
tree_cancer,ags_default,2,58,286,0.004733242134062787
tree_cancer,ags_default,2,59,291,0.004733242134062787
tree_cancer,ags_default,2,60,294,0.004733242134062787
tree_cancer,ags_default,3,1,5,0.009329685362516993
tree_cancer,ags_default,3,2,10,0.009329685362516993
tree_cancer,ags_default,3,3,15,0.009329685362516993
tree_cancer,ags_default,3,4,20,0.009329685362516993
tree_cancer,ags_default,3,5,25,0.009329685362516993
tree_cancer,ags_default,3,6,30,0.009329685362516993
tree_cancer,ags_default,3,7,35,0.014062927496580002
tree_cancer,ags_default,3,8,40,0.014062927496580002
tree_cancer,ags_default,3,9,45,0.009357045143638776
tree_cancer,ags_default,3,10,50,0.014062927496580002
tree_cancer,ags_default,3,11,55,0.014062927496580002
tree_cancer,ags_default,3,12,60,0.014062927496580002
tree_cancer,ags_default,3,13,65,0.014062927496580002
tree_cancer,ags_default,3,14,70,0.014062927496580002
tree_cancer,ags_default,3,15,75,0.014062927496580002
tree_cancer,ags_default,3,16,77,0.014062927496580002
tree_cancer,ags_default,3,17,82,0.014062927496580002
tree_cancer,ags_default,3,18,87,0.014062927496580002
tree_cancer,ags_default,3,19,92,0.014062927496580002
tree_cancer,ags_default,3,20,94,0.014062927496580002
tree_cancer,ags_default,3,21,99,0.014062927496580002
tree_cancer,ags_default,3,22,104,0.014062927496580002
tree_cancer,ags_default,3,23,109,0.014062927496580002
tree_cancer,ags_default,3,24,114,0.014062927496580002
tree_cancer,ags_default,3,25,119,0.014062927496580002
tree_cancer,ags_default,3,26,124,0.014062927496580002
tree_cancer,ags_default,3,27,126,0.014062927496580002
tree_cancer,ags_default,3,28,129,0.014062927496580002
tree_cancer,ags_default,3,29,134,0.014062927496580002
tree_cancer,ags_default,3,30,136,0.014062927496580002
tree_cancer,ags_default,3,31,141,0.014062927496580002
tree_cancer,ags_default,3,32,143,0.014062927496580002
tree_cancer,ags_default,3,33,146,0.014062927496580002
tree_cancer,ags_default,3,34,151,0.014062927496580002
tree_cancer,ags_default,3,35,156,0.0023529411764705577
tree_cancer,ags_default,3,36,159,0.0023529411764705577
tree_cancer,ags_default,3,37,162,0.0023529411764705577
tree_cancer,ags_default,3,38,167,0.0023529411764705577
tree_cancer,ags_default,3,39,172,0.0023529411764705577
tree_cancer,ags_default,3,40,174,0.0023529411764705577
tree_cancer,ags_default,3,41,179,0.0023529411764705577
tree_cancer,ags_default,3,42,181,0.0023529411764705577
tree_cancer,ags_default,3,43,186,0.0023529411764705577
tree_cancer,ags_default,3,44,188,0.0023529411764705577
tree_cancer,ags_default,3,45,193,0.0023529411764705577
tree_cancer,ags_default,3,46,198,0.0023529411764705577
tree_cancer,ags_default,3,47,203,0.0023529411764705577
tree_cancer,ags_default,3,48,205,0.0023529411764705577
tree_cancer,ags_default,3,49,210,0.0023529411764705577
tree_cancer,ags_default,3,50,215,0.0023529411764705577
tree_cancer,ags_default,3,51,220,0.0023529411764705577
tree_cancer,ags_default,3,52,225,0.0023529411764705577
tree_cancer,ags_default,3,53,230,0.0023529411764705577
tree_cancer,ags_default,3,54,235,0.0023529411764705577
tree_cancer,ags_default,3,55,240,0.0023529411764705577
tree_cancer,ags_default,3,56,245,0.0023529411764705577
tree_cancer,ags_default,3,57,250,0.0023529411764705577
tree_cancer,ags_default,3,58,252,0.0023529411764705577
tree_cancer,ags_default,3,59,254,0.0023529411764705577
tree_cancer,ags_default,3,60,259,0.0023529411764705577
tree_cancer,ags_default,4,1,5,0.004733242134062787
tree_cancer,ags_default,4,2,10,0.004733242134062787
tree_cancer,ags_default,4,3,15,0.004733242134062787
tree_cancer,ags_default,4,4,20,0.004733242134062787
tree_cancer,ags_default,4,5,25,0.004733242134062787
tree_cancer,ags_default,4,6,30,0.004733242134062787
tree_cancer,ags_default,4,7,35,0.004733242134062787
tree_cancer,ags_default,4,8,40,0.004733242134062787
tree_cancer,ags_default,4,9,45,0.004733242134062787
tree_cancer,ags_default,4,10,50,0.004733242134062787
tree_cancer,ags_default,4,11,55,0.004733242134062787
tree_cancer,ags_default,4,12,60,0.004733242134062787
tree_cancer,ags_default,4,13,65,0.004733242134062787
tree_cancer,ags_default,4,14,70,0.004733242134062787
tree_cancer,ags_default,4,15,75,0.004733242134062787
tree_cancer,ags_default,4,16,80,0.004733242134062787
tree_cancer,ags_default,4,17,85,0.004733242134062787
tree_cancer,ags_default,4,18,90,0.004733242134062787
tree_cancer,ags_default,4,19,95,0.004733242134062787
tree_cancer,ags_default,4,20,100,0.004733242134062787
tree_cancer,ags_default,4,21,105,0.004733242134062787
tree_cancer,ags_default,4,22,110,0.004733242134062787
tree_cancer,ags_default,4,23,115,0.004733242134062787
tree_cancer,ags_default,4,24,120,0.004733242134062787
tree_cancer,ags_default,4,25,125,0.004733242134062787
tree_cancer,ags_default,4,26,130,0.004733242134062787
tree_cancer,ags_default,4,27,135,0.004733242134062787
tree_cancer,ags_default,4,28,140,0.004733242134062787
tree_cancer,ags_default,4,29,144,0.004733242134062787
tree_cancer,ags_default,4,30,149,0.004733242134062787
tree_cancer,ags_default,4,31,153,0.004733242134062787
tree_cancer,ags_default,4,32,158,0.004733242134062787
tree_cancer,ags_default,4,33,163,0.004733242134062787
tree_cancer,ags_default,4,34,167,0.004733242134062787
tree_cancer,ags_default,4,35,172,0.004733242134062787
tree_cancer,ags_default,4,36,177,0.004733242134062787
tree_cancer,ags_default,4,37,182,0.004733242134062787
tree_cancer,ags_default,4,38,186,0.004733242134062787
tree_cancer,ags_default,4,39,191,0.004733242134062787
tree_cancer,ags_default,4,40,195,0.004733242134062787
tree_cancer,ags_default,4,41,200,0.004733242134062787
tree_cancer,ags_default,4,42,205,0.004733242134062787
tree_cancer,ags_default,4,43,210,0.004733242134062787
tree_cancer,ags_default,4,44,215,0.004733242134062787
tree_cancer,ags_default,4,45,219,0.004733242134062787
tree_cancer,ags_default,4,46,224,0.004733242134062787
tree_cancer,ags_default,4,47,229,0.004733242134062787
tree_cancer,ags_default,4,48,234,0.004733242134062787
tree_cancer,ags_default,4,49,238,0.004733242134062787
tree_cancer,ags_default,4,50,243,0.004733242134062787
tree_cancer,ags_default,4,51,248,0.004733242134062787
tree_cancer,ags_default,4,52,250,0.004733242134062787
tree_cancer,ags_default,4,53,255,0.004733242134062787
tree_cancer,ags_default,4,54,259,0.004733242134062787
tree_cancer,ags_default,4,55,261,0.004733242134062787
tree_cancer,ags_default,4,56,266,0.004733242134062787
tree_cancer,ags_default,4,57,270,0.004733242134062787
tree_cancer,ags_default,4,58,274,0.004733242134062787
tree_cancer,ags_default,4,59,276,0.004733242134062787
tree_cancer,ags_default,4,60,281,0.004733242134062787
tree_cancer,ags_default,5,1,5,0.02114911080711357
tree_cancer,ags_default,5,2,10,0.02114911080711357
tree_cancer,ags_default,5,3,15,0.02114911080711357
tree_cancer,ags_default,5,4,20,0.02114911080711357
tree_cancer,ags_default,5,5,25,0.03751025991792056
tree_cancer,ags_default,5,6,30,0.03751025991792056
tree_cancer,ags_default,5,7,35,0.03751025991792056
tree_cancer,ags_default,5,8,40,0.03751025991792056
tree_cancer,ags_default,5,9,45,0.0516552667578658
tree_cancer,ags_default,5,10,50,0.0516552667578658
tree_cancer,ags_default,5,11,55,0.0516552667578658
tree_cancer,ags_default,5,12,60,0.0516552667578658
tree_cancer,ags_default,5,13,65,0.0516552667578658
tree_cancer,ags_default,5,14,70,0.0516552667578658
tree_cancer,ags_default,5,15,75,0.0516552667578658
tree_cancer,ags_default,5,16,80,0.0516552667578658
tree_cancer,ags_default,5,17,85,0.0516552667578658
tree_cancer,ags_default,5,18,90,0.0516552667578658
tree_cancer,ags_default,5,19,95,0.0516552667578658
tree_cancer,ags_default,5,20,100,0.011709986320109222
tree_cancer,ags_default,5,21,105,0.011709986320109222
tree_cancer,ags_default,5,22,110,0.011709986320109222
tree_cancer,ags_default,5,23,115,0.011709986320109222
tree_cancer,ags_default,5,24,120,0.011709986320109222
tree_cancer,ags_default,5,25,125,0.011709986320109222
tree_cancer,ags_default,5,26,130,0.011709986320109222
tree_cancer,ags_default,5,27,135,0.011709986320109222
tree_cancer,ags_default,5,28,140,0.011709986320109222
tree_cancer,ags_default,5,29,145,0.011709986320109222
tree_cancer,ags_default,5,30,150,0.011709986320109222
tree_cancer,ags_default,5,31,155,0.011709986320109222
tree_cancer,ags_default,5,32,160,0.011709986320109222
tree_cancer,ags_default,5,33,165,0.011709986320109222
tree_cancer,ags_default,5,34,170,0.011709986320109222
tree_cancer,ags_default,5,35,175,0.011709986320109222
tree_cancer,ags_default,5,36,180,0.011709986320109222
tree_cancer,ags_default,5,37,185,0.011709986320109222
tree_cancer,ags_default,5,38,190,0.011709986320109222
tree_cancer,ags_default,5,39,195,0.011709986320109222
tree_cancer,ags_default,5,40,200,0.011709986320109222
tree_cancer,ags_default,5,41,205,0.011709986320109222
tree_cancer,ags_default,5,42,210,0.011709986320109222
tree_cancer,ags_default,5,43,215,0.011709986320109222
tree_cancer,ags_default,5,44,220,0.011709986320109222
tree_cancer,ags_default,5,45,225,0.011709986320109222
tree_cancer,ags_default,5,46,227,0.011709986320109222
tree_cancer,ags_default,5,47,232,0.011709986320109222
tree_cancer,ags_default,5,48,237,0.011709986320109222
tree_cancer,ags_default,5,49,239,0.011709986320109222
tree_cancer,ags_default,5,50,244,0.011709986320109222
tree_cancer,ags_default,5,51,249,0.011709986320109222
tree_cancer,ags_default,5,52,251,0.011709986320109222
tree_cancer,ags_default,5,53,256,0.011709986320109222
tree_cancer,ags_default,5,54,261,0.011709986320109222
tree_cancer,ags_default,5,55,266,0.011709986320109222
tree_cancer,ags_default,5,56,271,0.011709986320109222
tree_cancer,ags_default,5,57,276,0.011709986320109222
tree_cancer,ags_default,5,58,281,0.011709986320109222
tree_cancer,ags_default,5,59,286,0.011709986320109222
tree_cancer,ags_default,5,60,291,0.011709986320109222
tree_cancer,ags_default,6,1,5,0.011709986320109445
tree_cancer,ags_default,6,2,10,0.011709986320109445
tree_cancer,ags_default,6,3,15,0.011709986320109445
tree_cancer,ags_default,6,4,20,0.011709986320109445
tree_cancer,ags_default,6,5,25,0.011709986320109445
tree_cancer,ags_default,6,6,30,0.011709986320109445
tree_cancer,ags_default,6,7,35,0.011709986320109445
tree_cancer,ags_default,6,8,40,0.011709986320109445
tree_cancer,ags_default,6,9,45,0.011709986320109445
tree_cancer,ags_default,6,10,50,0.011709986320109445
tree_cancer,ags_default,6,11,55,0.011709986320109445
tree_cancer,ags_default,6,12,60,0.011709986320109445
tree_cancer,ags_default,6,13,62,0.011709986320109445
tree_cancer,ags_default,6,14,67,0.011709986320109445
tree_cancer,ags_default,6,15,72,0.011709986320109445
tree_cancer,ags_default,6,16,77,0.011709986320109445
tree_cancer,ags_default,6,17,82,0.011709986320109445
tree_cancer,ags_default,6,18,87,0.011709986320109445
tree_cancer,ags_default,6,19,92,0.011709986320109445
tree_cancer,ags_default,6,20,97,0.011709986320109445
tree_cancer,ags_default,6,21,102,0.011709986320109445
tree_cancer,ags_default,6,22,107,0.011709986320109445
tree_cancer,ags_default,6,23,112,0.011709986320109445
tree_cancer,ags_default,6,24,117,0.011709986320109445
tree_cancer,ags_default,6,25,122,0.011709986320109445
tree_cancer,ags_default,6,26,127,0.011709986320109445
tree_cancer,ags_default,6,27,132,0.011709986320109445
tree_cancer,ags_default,6,28,134,0.011709986320109445
tree_cancer,ags_default,6,29,139,0.011709986320109445
tree_cancer,ags_default,6,30,144,0.011709986320109445
tree_cancer,ags_default,6,31,146,0.011709986320109445
tree_cancer,ags_default,6,32,151,0.011709986320109445
tree_cancer,ags_default,6,33,156,0.011709986320109445
tree_cancer,ags_default,6,34,158,0.011709986320109445
tree_cancer,ags_default,6,35,163,0.011709986320109445
tree_cancer,ags_default,6,36,168,0.011709986320109445
tree_cancer,ags_default,6,37,173,0.011709986320109445
tree_cancer,ags_default,6,38,178,0.011709986320109445
tree_cancer,ags_default,6,39,180,0.011709986320109445
tree_cancer,ags_default,6,40,185,0.011709986320109445
tree_cancer,ags_default,6,41,190,0.011709986320109445
tree_cancer,ags_default,6,42,192,0.011709986320109445
tree_cancer,ags_default,6,43,197,0.011709986320109445
tree_cancer,ags_default,6,44,202,0.011709986320109445
tree_cancer,ags_default,6,45,204,0.011709986320109445
tree_cancer,ags_default,6,46,209,0.011709986320109445
tree_cancer,ags_default,6,47,214,0.011709986320109445
tree_cancer,ags_default,6,48,219,0.011709986320109445
tree_cancer,ags_default,6,49,224,0.011709986320109445
tree_cancer,ags_default,6,50,229,0.011709986320109445
tree_cancer,ags_default,6,51,234,0.011709986320109445
tree_cancer,ags_default,6,52,239,0.011709986320109445
tree_cancer,ags_default,6,53,241,0.011709986320109445
tree_cancer,ags_default,6,54,246,0.011709986320109445
tree_cancer,ags_default,6,55,248,0.011709986320109445
tree_cancer,ags_default,6,56,250,0.011709986320109445
tree_cancer,ags_default,6,57,255,0.011709986320109445
tree_cancer,ags_default,6,58,257,0.011709986320109445
tree_cancer,ags_default,6,59,262,0.011709986320109445
tree_cancer,ags_default,6,60,264,0.011709986320109445
tree_cancer,ags_default,7,1,5,0.0023529411764705577
tree_cancer,ags_default,7,2,10,0.0023529411764705577
tree_cancer,ags_default,7,3,15,0.0023529411764705577
tree_cancer,ags_default,7,4,20,0.0023529411764705577
tree_cancer,ags_default,7,5,25,0.0023529411764705577
tree_cancer,ags_default,7,6,30,0.0023529411764705577
tree_cancer,ags_default,7,7,35,0.0023529411764705577
tree_cancer,ags_default,7,8,40,0.0023529411764705577
tree_cancer,ags_default,7,9,45,0.0023529411764705577
tree_cancer,ags_default,7,10,50,0.0023529411764705577
tree_cancer,ags_default,7,11,55,0.0023529411764705577
tree_cancer,ags_default,7,12,60,0.0023529411764705577
tree_cancer,ags_default,7,13,65,0.0023529411764705577
tree_cancer,ags_default,7,14,70,0.0023529411764705577
tree_cancer,ags_default,7,15,75,0.0023529411764705577
tree_cancer,ags_default,7,16,80,0.0023529411764705577
tree_cancer,ags_default,7,17,85,0.0023529411764705577
tree_cancer,ags_default,7,18,90,0.0023529411764705577
tree_cancer,ags_default,7,19,95,0.0023529411764705577
tree_cancer,ags_default,7,20,100,0.0023529411764705577
tree_cancer,ags_default,7,21,105,0.0023529411764705577
tree_cancer,ags_default,7,22,110,0.0023529411764705577
tree_cancer,ags_default,7,23,115,0.0023529411764705577
tree_cancer,ags_default,7,24,120,0.0023529411764705577
tree_cancer,ags_default,7,25,125,0.018768809849521007
tree_cancer,ags_default,7,26,130,0.014062927496580002
tree_cancer,ags_default,7,27,135,0.014062927496580002
tree_cancer,ags_default,7,28,140,0.014062927496580002
tree_cancer,ags_default,7,29,145,0.014062927496580002
tree_cancer,ags_default,7,30,150,0.014062927496580002
tree_cancer,ags_default,7,31,155,0.014062927496580002
tree_cancer,ags_default,7,32,157,0.014062927496580002
tree_cancer,ags_default,7,33,162,0.014062927496580002
tree_cancer,ags_default,7,34,167,0.014062927496580002
tree_cancer,ags_default,7,35,169,0.014062927496580002
tree_cancer,ags_default,7,36,174,0.014062927496580002
tree_cancer,ags_default,7,37,176,0.014062927496580002
tree_cancer,ags_default,7,38,181,0.014062927496580002
tree_cancer,ags_default,7,39,183,0.014062927496580002
tree_cancer,ags_default,7,40,188,0.014062927496580002
tree_cancer,ags_default,7,41,190,0.014062927496580002
tree_cancer,ags_default,7,42,195,0.014062927496580002
tree_cancer,ags_default,7,43,200,0.014062927496580002
tree_cancer,ags_default,7,44,205,0.014062927496580002
tree_cancer,ags_default,7,45,210,0.014062927496580002
tree_cancer,ags_default,7,46,215,0.014062927496580002
tree_cancer,ags_default,7,47,220,0.014062927496580002
tree_cancer,ags_default,7,48,223,0.014062927496580002
tree_cancer,ags_default,7,49,228,0.014062927496580002
tree_cancer,ags_default,7,50,233,0.014062927496580002
tree_cancer,ags_default,7,51,238,0.014062927496580002
tree_cancer,ags_default,7,52,243,0.014062927496580002
tree_cancer,ags_default,7,53,248,0.014062927496580002
tree_cancer,ags_default,7,54,253,0.014062927496580002
tree_cancer,ags_default,7,55,255,0.014062927496580002
tree_cancer,ags_default,7,56,260,0.014062927496580002
tree_cancer,ags_default,7,57,265,0.014062927496580002
tree_cancer,ags_default,7,58,270,0.014062927496580002
tree_cancer,ags_default,7,59,275,0.014062927496580002
tree_cancer,ags_default,7,60,277,0.014062927496580002
tree_cancer,ags_default,8,1,5,0.007058823529411784
tree_cancer,ags_default,8,2,10,0.007058823529411784
tree_cancer,ags_default,8,3,15,0.007058823529411784
tree_cancer,ags_default,8,4,20,0.007058823529411784
tree_cancer,ags_default,8,5,25,0.007058823529411784
tree_cancer,ags_default,8,6,30,0.007058823529411784
tree_cancer,ags_default,8,7,35,0.007058823529411784
tree_cancer,ags_default,8,8,40,0.007058823529411784
tree_cancer,ags_default,8,9,45,0.007058823529411784
tree_cancer,ags_default,8,10,50,0.007058823529411784
tree_cancer,ags_default,8,11,55,0.007058823529411784
tree_cancer,ags_default,8,12,60,0.007058823529411784
tree_cancer,ags_default,8,13,65,0.007058823529411784
tree_cancer,ags_default,8,14,70,0.007058823529411784
tree_cancer,ags_default,8,15,75,0.007058823529411784
tree_cancer,ags_default,8,16,80,0.007058823529411784
tree_cancer,ags_default,8,17,85,0.007058823529411784
tree_cancer,ags_default,8,18,90,0.007058823529411784
tree_cancer,ags_default,8,19,95,0.007058823529411784
tree_cancer,ags_default,8,20,100,0.007058823529411784
tree_cancer,ags_default,8,21,105,0.007058823529411784
tree_cancer,ags_default,8,22,110,0.007058823529411784
tree_cancer,ags_default,8,23,115,0.007058823529411784
tree_cancer,ags_default,8,24,120,0.007058823529411784
tree_cancer,ags_default,8,25,125,0.007058823529411784
tree_cancer,ags_default,8,26,130,0.007058823529411784
tree_cancer,ags_default,8,27,135,0.007058823529411784
tree_cancer,ags_default,8,28,140,0.007058823529411784
tree_cancer,ags_default,8,29,145,0.007058823529411784
tree_cancer,ags_default,8,30,150,0.007058823529411784
tree_cancer,ags_default,8,31,152,0.007058823529411784
tree_cancer,ags_default,8,32,154,0.007058823529411784
tree_cancer,ags_default,8,33,159,0.007058823529411784
tree_cancer,ags_default,8,34,164,0.007058823529411784
tree_cancer,ags_default,8,35,169,0.007058823529411784
tree_cancer,ags_default,8,36,174,0.007058823529411784
tree_cancer,ags_default,8,37,179,0.007058823529411784
tree_cancer,ags_default,8,38,184,0.007058823529411784
tree_cancer,ags_default,8,39,189,0.007058823529411784
tree_cancer,ags_default,8,40,191,0.007058823529411784
tree_cancer,ags_default,8,41,196,0.007058823529411784
tree_cancer,ags_default,8,42,201,0.007058823529411784
tree_cancer,ags_default,8,43,206,0.007058823529411784
tree_cancer,ags_default,8,44,211,0.007058823529411784
tree_cancer,ags_default,8,45,216,0.007058823529411784
tree_cancer,ags_default,8,46,221,0.007058823529411784
tree_cancer,ags_default,8,47,226,0.007058823529411784
tree_cancer,ags_default,8,48,231,0.007058823529411784
tree_cancer,ags_default,8,49,236,0.007058823529411784
tree_cancer,ags_default,8,50,241,0.007058823529411784
tree_cancer,ags_default,8,51,246,0.007058823529411784
tree_cancer,ags_default,8,52,251,0.007058823529411784
tree_cancer,ags_default,8,53,256,0.007058823529411784
tree_cancer,ags_default,8,54,261,0.007058823529411784
tree_cancer,ags_default,8,55,266,0.007058823529411784
tree_cancer,ags_default,8,56,271,0.007058823529411784
tree_cancer,ags_default,8,57,276,0.007058823529411784
tree_cancer,ags_default,8,58,281,0.007058823529411784
tree_cancer,ags_default,8,59,286,0.007058823529411784
tree_cancer,ags_default,8,60,291,0.007058823529411784
tree_cancer,ags_default,9,1,5,0.01168262653898755
tree_cancer,ags_default,9,2,10,0.01168262653898755
tree_cancer,ags_default,9,3,15,0.01168262653898755
tree_cancer,ags_default,9,4,20,0.01168262653898755
tree_cancer,ags_default,9,5,25,0.03989056087551279
tree_cancer,ags_default,9,6,30,0.03989056087551279
tree_cancer,ags_default,9,7,35,0.014062927496580002
tree_cancer,ags_default,9,8,40,0.014062927496580002
tree_cancer,ags_default,9,9,45,0.018768809849521007
tree_cancer,ags_default,9,10,50,0.018768809849521007
tree_cancer,ags_default,9,11,55,0.018768809849521007
tree_cancer,ags_default,9,12,60,0.018768809849521007
tree_cancer,ags_default,9,13,65,0.018768809849521007
tree_cancer,ags_default,9,14,67,0.018768809849521007
tree_cancer,ags_default,9,15,72,0.018768809849521007
tree_cancer,ags_default,9,16,77,0.018768809849521007
tree_cancer,ags_default,9,17,79,0.018768809849521007
tree_cancer,ags_default,9,18,84,0.018768809849521007
tree_cancer,ags_default,9,19,89,0.018768809849521007
tree_cancer,ags_default,9,20,94,0.018768809849521007
tree_cancer,ags_default,9,21,99,0.018768809849521007
tree_cancer,ags_default,9,22,101,0.018768809849521007
tree_cancer,ags_default,9,23,106,0.018768809849521007
tree_cancer,ags_default,9,24,111,0.018768809849521007
tree_cancer,ags_default,9,25,116,0.018768809849521007
tree_cancer,ags_default,9,26,121,0.018768809849521007
tree_cancer,ags_default,9,27,123,0.018768809849521007
tree_cancer,ags_default,9,28,128,0.018768809849521007
tree_cancer,ags_default,9,29,133,0.018768809849521007
tree_cancer,ags_default,9,30,135,0.018768809849521007
tree_cancer,ags_default,9,31,140,0.018768809849521007
tree_cancer,ags_default,9,32,145,0.018768809849521007
tree_cancer,ags_default,9,33,147,0.018768809849521007
tree_cancer,ags_default,9,34,152,0.018768809849521007
tree_cancer,ags_default,9,35,157,0.018768809849521007
tree_cancer,ags_default,9,36,162,0.018768809849521007
tree_cancer,ags_default,9,37,164,0.018768809849521007
tree_cancer,ags_default,9,38,169,0.018768809849521007
tree_cancer,ags_default,9,39,174,0.018768809849521007
tree_cancer,ags_default,9,40,179,0.018768809849521007
tree_cancer,ags_default,9,41,184,0.018768809849521007
tree_cancer,ags_default,9,42,189,0.018768809849521007
tree_cancer,ags_default,9,43,194,0.018768809849521007
tree_cancer,ags_default,9,44,199,0.018768809849521007
tree_cancer,ags_default,9,45,204,0.018768809849521007
tree_cancer,ags_default,9,46,209,0.018768809849521007
tree_cancer,ags_default,9,47,214,0.018768809849521007
tree_cancer,ags_default,9,48,219,0.018768809849521007
tree_cancer,ags_default,9,49,224,0.018768809849521007
tree_cancer,ags_default,9,50,226,0.018768809849521007
tree_cancer,ags_default,9,51,231,0.018768809849521007
tree_cancer,ags_default,9,52,233,0.018768809849521007
tree_cancer,ags_default,9,53,235,0.018768809849521007
tree_cancer,ags_default,9,54,240,0.018768809849521007
tree_cancer,ags_default,9,55,245,0.018768809849521007
tree_cancer,ags_default,9,56,250,0.018768809849521007
tree_cancer,ags_default,9,57,252,0.018768809849521007
tree_cancer,ags_default,9,58,255,0.018768809849521007
tree_cancer,ags_default,9,59,260,0.018768809849521007
tree_cancer,ags_default,9,60,262,0.018768809849521007
tree_cancer,ags_1_climber,0,1,5,0.009357045143638776
tree_cancer,ags_1_climber,0,2,10,0.02114911080711357
tree_cancer,ags_1_climber,0,3,15,0.02114911080711357
tree_cancer,ags_1_climber,0,4,20,0.02114911080711357
tree_cancer,ags_1_climber,0,5,25,0.02114911080711357
tree_cancer,ags_1_climber,0,6,30,0.02114911080711357
tree_cancer,ags_1_climber,0,7,35,0.02114911080711357
tree_cancer,ags_1_climber,0,8,40,0.02114911080711357
tree_cancer,ags_1_climber,0,9,45,0.02114911080711357
tree_cancer,ags_1_climber,0,10,50,0.02114911080711357
tree_cancer,ags_1_climber,0,11,53,0.02114911080711357
tree_cancer,ags_1_climber,0,12,57,0.02114911080711357
tree_cancer,ags_1_climber,0,13,62,0.0023803009575924516
tree_cancer,ags_1_climber,0,14,67,0.0023803009575924516
tree_cancer,ags_1_climber,0,15,72,0.0023803009575924516
tree_cancer,ags_1_climber,0,16,77,0.0023803009575924516
tree_cancer,ags_1_climber,0,17,79,0.0023803009575924516
tree_cancer,ags_1_climber,0,18,81,0.0023803009575924516
tree_cancer,ags_1_climber,0,19,86,0.0023803009575924516
tree_cancer,ags_1_climber,0,20,91,0.0023803009575924516
tree_cancer,ags_1_climber,0,21,93,0.0023803009575924516
tree_cancer,ags_1_climber,0,22,95,0.0023803009575924516
tree_cancer,ags_1_climber,0,23,100,0.009357045143638776
tree_cancer,ags_1_climber,0,24,105,0.009357045143638776
tree_cancer,ags_1_climber,0,25,110,0.009357045143638776
tree_cancer,ags_1_climber,0,26,115,0.009357045143638776
tree_cancer,ags_1_climber,0,27,120,0.009357045143638776
tree_cancer,ags_1_climber,0,28,125,0.009357045143638776
tree_cancer,ags_1_climber,0,29,130,0.009357045143638776
tree_cancer,ags_1_climber,0,30,135,0.009357045143638776
tree_cancer,ags_1_climber,0,31,140,0.009357045143638776
tree_cancer,ags_1_climber,0,32,145,0.009357045143638776
tree_cancer,ags_1_climber,0,33,148,0.009357045143638776
tree_cancer,ags_1_climber,0,34,153,0.009357045143638776
tree_cancer,ags_1_climber,0,35,158,0.009357045143638776
tree_cancer,ags_1_climber,0,36,160,0.009357045143638776
tree_cancer,ags_1_climber,0,37,162,0.009357045143638776
tree_cancer,ags_1_climber,0,38,167,0.009357045143638776
tree_cancer,ags_1_climber,0,39,172,0.009357045143638776
tree_cancer,ags_1_climber,0,40,177,0.009357045143638776
tree_cancer,ags_1_climber,0,41,182,0.009357045143638776
tree_cancer,ags_1_climber,0,42,187,0.009357045143638776
tree_cancer,ags_1_climber,0,43,190,0.009357045143638776
tree_cancer,ags_1_climber,0,44,193,0.009357045143638776
tree_cancer,ags_1_climber,0,45,196,0.009357045143638776
tree_cancer,ags_1_climber,0,46,199,0.009357045143638776
tree_cancer,ags_1_climber,0,47,201,0.009357045143638776
tree_cancer,ags_1_climber,0,48,203,0.009357045143638776
tree_cancer,ags_1_climber,0,49,205,0.009357045143638776
tree_cancer,ags_1_climber,0,50,210,0.009357045143638776
tree_cancer,ags_1_climber,0,51,215,0.009357045143638776
tree_cancer,ags_1_climber,0,52,220,0.009357045143638776
tree_cancer,ags_1_climber,0,53,225,0.009357045143638776
tree_cancer,ags_1_climber,0,54,227,0.009357045143638776
tree_cancer,ags_1_climber,0,55,232,0.009357045143638776
tree_cancer,ags_1_climber,0,56,237,0.009357045143638776
tree_cancer,ags_1_climber,0,57,242,0.009357045143638776
tree_cancer,ags_1_climber,0,58,247,0.009357045143638776
tree_cancer,ags_1_climber,0,59,252,0.009357045143638776
tree_cancer,ags_1_climber,0,60,257,0.009357045143638776
tree_cancer,ags_1_climber,1,1,5,0.035157318741450005
tree_cancer,ags_1_climber,1,2,10,0.035157318741450005
tree_cancer,ags_1_climber,1,3,15,0.035157318741450005
tree_cancer,ags_1_climber,1,4,20,0.035157318741450005
tree_cancer,ags_1_climber,1,5,25,0.035157318741450005
tree_cancer,ags_1_climber,1,6,30,0.035157318741450005
tree_cancer,ags_1_climber,1,7,35,0.018768809849521007
tree_cancer,ags_1_climber,1,8,40,0.018768809849521007
tree_cancer,ags_1_climber,1,9,45,0.018768809849521007
tree_cancer,ags_1_climber,1,10,50,0.018768809849521007
tree_cancer,ags_1_climber,1,11,52,0.03751025991792056
tree_cancer,ags_1_climber,1,12,54,0.03751025991792056
tree_cancer,ags_1_climber,1,13,58,0.03751025991792056
tree_cancer,ags_1_climber,1,14,62,0.03751025991792056
tree_cancer,ags_1_climber,1,15,67,0.03751025991792056
tree_cancer,ags_1_climber,1,16,72,0.03751025991792056
tree_cancer,ags_1_climber,1,17,77,0.004678522571819443
tree_cancer,ags_1_climber,1,18,82,0.004678522571819443
tree_cancer,ags_1_climber,1,19,86,0.004678522571819443
tree_cancer,ags_1_climber,1,20,91,0.004678522571819443
tree_cancer,ags_1_climber,1,21,96,0.004678522571819443
tree_cancer,ags_1_climber,1,22,100,0.004678522571819443
tree_cancer,ags_1_climber,1,23,105,0.004678522571819443
tree_cancer,ags_1_climber,1,24,110,0.004678522571819443
tree_cancer,ags_1_climber,1,25,114,0.004678522571819443
tree_cancer,ags_1_climber,1,26,118,0.004678522571819443
tree_cancer,ags_1_climber,1,27,123,0.007031463748290001
tree_cancer,ags_1_climber,1,28,128,0.007031463748290001
tree_cancer,ags_1_climber,1,29,133,0.007031463748290001
tree_cancer,ags_1_climber,1,30,138,0.007031463748290001
tree_cancer,ags_1_climber,1,31,143,0.007031463748290001
tree_cancer,ags_1_climber,1,32,148,0.007031463748290001
tree_cancer,ags_1_climber,1,33,153,0.007031463748290001
tree_cancer,ags_1_climber,1,34,158,0.007031463748290001
tree_cancer,ags_1_climber,1,35,163,0.007031463748290001
tree_cancer,ags_1_climber,1,36,168,0.007031463748290001
tree_cancer,ags_1_climber,1,37,173,0.007031463748290001
tree_cancer,ags_1_climber,1,38,178,0.007031463748290001
tree_cancer,ags_1_climber,1,39,183,0.007031463748290001
tree_cancer,ags_1_climber,1,40,188,0.007031463748290001
tree_cancer,ags_1_climber,1,41,193,0.007031463748290001
tree_cancer,ags_1_climber,1,42,198,0.007031463748290001
tree_cancer,ags_1_climber,1,43,203,0.007031463748290001
tree_cancer,ags_1_climber,1,44,208,0.007031463748290001
tree_cancer,ags_1_climber,1,45,213,0.007031463748290001
tree_cancer,ags_1_climber,1,46,218,0.007031463748290001
tree_cancer,ags_1_climber,1,47,223,0.007031463748290001
tree_cancer,ags_1_climber,1,48,228,0.007031463748290001
tree_cancer,ags_1_climber,1,49,233,0.007031463748290001
tree_cancer,ags_1_climber,1,50,238,0.007031463748290001
tree_cancer,ags_1_climber,1,51,243,0.007031463748290001
tree_cancer,ags_1_climber,1,52,245,0.007031463748290001
tree_cancer,ags_1_climber,1,53,247,0.007031463748290001
tree_cancer,ags_1_climber,1,54,251,0.007031463748290001
tree_cancer,ags_1_climber,1,55,253,0.007031463748290001
tree_cancer,ags_1_climber,1,56,258,0.007031463748290001
tree_cancer,ags_1_climber,1,57,263,0.007031463748290001
tree_cancer,ags_1_climber,1,58,268,0.007031463748290001
tree_cancer,ags_1_climber,1,59,273,0.007031463748290001
tree_cancer,ags_1_climber,1,60,278,0.007031463748290001
tree_cancer,ags_1_climber,2,1,5,0.007031463748290001
tree_cancer,ags_1_climber,2,2,10,0.007031463748290001
tree_cancer,ags_1_climber,2,3,15,0.0023803009575924516
tree_cancer,ags_1_climber,2,4,20,0.0023803009575924516
tree_cancer,ags_1_climber,2,5,25,0.0023803009575924516
tree_cancer,ags_1_climber,2,6,30,0.0023803009575924516
tree_cancer,ags_1_climber,2,7,35,0.0023803009575924516
tree_cancer,ags_1_climber,2,8,40,0.0023803009575924516
tree_cancer,ags_1_climber,2,9,45,0.0023803009575924516
tree_cancer,ags_1_climber,2,10,50,0.0023803009575924516
tree_cancer,ags_1_climber,2,11,53,0.0023803009575924516
tree_cancer,ags_1_climber,2,12,57,0.0023803009575924516
tree_cancer,ags_1_climber,2,13,62,0.0023803009575924516
tree_cancer,ags_1_climber,2,14,67,0.0023803009575924516
tree_cancer,ags_1_climber,2,15,69,0.0023803009575924516
tree_cancer,ags_1_climber,2,16,71,0.0023803009575924516
tree_cancer,ags_1_climber,2,17,76,0.0023803009575924516
tree_cancer,ags_1_climber,2,18,78,0.0023803009575924516
tree_cancer,ags_1_climber,2,19,80,0.0023803009575924516
tree_cancer,ags_1_climber,2,20,82,0.0023803009575924516
tree_cancer,ags_1_climber,2,21,87,0.0023803009575924516
tree_cancer,ags_1_climber,2,22,92,0.0023803009575924516
tree_cancer,ags_1_climber,2,23,97,0.0023803009575924516
tree_cancer,ags_1_climber,2,24,102,0.0023803009575924516
tree_cancer,ags_1_climber,2,25,107,0.0023803009575924516
tree_cancer,ags_1_climber,2,26,112,0.0023803009575924516
tree_cancer,ags_1_climber,2,27,117,0.0023803009575924516
tree_cancer,ags_1_climber,2,28,122,0.0023803009575924516
tree_cancer,ags_1_climber,2,29,124,0.0023803009575924516
tree_cancer,ags_1_climber,2,30,126,0.0023803009575924516
tree_cancer,ags_1_climber,2,31,128,0.0023803009575924516
tree_cancer,ags_1_climber,2,32,130,0.0023803009575924516
tree_cancer,ags_1_climber,2,33,132,0.0023803009575924516
tree_cancer,ags_1_climber,2,34,134,0.0023803009575924516
tree_cancer,ags_1_climber,2,35,136,0.0023803009575924516
tree_cancer,ags_1_climber,2,36,138,0.0023803009575924516
tree_cancer,ags_1_climber,2,37,143,0.0023803009575924516
tree_cancer,ags_1_climber,2,38,148,0.0023803009575924516
tree_cancer,ags_1_climber,2,39,150,0.0023803009575924516
tree_cancer,ags_1_climber,2,40,153,0.0023803009575924516
tree_cancer,ags_1_climber,2,41,158,0.0023803009575924516
tree_cancer,ags_1_climber,2,42,163,0.0023803009575924516
tree_cancer,ags_1_climber,2,43,168,0.0023803009575924516
tree_cancer,ags_1_climber,2,44,173,0.0023803009575924516
tree_cancer,ags_1_climber,2,45,178,0.0023803009575924516
tree_cancer,ags_1_climber,2,46,183,0.0023803009575924516
tree_cancer,ags_1_climber,2,47,188,0.0023803009575924516
tree_cancer,ags_1_climber,2,48,193,0.0023803009575924516
tree_cancer,ags_1_climber,2,49,198,0.0023803009575924516
tree_cancer,ags_1_climber,2,50,203,0.0023803009575924516
tree_cancer,ags_1_climber,2,51,208,0.0023803009575924516
tree_cancer,ags_1_climber,2,52,210,0.0023803009575924516
tree_cancer,ags_1_climber,2,53,212,0.0023803009575924516
tree_cancer,ags_1_climber,2,54,217,0.0023803009575924516
tree_cancer,ags_1_climber,2,55,222,0.0023803009575924516
tree_cancer,ags_1_climber,2,56,227,0.0023803009575924516
tree_cancer,ags_1_climber,2,57,232,0.0023803009575924516
tree_cancer,ags_1_climber,2,58,237,0.0023803009575924516
tree_cancer,ags_1_climber,2,59,242,0.0023803009575924516
tree_cancer,ags_1_climber,2,60,244,0.0023803009575924516
tree_cancer,ags_1_climber,3,1,5,0.009329685362516993
tree_cancer,ags_1_climber,3,2,10,0.009329685362516993
tree_cancer,ags_1_climber,3,3,15,0.009329685362516993
tree_cancer,ags_1_climber,3,4,20,0.009329685362516993
tree_cancer,ags_1_climber,3,5,25,0.009329685362516993
tree_cancer,ags_1_climber,3,6,30,0.009329685362516993
tree_cancer,ags_1_climber,3,7,35,0.01876880984952123
tree_cancer,ags_1_climber,3,8,40,0.01876880984952123
tree_cancer,ags_1_climber,3,9,45,0.01876880984952123
tree_cancer,ags_1_climber,3,10,50,0.01876880984952123
tree_cancer,ags_1_climber,3,11,55,0.01876880984952123
tree_cancer,ags_1_climber,3,12,57,0.01876880984952123
tree_cancer,ags_1_climber,3,13,62,0.01876880984952123
tree_cancer,ags_1_climber,3,14,67,0.01876880984952123
tree_cancer,ags_1_climber,3,15,72,0.0
tree_cancer,ags_1_climber,3,16,77,0.0
tree_cancer,ags_1_climber,3,17,82,0.01168262653898755
tree_cancer,ags_1_climber,3,18,87,0.01168262653898755
tree_cancer,ags_1_climber,3,19,92,0.01168262653898755
tree_cancer,ags_1_climber,3,20,97,0.01168262653898755
tree_cancer,ags_1_climber,3,21,100,0.01168262653898755
tree_cancer,ags_1_climber,3,22,105,0.01168262653898755
tree_cancer,ags_1_climber,3,23,110,0.01168262653898755
tree_cancer,ags_1_climber,3,24,115,0.01168262653898755
tree_cancer,ags_1_climber,3,25,117,0.01168262653898755
tree_cancer,ags_1_climber,3,26,122,0.01168262653898755
tree_cancer,ags_1_climber,3,27,127,0.0023529411764705577
tree_cancer,ags_1_climber,3,28,132,0.0023529411764705577
tree_cancer,ags_1_climber,3,29,137,0.0023529411764705577
tree_cancer,ags_1_climber,3,30,142,0.0023529411764705577
tree_cancer,ags_1_climber,3,31,144,0.0023529411764705577
tree_cancer,ags_1_climber,3,32,149,0.0023529411764705577
tree_cancer,ags_1_climber,3,33,154,0.0023529411764705577
tree_cancer,ags_1_climber,3,34,159,0.0023529411764705577
tree_cancer,ags_1_climber,3,35,164,0.0023529411764705577
tree_cancer,ags_1_climber,3,36,166,0.0023529411764705577
tree_cancer,ags_1_climber,3,37,171,0.0023529411764705577
tree_cancer,ags_1_climber,3,38,176,0.0023529411764705577
tree_cancer,ags_1_climber,3,39,181,0.0023529411764705577
tree_cancer,ags_1_climber,3,40,186,0.0023529411764705577
tree_cancer,ags_1_climber,3,41,191,0.0023529411764705577
tree_cancer,ags_1_climber,3,42,196,0.0023529411764705577
tree_cancer,ags_1_climber,3,43,201,0.0023529411764705577
tree_cancer,ags_1_climber,3,44,206,0.0023529411764705577
tree_cancer,ags_1_climber,3,45,211,0.0023529411764705577
tree_cancer,ags_1_climber,3,46,216,0.0023529411764705577
tree_cancer,ags_1_climber,3,47,221,0.0023529411764705577
tree_cancer,ags_1_climber,3,48,226,0.0023529411764705577
tree_cancer,ags_1_climber,3,49,231,0.0023529411764705577
tree_cancer,ags_1_climber,3,50,236,0.0023529411764705577
tree_cancer,ags_1_climber,3,51,238,0.0023529411764705577
tree_cancer,ags_1_climber,3,52,240,0.0023529411764705577
tree_cancer,ags_1_climber,3,53,245,0.0023529411764705577
tree_cancer,ags_1_climber,3,54,250,0.0023529411764705577
tree_cancer,ags_1_climber,3,55,255,0.0023529411764705577
tree_cancer,ags_1_climber,3,56,260,0.0023529411764705577
tree_cancer,ags_1_climber,3,57,265,0.0023529411764705577
tree_cancer,ags_1_climber,3,58,268,0.0023529411764705577
tree_cancer,ags_1_climber,3,59,273,0.0023529411764705577
tree_cancer,ags_1_climber,3,60,278,0.0023529411764705577
tree_cancer,ags_1_climber,4,1,5,0.004733242134062787
tree_cancer,ags_1_climber,4,2,10,0.004733242134062787
tree_cancer,ags_1_climber,4,3,15,0.004733242134062787
tree_cancer,ags_1_climber,4,4,20,0.004733242134062787
tree_cancer,ags_1_climber,4,5,25,0.004733242134062787
tree_cancer,ags_1_climber,4,6,30,0.004733242134062787
tree_cancer,ags_1_climber,4,7,35,0.004733242134062787
tree_cancer,ags_1_climber,4,8,40,0.004733242134062787
tree_cancer,ags_1_climber,4,9,45,0.004733242134062787
tree_cancer,ags_1_climber,4,10,50,0.004733242134062787
tree_cancer,ags_1_climber,4,11,55,0.004733242134062787
tree_cancer,ags_1_climber,4,12,60,0.004733242134062787
tree_cancer,ags_1_climber,4,13,62,0.004733242134062787
tree_cancer,ags_1_climber,4,14,67,0.004733242134062787
tree_cancer,ags_1_climber,4,15,70,0.004733242134062787
tree_cancer,ags_1_climber,4,16,73,0.004733242134062787
tree_cancer,ags_1_climber,4,17,78,0.004733242134062787
tree_cancer,ags_1_climber,4,18,81,0.004733242134062787
tree_cancer,ags_1_climber,4,19,84,0.004733242134062787
tree_cancer,ags_1_climber,4,20,87,0.004733242134062787
tree_cancer,ags_1_climber,4,21,92,0.004733242134062787
tree_cancer,ags_1_climber,4,22,95,0.004733242134062787
tree_cancer,ags_1_climber,4,23,100,0.004733242134062787
tree_cancer,ags_1_climber,4,24,105,0.004733242134062787
tree_cancer,ags_1_climber,4,25,107,0.004733242134062787
tree_cancer,ags_1_climber,4,26,112,0.004733242134062787
tree_cancer,ags_1_climber,4,27,117,0.004733242134062787
tree_cancer,ags_1_climber,4,28,122,0.004733242134062787
tree_cancer,ags_1_climber,4,29,127,0.004733242134062787
tree_cancer,ags_1_climber,4,30,130,0.004733242134062787
tree_cancer,ags_1_climber,4,31,135,0.004733242134062787
tree_cancer,ags_1_climber,4,32,140,0.004733242134062787
tree_cancer,ags_1_climber,4,33,145,0.004733242134062787
tree_cancer,ags_1_climber,4,34,150,0.004733242134062787
tree_cancer,ags_1_climber,4,35,155,0.004733242134062787
tree_cancer,ags_1_climber,4,36,160,0.004733242134062787
tree_cancer,ags_1_climber,4,37,165,0.004733242134062787
tree_cancer,ags_1_climber,4,38,170,0.004733242134062787
tree_cancer,ags_1_climber,4,39,175,0.004733242134062787
tree_cancer,ags_1_climber,4,40,180,0.004733242134062787
tree_cancer,ags_1_climber,4,41,185,0.004733242134062787
tree_cancer,ags_1_climber,4,42,190,0.004733242134062787
tree_cancer,ags_1_climber,4,43,195,0.004733242134062787
tree_cancer,ags_1_climber,4,44,200,0.004733242134062787
tree_cancer,ags_1_climber,4,45,205,0.004733242134062787
tree_cancer,ags_1_climber,4,46,210,0.004733242134062787
tree_cancer,ags_1_climber,4,47,215,0.004733242134062787
tree_cancer,ags_1_climber,4,48,220,0.004733242134062787
tree_cancer,ags_1_climber,4,49,225,0.004733242134062787
tree_cancer,ags_1_climber,4,50,230,0.004733242134062787
tree_cancer,ags_1_climber,4,51,235,0.004733242134062787
tree_cancer,ags_1_climber,4,52,237,0.004733242134062787
tree_cancer,ags_1_climber,4,53,242,0.004733242134062787
tree_cancer,ags_1_climber,4,54,247,0.004733242134062787
tree_cancer,ags_1_climber,4,55,252,0.004733242134062787
tree_cancer,ags_1_climber,4,56,254,0.004733242134062787
tree_cancer,ags_1_climber,4,57,259,0.004733242134062787
tree_cancer,ags_1_climber,4,58,263,0.004733242134062787
tree_cancer,ags_1_climber,4,59,267,0.004733242134062787
tree_cancer,ags_1_climber,4,60,272,0.004733242134062787
tree_cancer,ags_1_climber,5,1,5,0.02114911080711357
tree_cancer,ags_1_climber,5,2,10,0.02114911080711357
tree_cancer,ags_1_climber,5,3,15,0.02114911080711357
tree_cancer,ags_1_climber,5,4,20,0.02114911080711357
tree_cancer,ags_1_climber,5,5,25,0.02114911080711357
tree_cancer,ags_1_climber,5,6,30,0.02114911080711357
tree_cancer,ags_1_climber,5,7,35,0.02114911080711357
tree_cancer,ags_1_climber,5,8,40,0.025745554035567553
tree_cancer,ags_1_climber,5,9,45,0.025745554035567553
tree_cancer,ags_1_climber,5,10,50,0.025745554035567553
tree_cancer,ags_1_climber,5,11,55,0.025745554035567553
tree_cancer,ags_1_climber,5,12,60,0.011737346101231227
tree_cancer,ags_1_climber,5,13,65,0.0023529411764705577
tree_cancer,ags_1_climber,5,14,70,0.0023529411764705577
tree_cancer,ags_1_climber,5,15,75,0.0023529411764705577
tree_cancer,ags_1_climber,5,16,80,0.0023529411764705577
tree_cancer,ags_1_climber,5,17,85,0.0023529411764705577
tree_cancer,ags_1_climber,5,18,90,0.0023529411764705577
tree_cancer,ags_1_climber,5,19,95,0.0023529411764705577
tree_cancer,ags_1_climber,5,20,100,0.0023529411764705577
tree_cancer,ags_1_climber,5,21,105,0.0023529411764705577
tree_cancer,ags_1_climber,5,22,110,0.0023529411764705577
tree_cancer,ags_1_climber,5,23,115,0.0023529411764705577
tree_cancer,ags_1_climber,5,24,120,0.0023529411764705577
tree_cancer,ags_1_climber,5,25,122,0.0023529411764705577
tree_cancer,ags_1_climber,5,26,127,0.0023529411764705577
tree_cancer,ags_1_climber,5,27,132,0.0023529411764705577
tree_cancer,ags_1_climber,5,28,137,0.0023529411764705577
tree_cancer,ags_1_climber,5,29,142,0.0023529411764705577
tree_cancer,ags_1_climber,5,30,144,0.0023529411764705577
tree_cancer,ags_1_climber,5,31,146,0.0023529411764705577
tree_cancer,ags_1_climber,5,32,148,0.0023529411764705577
tree_cancer,ags_1_climber,5,33,153,0.0023529411764705577
tree_cancer,ags_1_climber,5,34,158,0.0023529411764705577
tree_cancer,ags_1_climber,5,35,163,0.0023529411764705577
tree_cancer,ags_1_climber,5,36,165,0.0023529411764705577
tree_cancer,ags_1_climber,5,37,170,0.0023529411764705577
tree_cancer,ags_1_climber,5,38,175,0.0023529411764705577
tree_cancer,ags_1_climber,5,39,180,0.0023529411764705577
tree_cancer,ags_1_climber,5,40,185,0.0023529411764705577
tree_cancer,ags_1_climber,5,41,190,0.0023529411764705577
tree_cancer,ags_1_climber,5,42,195,0.007031463748290001
tree_cancer,ags_1_climber,5,43,197,0.007031463748290001
tree_cancer,ags_1_climber,5,44,199,0.007031463748290001
tree_cancer,ags_1_climber,5,45,204,0.007031463748290001
tree_cancer,ags_1_climber,5,46,209,0.007031463748290001
tree_cancer,ags_1_climber,5,47,214,0.007031463748290001
tree_cancer,ags_1_climber,5,48,219,0.007031463748290001
tree_cancer,ags_1_climber,5,49,224,0.007031463748290001
tree_cancer,ags_1_climber,5,50,226,0.007031463748290001
tree_cancer,ags_1_climber,5,51,228,0.007031463748290001
tree_cancer,ags_1_climber,5,52,230,0.007031463748290001
tree_cancer,ags_1_climber,5,53,232,0.007031463748290001
tree_cancer,ags_1_climber,5,54,234,0.007031463748290001
tree_cancer,ags_1_climber,5,55,236,0.007031463748290001
tree_cancer,ags_1_climber,5,56,238,0.007031463748290001
tree_cancer,ags_1_climber,5,57,243,0.007031463748290001
tree_cancer,ags_1_climber,5,58,248,0.007031463748290001
tree_cancer,ags_1_climber,5,59,250,0.007031463748290001
tree_cancer,ags_1_climber,5,60,252,0.007031463748290001
tree_cancer,ags_1_climber,6,1,5,0.011709986320109445
tree_cancer,ags_1_climber,6,2,10,0.011709986320109445
tree_cancer,ags_1_climber,6,3,15,0.011709986320109445
tree_cancer,ags_1_climber,6,4,20,0.011709986320109445
tree_cancer,ags_1_climber,6,5,25,0.011709986320109445
tree_cancer,ags_1_climber,6,6,30,0.011709986320109445
tree_cancer,ags_1_climber,6,7,35,0.011709986320109445
tree_cancer,ags_1_climber,6,8,40,0.011709986320109445
tree_cancer,ags_1_climber,6,9,45,0.011709986320109445
tree_cancer,ags_1_climber,6,10,50,0.011709986320109445
tree_cancer,ags_1_climber,6,11,55,0.011709986320109445
tree_cancer,ags_1_climber,6,12,60,0.011709986320109445
tree_cancer,ags_1_climber,6,13,65,0.011709986320109445
tree_cancer,ags_1_climber,6,14,70,0.011709986320109445
tree_cancer,ags_1_climber,6,15,75,0.011709986320109445
tree_cancer,ags_1_climber,6,16,80,0.011709986320109445
tree_cancer,ags_1_climber,6,17,85,0.011709986320109445
tree_cancer,ags_1_climber,6,18,90,0.011709986320109445
tree_cancer,ags_1_climber,6,19,95,0.011709986320109445
tree_cancer,ags_1_climber,6,20,100,0.011709986320109445
tree_cancer,ags_1_climber,6,21,105,0.011709986320109445
tree_cancer,ags_1_climber,6,22,110,0.011709986320109445
tree_cancer,ags_1_climber,6,23,115,0.011709986320109445
tree_cancer,ags_1_climber,6,24,120,0.011709986320109445
tree_cancer,ags_1_climber,6,25,125,0.011709986320109445
tree_cancer,ags_1_climber,6,26,130,0.011709986320109445
tree_cancer,ags_1_climber,6,27,135,0.011709986320109445
tree_cancer,ags_1_climber,6,28,140,0.011709986320109445
tree_cancer,ags_1_climber,6,29,143,0.011709986320109445
tree_cancer,ags_1_climber,6,30,148,0.011709986320109445
tree_cancer,ags_1_climber,6,31,153,0.011709986320109445
tree_cancer,ags_1_climber,6,32,158,0.011709986320109445
tree_cancer,ags_1_climber,6,33,163,0.011709986320109445
tree_cancer,ags_1_climber,6,34,167,0.011709986320109445
tree_cancer,ags_1_climber,6,35,171,0.011709986320109445
tree_cancer,ags_1_climber,6,36,175,0.011709986320109445
tree_cancer,ags_1_climber,6,37,180,0.011709986320109445
tree_cancer,ags_1_climber,6,38,182,0.011709986320109445
tree_cancer,ags_1_climber,6,39,184,0.011709986320109445
tree_cancer,ags_1_climber,6,40,186,0.011709986320109445
tree_cancer,ags_1_climber,6,41,191,0.011709986320109445
tree_cancer,ags_1_climber,6,42,196,0.011709986320109445
tree_cancer,ags_1_climber,6,43,201,0.011709986320109445
tree_cancer,ags_1_climber,6,44,206,0.011709986320109445
tree_cancer,ags_1_climber,6,45,211,0.011709986320109445
tree_cancer,ags_1_climber,6,46,216,0.011709986320109445
tree_cancer,ags_1_climber,6,47,218,0.011709986320109445
tree_cancer,ags_1_climber,6,48,220,0.011709986320109445
tree_cancer,ags_1_climber,6,49,222,0.011709986320109445
tree_cancer,ags_1_climber,6,50,224,0.011709986320109445
tree_cancer,ags_1_climber,6,51,229,0.011709986320109445
tree_cancer,ags_1_climber,6,52,234,0.011709986320109445
tree_cancer,ags_1_climber,6,53,239,0.011709986320109445
tree_cancer,ags_1_climber,6,54,244,0.011709986320109445
tree_cancer,ags_1_climber,6,55,249,0.011709986320109445
tree_cancer,ags_1_climber,6,56,251,0.011709986320109445
tree_cancer,ags_1_climber,6,57,256,0.011709986320109445
tree_cancer,ags_1_climber,6,58,261,0.011709986320109445
tree_cancer,ags_1_climber,6,59,263,0.011709986320109445
tree_cancer,ags_1_climber,6,60,265,0.011709986320109445
tree_cancer,ags_1_climber,7,1,5,0.0023529411764705577
tree_cancer,ags_1_climber,7,2,10,0.0023529411764705577
tree_cancer,ags_1_climber,7,3,15,0.0023529411764705577
tree_cancer,ags_1_climber,7,4,20,0.0023529411764705577
tree_cancer,ags_1_climber,7,5,25,0.0023529411764705577
tree_cancer,ags_1_climber,7,6,30,0.0023529411764705577
tree_cancer,ags_1_climber,7,7,35,0.0023529411764705577
tree_cancer,ags_1_climber,7,8,40,0.009411764705882453
tree_cancer,ags_1_climber,7,9,45,0.009411764705882453
tree_cancer,ags_1_climber,7,10,50,0.009411764705882453
tree_cancer,ags_1_climber,7,11,55,0.009411764705882453
tree_cancer,ags_1_climber,7,12,58,0.009411764705882453
tree_cancer,ags_1_climber,7,13,63,0.009411764705882453
tree_cancer,ags_1_climber,7,14,67,0.009411764705882453
tree_cancer,ags_1_climber,7,15,71,0.009411764705882453
tree_cancer,ags_1_climber,7,16,75,0.009411764705882453
tree_cancer,ags_1_climber,7,17,77,0.004705882352941226
tree_cancer,ags_1_climber,7,18,82,0.007058823529411784
tree_cancer,ags_1_climber,7,19,87,0.007058823529411784
tree_cancer,ags_1_climber,7,20,92,0.007058823529411784
tree_cancer,ags_1_climber,7,21,97,0.007058823529411784
tree_cancer,ags_1_climber,7,22,102,0.007058823529411784
tree_cancer,ags_1_climber,7,23,107,0.007058823529411784
tree_cancer,ags_1_climber,7,24,112,0.007058823529411784
tree_cancer,ags_1_climber,7,25,117,0.007058823529411784
tree_cancer,ags_1_climber,7,26,119,0.007058823529411784
tree_cancer,ags_1_climber,7,27,121,0.007058823529411784
tree_cancer,ags_1_climber,7,28,123,0.007058823529411784
tree_cancer,ags_1_climber,7,29,128,0.007058823529411784
tree_cancer,ags_1_climber,7,30,133,0.007058823529411784
tree_cancer,ags_1_climber,7,31,135,0.007058823529411784
tree_cancer,ags_1_climber,7,32,137,0.007058823529411784
tree_cancer,ags_1_climber,7,33,142,0.0023529411764704466
tree_cancer,ags_1_climber,7,34,147,0.0023529411764704466
tree_cancer,ags_1_climber,7,35,152,0.0023529411764704466
tree_cancer,ags_1_climber,7,36,156,0.0023529411764704466
tree_cancer,ags_1_climber,7,37,158,0.0023529411764704466
tree_cancer,ags_1_climber,7,38,160,0.0023529411764704466
tree_cancer,ags_1_climber,7,39,162,0.0023529411764704466
tree_cancer,ags_1_climber,7,40,167,0.0023529411764704466
tree_cancer,ags_1_climber,7,41,172,0.0023529411764704466
tree_cancer,ags_1_climber,7,42,177,0.0023529411764704466
tree_cancer,ags_1_climber,7,43,182,0.0023529411764704466
tree_cancer,ags_1_climber,7,44,187,0.0023529411764704466
tree_cancer,ags_1_climber,7,45,192,0.0023529411764704466
tree_cancer,ags_1_climber,7,46,197,0.0023529411764704466
tree_cancer,ags_1_climber,7,47,202,0.0023529411764704466
tree_cancer,ags_1_climber,7,48,207,0.0023529411764704466
tree_cancer,ags_1_climber,7,49,212,0.0023529411764704466
tree_cancer,ags_1_climber,7,50,217,0.0023529411764704466
tree_cancer,ags_1_climber,7,51,219,0.0023529411764704466
tree_cancer,ags_1_climber,7,52,221,0.0023529411764704466
tree_cancer,ags_1_climber,7,53,223,0.0023529411764704466
tree_cancer,ags_1_climber,7,54,225,0.0023529411764704466
tree_cancer,ags_1_climber,7,55,227,0.0023529411764704466
tree_cancer,ags_1_climber,7,56,230,0.0023529411764704466
tree_cancer,ags_1_climber,7,57,235,0.0023529411764704466
tree_cancer,ags_1_climber,7,58,238,0.0023529411764704466
tree_cancer,ags_1_climber,7,59,241,0.0023529411764704466
tree_cancer,ags_1_climber,7,60,246,0.0023529411764704466
tree_cancer,ags_1_climber,8,1,5,0.007058823529411784
tree_cancer,ags_1_climber,8,2,10,0.007058823529411784
tree_cancer,ags_1_climber,8,3,15,0.007058823529411784
tree_cancer,ags_1_climber,8,4,20,0.007058823529411784
tree_cancer,ags_1_climber,8,5,25,0.007058823529411784
tree_cancer,ags_1_climber,8,6,30,0.007058823529411784
tree_cancer,ags_1_climber,8,7,35,0.007058823529411784
tree_cancer,ags_1_climber,8,8,40,0.007058823529411784
tree_cancer,ags_1_climber,8,9,45,0.007058823529411784
tree_cancer,ags_1_climber,8,10,50,0.007058823529411784
tree_cancer,ags_1_climber,8,11,55,0.007058823529411784
tree_cancer,ags_1_climber,8,12,60,0.007058823529411784
tree_cancer,ags_1_climber,8,13,65,0.007058823529411784
tree_cancer,ags_1_climber,8,14,70,0.007058823529411784
tree_cancer,ags_1_climber,8,15,75,0.007058823529411784
tree_cancer,ags_1_climber,8,16,78,0.007058823529411784
tree_cancer,ags_1_climber,8,17,83,0.007058823529411784
tree_cancer,ags_1_climber,8,18,88,0.007058823529411784
tree_cancer,ags_1_climber,8,19,93,0.007058823529411784
tree_cancer,ags_1_climber,8,20,98,0.007058823529411784
tree_cancer,ags_1_climber,8,21,103,0.007058823529411784
tree_cancer,ags_1_climber,8,22,108,0.007058823529411784
tree_cancer,ags_1_climber,8,23,113,0.007058823529411784
tree_cancer,ags_1_climber,8,24,118,0.007058823529411784
tree_cancer,ags_1_climber,8,25,123,0.007058823529411784
tree_cancer,ags_1_climber,8,26,128,0.007058823529411784
tree_cancer,ags_1_climber,8,27,133,0.007058823529411784
tree_cancer,ags_1_climber,8,28,138,0.007058823529411784
tree_cancer,ags_1_climber,8,29,140,0.007058823529411784
tree_cancer,ags_1_climber,8,30,145,0.007058823529411784
tree_cancer,ags_1_climber,8,31,150,0.007058823529411784
tree_cancer,ags_1_climber,8,32,155,0.007058823529411784
tree_cancer,ags_1_climber,8,33,160,0.007058823529411784
tree_cancer,ags_1_climber,8,34,165,0.007058823529411784
tree_cancer,ags_1_climber,8,35,170,0.007058823529411784
tree_cancer,ags_1_climber,8,36,175,0.007058823529411784
tree_cancer,ags_1_climber,8,37,180,0.007058823529411784
tree_cancer,ags_1_climber,8,38,183,0.007058823529411784
tree_cancer,ags_1_climber,8,39,186,0.007058823529411784
tree_cancer,ags_1_climber,8,40,189,0.007058823529411784
tree_cancer,ags_1_climber,8,41,194,0.007058823529411784
tree_cancer,ags_1_climber,8,42,199,0.007058823529411784
tree_cancer,ags_1_climber,8,43,204,0.007058823529411784
tree_cancer,ags_1_climber,8,44,209,0.007058823529411784
tree_cancer,ags_1_climber,8,45,214,0.007058823529411784
tree_cancer,ags_1_climber,8,46,219,0.007058823529411784
tree_cancer,ags_1_climber,8,47,224,0.007058823529411784
tree_cancer,ags_1_climber,8,48,229,0.007058823529411784
tree_cancer,ags_1_climber,8,49,234,0.007058823529411784
tree_cancer,ags_1_climber,8,50,239,0.007058823529411784
tree_cancer,ags_1_climber,8,51,244,0.007058823529411784
tree_cancer,ags_1_climber,8,52,249,0.007058823529411784
tree_cancer,ags_1_climber,8,53,254,0.007058823529411784
tree_cancer,ags_1_climber,8,54,259,0.007058823529411784
tree_cancer,ags_1_climber,8,55,264,0.007058823529411784
tree_cancer,ags_1_climber,8,56,269,0.007058823529411784
tree_cancer,ags_1_climber,8,57,271,0.007058823529411784
tree_cancer,ags_1_climber,8,58,276,0.007058823529411784
tree_cancer,ags_1_climber,8,59,281,0.007058823529411784
tree_cancer,ags_1_climber,8,60,286,0.007058823529411784
tree_cancer,ags_1_climber,9,1,5,0.01168262653898755
tree_cancer,ags_1_climber,9,2,10,0.014090287277701785
tree_cancer,ags_1_climber,9,3,15,0.014090287277701785
tree_cancer,ags_1_climber,9,4,20,0.014090287277701785
tree_cancer,ags_1_climber,9,5,25,0.014090287277701785
tree_cancer,ags_1_climber,9,6,30,0.014090287277701785
tree_cancer,ags_1_climber,9,7,35,0.014090287277701785
tree_cancer,ags_1_climber,9,8,40,0.014090287277701785
tree_cancer,ags_1_climber,9,9,45,0.014090287277701785
tree_cancer,ags_1_climber,9,10,50,0.014090287277701785
tree_cancer,ags_1_climber,9,11,55,0.014090287277701785
tree_cancer,ags_1_climber,9,12,60,0.014090287277701785
tree_cancer,ags_1_climber,9,13,62,0.014090287277701785
tree_cancer,ags_1_climber,9,14,67,0.014090287277701785
tree_cancer,ags_1_climber,9,15,72,0.014090287277701785
tree_cancer,ags_1_climber,9,16,77,0.014090287277701785
tree_cancer,ags_1_climber,9,17,82,0.014090287277701785
tree_cancer,ags_1_climber,9,18,84,0.014090287277701785
tree_cancer,ags_1_climber,9,19,89,0.014090287277701785
tree_cancer,ags_1_climber,9,20,94,0.014090287277701785
tree_cancer,ags_1_climber,9,21,99,0.014090287277701785
tree_cancer,ags_1_climber,9,22,104,0.014090287277701785
tree_cancer,ags_1_climber,9,23,109,0.014090287277701785
tree_cancer,ags_1_climber,9,24,114,0.014090287277701785
tree_cancer,ags_1_climber,9,25,119,0.018768809849521007
tree_cancer,ags_1_climber,9,26,124,0.018768809849521007
tree_cancer,ags_1_climber,9,27,129,0.018768809849521007
tree_cancer,ags_1_climber,9,28,134,0.018768809849521007
tree_cancer,ags_1_climber,9,29,139,0.018768809849521007
tree_cancer,ags_1_climber,9,30,144,0.018768809849521007
tree_cancer,ags_1_climber,9,31,149,0.018768809849521007
tree_cancer,ags_1_climber,9,32,154,0.018768809849521007
tree_cancer,ags_1_climber,9,33,156,0.018768809849521007
tree_cancer,ags_1_climber,9,34,161,0.018768809849521007
tree_cancer,ags_1_climber,9,35,166,0.018768809849521007
tree_cancer,ags_1_climber,9,36,171,0.018768809849521007
tree_cancer,ags_1_climber,9,37,176,0.018768809849521007
tree_cancer,ags_1_climber,9,38,181,0.018768809849521007
tree_cancer,ags_1_climber,9,39,186,0.018768809849521007
tree_cancer,ags_1_climber,9,40,191,0.018768809849521007
tree_cancer,ags_1_climber,9,41,196,0.018768809849521007
tree_cancer,ags_1_climber,9,42,201,0.018768809849521007
tree_cancer,ags_1_climber,9,43,206,0.018768809849521007
tree_cancer,ags_1_climber,9,44,211,0.018768809849521007
tree_cancer,ags_1_climber,9,45,216,0.018768809849521007
tree_cancer,ags_1_climber,9,46,221,0.018768809849521007
tree_cancer,ags_1_climber,9,47,223,0.018768809849521007
tree_cancer,ags_1_climber,9,48,225,0.018768809849521007
tree_cancer,ags_1_climber,9,49,230,0.018768809849521007
tree_cancer,ags_1_climber,9,50,235,0.018768809849521007
tree_cancer,ags_1_climber,9,51,240,0.018768809849521007
tree_cancer,ags_1_climber,9,52,245,0.018768809849521007
tree_cancer,ags_1_climber,9,53,247,0.018768809849521007
tree_cancer,ags_1_climber,9,54,249,0.018768809849521007
tree_cancer,ags_1_climber,9,55,251,0.018768809849521007
tree_cancer,ags_1_climber,9,56,253,0.018768809849521007
tree_cancer,ags_1_climber,9,57,255,0.018768809849521007
tree_cancer,ags_1_climber,9,58,260,0.018768809849521007
tree_cancer,ags_1_climber,9,59,265,0.018768809849521007
tree_cancer,ags_1_climber,9,60,268,0.018768809849521007
tree_cancer,ags_no_prune,0,1,5,0.009357045143638776
tree_cancer,ags_no_prune,0,2,10,0.009357045143638776
tree_cancer,ags_no_prune,0,3,15,0.009357045143638776
tree_cancer,ags_no_prune,0,4,20,0.009357045143638776
tree_cancer,ags_no_prune,0,5,25,0.009357045143638776
tree_cancer,ags_no_prune,0,6,30,0.009357045143638776
tree_cancer,ags_no_prune,0,7,35,0.009357045143638776
tree_cancer,ags_no_prune,0,8,40,0.009357045143638776
tree_cancer,ags_no_prune,0,9,45,0.009357045143638776
tree_cancer,ags_no_prune,0,10,50,0.009357045143638776
tree_cancer,ags_no_prune,0,11,55,0.009357045143638776
tree_cancer,ags_no_prune,0,12,60,0.009357045143638776
tree_cancer,ags_no_prune,0,13,65,0.009357045143638776
tree_cancer,ags_no_prune,0,14,70,0.009357045143638776
tree_cancer,ags_no_prune,0,15,75,0.009329685362517215
tree_cancer,ags_no_prune,0,16,80,0.009329685362517215
tree_cancer,ags_no_prune,0,17,85,0.009329685362517215
tree_cancer,ags_no_prune,0,18,90,0.009329685362517215
tree_cancer,ags_no_prune,0,19,95,0.009329685362517215
tree_cancer,ags_no_prune,0,20,100,0.009329685362517215
tree_cancer,ags_no_prune,0,21,105,0.009329685362517215
tree_cancer,ags_no_prune,0,22,110,0.009329685362517215
tree_cancer,ags_no_prune,0,23,115,0.009329685362517215
tree_cancer,ags_no_prune,0,24,120,0.009329685362517215
tree_cancer,ags_no_prune,0,25,125,0.009329685362517215
tree_cancer,ags_no_prune,0,26,130,0.009329685362517215
tree_cancer,ags_no_prune,0,27,135,0.009329685362517215
tree_cancer,ags_no_prune,0,28,140,0.009329685362517215
tree_cancer,ags_no_prune,0,29,145,0.009329685362517215
tree_cancer,ags_no_prune,0,30,150,0.009329685362517215
tree_cancer,ags_no_prune,0,31,155,0.009329685362517215
tree_cancer,ags_no_prune,0,32,160,0.009329685362517215
tree_cancer,ags_no_prune,0,33,165,0.0023803009575924516
tree_cancer,ags_no_prune,0,34,170,0.0023803009575924516
tree_cancer,ags_no_prune,0,35,175,0.0023803009575924516
tree_cancer,ags_no_prune,0,36,180,0.0023803009575924516
tree_cancer,ags_no_prune,0,37,185,0.0023803009575924516
tree_cancer,ags_no_prune,0,38,190,0.0023803009575924516
tree_cancer,ags_no_prune,0,39,195,0.0023803009575924516
tree_cancer,ags_no_prune,0,40,200,0.0023803009575924516
tree_cancer,ags_no_prune,0,41,205,0.0023803009575924516
tree_cancer,ags_no_prune,0,42,210,0.0023803009575924516
tree_cancer,ags_no_prune,0,43,215,0.0023803009575924516
tree_cancer,ags_no_prune,0,44,220,0.0023803009575924516
tree_cancer,ags_no_prune,0,45,225,0.0023803009575924516
tree_cancer,ags_no_prune,0,46,230,0.0023803009575924516
tree_cancer,ags_no_prune,0,47,235,0.0023803009575924516
tree_cancer,ags_no_prune,0,48,240,0.004705882352941226
tree_cancer,ags_no_prune,0,49,245,0.004705882352941226
tree_cancer,ags_no_prune,0,50,250,0.004705882352941226
tree_cancer,ags_no_prune,0,51,255,0.004705882352941226
tree_cancer,ags_no_prune,0,52,260,0.004705882352941226
tree_cancer,ags_no_prune,0,53,265,0.004705882352941226
tree_cancer,ags_no_prune,0,54,270,0.004705882352941226
tree_cancer,ags_no_prune,0,55,275,0.004705882352941226
tree_cancer,ags_no_prune,0,56,280,0.004705882352941226
tree_cancer,ags_no_prune,0,57,285,0.004705882352941226
tree_cancer,ags_no_prune,0,58,290,0.004705882352941226
tree_cancer,ags_no_prune,0,59,295,0.004705882352941226
tree_cancer,ags_no_prune,0,60,300,0.004705882352941226
tree_cancer,ags_no_prune,1,1,5,0.035157318741450005
tree_cancer,ags_no_prune,1,2,10,0.0023529411764704466
tree_cancer,ags_no_prune,1,3,15,0.0023529411764704466
tree_cancer,ags_no_prune,1,4,20,0.0023529411764704466
tree_cancer,ags_no_prune,1,5,25,0.0023529411764704466
tree_cancer,ags_no_prune,1,6,30,0.0023529411764704466
tree_cancer,ags_no_prune,1,7,35,0.0023529411764704466
tree_cancer,ags_no_prune,1,8,40,0.0023529411764704466
tree_cancer,ags_no_prune,1,9,45,0.0023529411764704466
tree_cancer,ags_no_prune,1,10,50,0.0023529411764704466
tree_cancer,ags_no_prune,1,11,55,0.0023529411764704466
tree_cancer,ags_no_prune,1,12,60,0.009411764705882453
tree_cancer,ags_no_prune,1,13,65,0.009411764705882453
tree_cancer,ags_no_prune,1,14,70,0.009411764705882453
tree_cancer,ags_no_prune,1,15,75,0.009411764705882453
tree_cancer,ags_no_prune,1,16,80,0.009411764705882453
tree_cancer,ags_no_prune,1,17,85,0.009411764705882453
tree_cancer,ags_no_prune,1,18,90,0.009411764705882453
tree_cancer,ags_no_prune,1,19,95,0.009411764705882453
tree_cancer,ags_no_prune,1,20,100,0.009411764705882453
tree_cancer,ags_no_prune,1,21,105,0.009411764705882453
tree_cancer,ags_no_prune,1,22,110,0.009357045143638776
tree_cancer,ags_no_prune,1,23,115,0.009357045143638776
tree_cancer,ags_no_prune,1,24,120,0.009357045143638776
tree_cancer,ags_no_prune,1,25,125,0.009357045143638776
tree_cancer,ags_no_prune,1,26,130,0.009357045143638776
tree_cancer,ags_no_prune,1,27,135,0.009357045143638776
tree_cancer,ags_no_prune,1,28,140,0.009357045143638776
tree_cancer,ags_no_prune,1,29,145,0.009357045143638776
tree_cancer,ags_no_prune,1,30,150,0.009357045143638776
tree_cancer,ags_no_prune,1,31,155,0.009357045143638776
tree_cancer,ags_no_prune,1,32,160,0.009357045143638776
tree_cancer,ags_no_prune,1,33,165,0.009357045143638776
tree_cancer,ags_no_prune,1,34,170,0.009357045143638776
tree_cancer,ags_no_prune,1,35,175,0.009357045143638776
tree_cancer,ags_no_prune,1,36,180,0.009357045143638776
tree_cancer,ags_no_prune,1,37,185,0.009357045143638776
tree_cancer,ags_no_prune,1,38,190,0.009357045143638776
tree_cancer,ags_no_prune,1,39,195,0.009357045143638776
tree_cancer,ags_no_prune,1,40,200,0.009357045143638776
tree_cancer,ags_no_prune,1,41,205,0.009357045143638776
tree_cancer,ags_no_prune,1,42,210,0.009357045143638776
tree_cancer,ags_no_prune,1,43,215,0.009357045143638776
tree_cancer,ags_no_prune,1,44,220,0.009357045143638776
tree_cancer,ags_no_prune,1,45,225,0.009357045143638776
tree_cancer,ags_no_prune,1,46,230,0.009357045143638776
tree_cancer,ags_no_prune,1,47,235,0.009357045143638776
tree_cancer,ags_no_prune,1,48,240,0.009357045143638776
tree_cancer,ags_no_prune,1,49,245,0.009357045143638776
tree_cancer,ags_no_prune,1,50,250,0.009357045143638776
tree_cancer,ags_no_prune,1,51,255,0.009357045143638776
tree_cancer,ags_no_prune,1,52,260,0.009357045143638776
tree_cancer,ags_no_prune,1,53,265,0.009357045143638776
tree_cancer,ags_no_prune,1,54,270,0.009357045143638776
tree_cancer,ags_no_prune,1,55,275,0.009357045143638776
tree_cancer,ags_no_prune,1,56,280,0.009357045143638776
tree_cancer,ags_no_prune,1,57,285,0.009357045143638776
tree_cancer,ags_no_prune,1,58,290,0.009357045143638776
tree_cancer,ags_no_prune,1,59,295,0.009357045143638776
tree_cancer,ags_no_prune,1,60,300,0.009357045143638776
tree_cancer,ags_no_prune,2,1,5,0.007031463748290001
tree_cancer,ags_no_prune,2,2,10,0.007031463748290001
tree_cancer,ags_no_prune,2,3,15,0.007031463748290001
tree_cancer,ags_no_prune,2,4,20,0.007031463748290001
tree_cancer,ags_no_prune,2,5,25,0.007031463748290001
tree_cancer,ags_no_prune,2,6,30,0.007031463748290001
tree_cancer,ags_no_prune,2,7,35,0.007031463748290001
tree_cancer,ags_no_prune,2,8,40,0.007031463748290001
tree_cancer,ags_no_prune,2,9,45,0.007031463748290001
tree_cancer,ags_no_prune,2,10,50,0.007031463748290001
tree_cancer,ags_no_prune,2,11,55,0.007031463748290001
tree_cancer,ags_no_prune,2,12,60,0.007031463748290001
tree_cancer,ags_no_prune,2,13,65,0.007031463748290001
tree_cancer,ags_no_prune,2,14,70,0.007031463748290001
tree_cancer,ags_no_prune,2,15,75,0.007031463748290001
tree_cancer,ags_no_prune,2,16,80,0.007031463748290001
tree_cancer,ags_no_prune,2,17,85,0.007031463748290001
tree_cancer,ags_no_prune,2,18,90,0.007031463748290001
tree_cancer,ags_no_prune,2,19,95,0.007031463748290001
tree_cancer,ags_no_prune,2,20,100,0.007031463748290001
tree_cancer,ags_no_prune,2,21,105,0.007031463748290001
tree_cancer,ags_no_prune,2,22,110,0.007031463748290001
tree_cancer,ags_no_prune,2,23,115,0.007031463748290001
tree_cancer,ags_no_prune,2,24,120,0.007031463748290001
tree_cancer,ags_no_prune,2,25,125,0.007031463748290001
tree_cancer,ags_no_prune,2,26,130,0.004733242134062787
tree_cancer,ags_no_prune,2,27,135,0.004733242134062787
tree_cancer,ags_no_prune,2,28,140,0.004733242134062787
tree_cancer,ags_no_prune,2,29,145,0.004733242134062787
tree_cancer,ags_no_prune,2,30,150,0.004733242134062787
tree_cancer,ags_no_prune,2,31,155,0.004733242134062787
tree_cancer,ags_no_prune,2,32,160,0.004733242134062787
tree_cancer,ags_no_prune,2,33,165,0.004733242134062787
tree_cancer,ags_no_prune,2,34,170,0.004733242134062787
tree_cancer,ags_no_prune,2,35,175,0.004733242134062787
tree_cancer,ags_no_prune,2,36,180,0.004733242134062787
tree_cancer,ags_no_prune,2,37,185,0.004733242134062787
tree_cancer,ags_no_prune,2,38,190,0.004733242134062787
tree_cancer,ags_no_prune,2,39,195,0.004733242134062787
tree_cancer,ags_no_prune,2,40,200,0.004733242134062787
tree_cancer,ags_no_prune,2,41,205,0.004733242134062787
tree_cancer,ags_no_prune,2,42,210,0.004733242134062787
tree_cancer,ags_no_prune,2,43,215,0.004733242134062787
tree_cancer,ags_no_prune,2,44,220,0.004733242134062787
tree_cancer,ags_no_prune,2,45,225,0.004733242134062787
tree_cancer,ags_no_prune,2,46,230,0.004733242134062787
tree_cancer,ags_no_prune,2,47,235,0.004733242134062787
tree_cancer,ags_no_prune,2,48,240,0.004733242134062787
tree_cancer,ags_no_prune,2,49,245,0.004733242134062787
tree_cancer,ags_no_prune,2,50,250,0.004733242134062787
tree_cancer,ags_no_prune,2,51,255,0.004733242134062787
tree_cancer,ags_no_prune,2,52,260,0.004733242134062787
tree_cancer,ags_no_prune,2,53,265,0.004733242134062787
tree_cancer,ags_no_prune,2,54,270,0.004733242134062787
tree_cancer,ags_no_prune,2,55,275,0.004733242134062787
tree_cancer,ags_no_prune,2,56,280,0.004733242134062787
tree_cancer,ags_no_prune,2,57,285,0.004733242134062787
tree_cancer,ags_no_prune,2,58,290,0.004733242134062787
tree_cancer,ags_no_prune,2,59,295,0.004733242134062787
tree_cancer,ags_no_prune,2,60,300,0.004733242134062787
tree_cancer,ags_no_prune,3,1,5,0.009329685362516993
tree_cancer,ags_no_prune,3,2,10,0.009329685362516993
tree_cancer,ags_no_prune,3,3,15,0.009329685362516993
tree_cancer,ags_no_prune,3,4,20,0.009329685362516993
tree_cancer,ags_no_prune,3,5,25,0.009329685362516993
tree_cancer,ags_no_prune,3,6,30,0.009329685362516993
tree_cancer,ags_no_prune,3,7,35,0.014062927496580002
tree_cancer,ags_no_prune,3,8,40,0.014062927496580002
tree_cancer,ags_no_prune,3,9,45,0.009357045143638776
tree_cancer,ags_no_prune,3,10,50,0.014062927496580002
tree_cancer,ags_no_prune,3,11,55,0.014062927496580002
tree_cancer,ags_no_prune,3,12,60,0.014062927496580002
tree_cancer,ags_no_prune,3,13,65,0.014062927496580002
tree_cancer,ags_no_prune,3,14,70,0.014062927496580002
tree_cancer,ags_no_prune,3,15,75,0.014062927496580002
tree_cancer,ags_no_prune,3,16,80,0.014062927496580002
tree_cancer,ags_no_prune,3,17,85,0.014062927496580002
tree_cancer,ags_no_prune,3,18,90,0.014062927496580002
tree_cancer,ags_no_prune,3,19,95,0.014062927496580002
tree_cancer,ags_no_prune,3,20,100,0.014062927496580002
tree_cancer,ags_no_prune,3,21,105,0.014062927496580002
tree_cancer,ags_no_prune,3,22,110,0.014062927496580002
tree_cancer,ags_no_prune,3,23,115,0.014062927496580002
tree_cancer,ags_no_prune,3,24,120,0.014062927496580002
tree_cancer,ags_no_prune,3,25,125,0.014062927496580002
tree_cancer,ags_no_prune,3,26,130,0.0023529411764705577
tree_cancer,ags_no_prune,3,27,135,0.0023529411764705577
tree_cancer,ags_no_prune,3,28,140,0.0023529411764705577
tree_cancer,ags_no_prune,3,29,145,0.0023529411764705577
tree_cancer,ags_no_prune,3,30,150,0.0023529411764705577
tree_cancer,ags_no_prune,3,31,155,0.0023529411764705577
tree_cancer,ags_no_prune,3,32,160,0.0023529411764705577
tree_cancer,ags_no_prune,3,33,165,0.0023529411764705577
tree_cancer,ags_no_prune,3,34,170,0.0023529411764705577
tree_cancer,ags_no_prune,3,35,175,0.0023529411764705577
tree_cancer,ags_no_prune,3,36,180,0.0023529411764705577
tree_cancer,ags_no_prune,3,37,185,0.0023529411764705577
tree_cancer,ags_no_prune,3,38,190,0.0023529411764705577
tree_cancer,ags_no_prune,3,39,195,0.0023529411764705577
tree_cancer,ags_no_prune,3,40,200,0.0023529411764705577
tree_cancer,ags_no_prune,3,41,205,0.0023529411764705577
tree_cancer,ags_no_prune,3,42,210,0.0023529411764705577
tree_cancer,ags_no_prune,3,43,215,0.0023529411764705577
tree_cancer,ags_no_prune,3,44,220,0.0023529411764705577
tree_cancer,ags_no_prune,3,45,225,0.0023529411764705577
tree_cancer,ags_no_prune,3,46,230,0.0023529411764705577
tree_cancer,ags_no_prune,3,47,235,0.0023529411764705577
tree_cancer,ags_no_prune,3,48,240,0.0023529411764705577
tree_cancer,ags_no_prune,3,49,245,0.0023529411764705577
tree_cancer,ags_no_prune,3,50,250,0.0023529411764705577
tree_cancer,ags_no_prune,3,51,255,0.0023529411764705577
tree_cancer,ags_no_prune,3,52,260,0.0023529411764705577
tree_cancer,ags_no_prune,3,53,265,0.0023529411764705577
tree_cancer,ags_no_prune,3,54,270,0.0023529411764705577
tree_cancer,ags_no_prune,3,55,275,0.0023529411764705577
tree_cancer,ags_no_prune,3,56,280,0.0023529411764705577
tree_cancer,ags_no_prune,3,57,285,0.0023529411764705577
tree_cancer,ags_no_prune,3,58,290,0.0023529411764705577
tree_cancer,ags_no_prune,3,59,295,0.0023529411764705577
tree_cancer,ags_no_prune,3,60,300,0.0023529411764705577
tree_cancer,ags_no_prune,4,1,5,0.004733242134062787
tree_cancer,ags_no_prune,4,2,10,0.004733242134062787
tree_cancer,ags_no_prune,4,3,15,0.004733242134062787
tree_cancer,ags_no_prune,4,4,20,0.004733242134062787
tree_cancer,ags_no_prune,4,5,25,0.004733242134062787
tree_cancer,ags_no_prune,4,6,30,0.004733242134062787
tree_cancer,ags_no_prune,4,7,35,0.004733242134062787
tree_cancer,ags_no_prune,4,8,40,0.004733242134062787
tree_cancer,ags_no_prune,4,9,45,0.004733242134062787
tree_cancer,ags_no_prune,4,10,50,0.004733242134062787
tree_cancer,ags_no_prune,4,11,55,0.004733242134062787
tree_cancer,ags_no_prune,4,12,60,0.004733242134062787
tree_cancer,ags_no_prune,4,13,65,0.004733242134062787
tree_cancer,ags_no_prune,4,14,70,0.004733242134062787
tree_cancer,ags_no_prune,4,15,75,0.004733242134062787
tree_cancer,ags_no_prune,4,16,80,0.004733242134062787
tree_cancer,ags_no_prune,4,17,85,0.004733242134062787
tree_cancer,ags_no_prune,4,18,90,0.004733242134062787
tree_cancer,ags_no_prune,4,19,95,0.004733242134062787
tree_cancer,ags_no_prune,4,20,100,0.004733242134062787
tree_cancer,ags_no_prune,4,21,105,0.004733242134062787
tree_cancer,ags_no_prune,4,22,110,0.004733242134062787
tree_cancer,ags_no_prune,4,23,115,0.004733242134062787
tree_cancer,ags_no_prune,4,24,120,0.004733242134062787
tree_cancer,ags_no_prune,4,25,125,0.004733242134062787
tree_cancer,ags_no_prune,4,26,130,0.004733242134062787
tree_cancer,ags_no_prune,4,27,135,0.004733242134062787
tree_cancer,ags_no_prune,4,28,140,0.004733242134062787
tree_cancer,ags_no_prune,4,29,145,0.004733242134062787
tree_cancer,ags_no_prune,4,30,150,0.004733242134062787
tree_cancer,ags_no_prune,4,31,155,0.004733242134062787
tree_cancer,ags_no_prune,4,32,160,0.004733242134062787
tree_cancer,ags_no_prune,4,33,165,0.004733242134062787
tree_cancer,ags_no_prune,4,34,170,0.004733242134062787
tree_cancer,ags_no_prune,4,35,175,0.004733242134062787
tree_cancer,ags_no_prune,4,36,180,0.004733242134062787
tree_cancer,ags_no_prune,4,37,185,0.004733242134062787
tree_cancer,ags_no_prune,4,38,190,0.004733242134062787
tree_cancer,ags_no_prune,4,39,195,0.004733242134062787
tree_cancer,ags_no_prune,4,40,200,0.004733242134062787
tree_cancer,ags_no_prune,4,41,205,0.004733242134062787
tree_cancer,ags_no_prune,4,42,210,0.004733242134062787
tree_cancer,ags_no_prune,4,43,215,0.004733242134062787
tree_cancer,ags_no_prune,4,44,220,0.004733242134062787
tree_cancer,ags_no_prune,4,45,225,0.004733242134062787
tree_cancer,ags_no_prune,4,46,230,0.004733242134062787
tree_cancer,ags_no_prune,4,47,235,0.004733242134062787
tree_cancer,ags_no_prune,4,48,240,0.004733242134062787
tree_cancer,ags_no_prune,4,49,245,0.004733242134062787
tree_cancer,ags_no_prune,4,50,250,0.004733242134062787
tree_cancer,ags_no_prune,4,51,255,0.004733242134062787
tree_cancer,ags_no_prune,4,52,260,0.004733242134062787
tree_cancer,ags_no_prune,4,53,265,0.004733242134062787
tree_cancer,ags_no_prune,4,54,270,0.004733242134062787
tree_cancer,ags_no_prune,4,55,275,0.004733242134062787
tree_cancer,ags_no_prune,4,56,280,0.004733242134062787
tree_cancer,ags_no_prune,4,57,285,0.004733242134062787
tree_cancer,ags_no_prune,4,58,290,0.004733242134062787
tree_cancer,ags_no_prune,4,59,295,0.004733242134062787
tree_cancer,ags_no_prune,4,60,300,0.004733242134062787
tree_cancer,ags_no_prune,5,1,5,0.02114911080711357
tree_cancer,ags_no_prune,5,2,10,0.02114911080711357
tree_cancer,ags_no_prune,5,3,15,0.02114911080711357
tree_cancer,ags_no_prune,5,4,20,0.02114911080711357
tree_cancer,ags_no_prune,5,5,25,0.03751025991792056
tree_cancer,ags_no_prune,5,6,30,0.03751025991792056
tree_cancer,ags_no_prune,5,7,35,0.03751025991792056
tree_cancer,ags_no_prune,5,8,40,0.03751025991792056
tree_cancer,ags_no_prune,5,9,45,0.0516552667578658
tree_cancer,ags_no_prune,5,10,50,0.0516552667578658
tree_cancer,ags_no_prune,5,11,55,0.0516552667578658
tree_cancer,ags_no_prune,5,12,60,0.0516552667578658
tree_cancer,ags_no_prune,5,13,65,0.0516552667578658
tree_cancer,ags_no_prune,5,14,70,0.0516552667578658
tree_cancer,ags_no_prune,5,15,75,0.0516552667578658
tree_cancer,ags_no_prune,5,16,80,0.0516552667578658
tree_cancer,ags_no_prune,5,17,85,0.0516552667578658
tree_cancer,ags_no_prune,5,18,90,0.0516552667578658
tree_cancer,ags_no_prune,5,19,95,0.0516552667578658
tree_cancer,ags_no_prune,5,20,100,0.011709986320109222
tree_cancer,ags_no_prune,5,21,105,0.011709986320109222
tree_cancer,ags_no_prune,5,22,110,0.011709986320109222
tree_cancer,ags_no_prune,5,23,115,0.011709986320109222
tree_cancer,ags_no_prune,5,24,120,0.011709986320109222
tree_cancer,ags_no_prune,5,25,125,0.011709986320109222
tree_cancer,ags_no_prune,5,26,130,0.011709986320109222
tree_cancer,ags_no_prune,5,27,135,0.011709986320109222
tree_cancer,ags_no_prune,5,28,140,0.011709986320109222
tree_cancer,ags_no_prune,5,29,145,0.011709986320109222
tree_cancer,ags_no_prune,5,30,150,0.011709986320109222
tree_cancer,ags_no_prune,5,31,155,0.011709986320109222
tree_cancer,ags_no_prune,5,32,160,0.011709986320109222
tree_cancer,ags_no_prune,5,33,165,0.011709986320109222
tree_cancer,ags_no_prune,5,34,170,0.011709986320109222
tree_cancer,ags_no_prune,5,35,175,0.011709986320109222
tree_cancer,ags_no_prune,5,36,180,0.011709986320109222
tree_cancer,ags_no_prune,5,37,185,0.011709986320109222
tree_cancer,ags_no_prune,5,38,190,0.011709986320109222
tree_cancer,ags_no_prune,5,39,195,0.011709986320109222
tree_cancer,ags_no_prune,5,40,200,0.011709986320109222
tree_cancer,ags_no_prune,5,41,205,0.011709986320109222
tree_cancer,ags_no_prune,5,42,210,0.011709986320109222
tree_cancer,ags_no_prune,5,43,215,0.011709986320109222
tree_cancer,ags_no_prune,5,44,220,0.011709986320109222
tree_cancer,ags_no_prune,5,45,225,0.011709986320109222
tree_cancer,ags_no_prune,5,46,230,0.011709986320109222
tree_cancer,ags_no_prune,5,47,235,0.011709986320109222
tree_cancer,ags_no_prune,5,48,240,0.011709986320109222
tree_cancer,ags_no_prune,5,49,245,0.011709986320109222
tree_cancer,ags_no_prune,5,50,250,0.011709986320109222
tree_cancer,ags_no_prune,5,51,255,0.011709986320109222
tree_cancer,ags_no_prune,5,52,260,0.011709986320109222
tree_cancer,ags_no_prune,5,53,265,0.011709986320109222
tree_cancer,ags_no_prune,5,54,270,0.011709986320109222
tree_cancer,ags_no_prune,5,55,275,0.011709986320109222
tree_cancer,ags_no_prune,5,56,280,0.011709986320109222
tree_cancer,ags_no_prune,5,57,285,0.011709986320109222
tree_cancer,ags_no_prune,5,58,290,0.011709986320109222
tree_cancer,ags_no_prune,5,59,295,0.011709986320109222
tree_cancer,ags_no_prune,5,60,300,0.011709986320109222
tree_cancer,ags_no_prune,6,1,5,0.011709986320109445
tree_cancer,ags_no_prune,6,2,10,0.011709986320109445
tree_cancer,ags_no_prune,6,3,15,0.011709986320109445
tree_cancer,ags_no_prune,6,4,20,0.011709986320109445
tree_cancer,ags_no_prune,6,5,25,0.011709986320109445
tree_cancer,ags_no_prune,6,6,30,0.011709986320109445
tree_cancer,ags_no_prune,6,7,35,0.011709986320109445
tree_cancer,ags_no_prune,6,8,40,0.011709986320109445
tree_cancer,ags_no_prune,6,9,45,0.011709986320109445
tree_cancer,ags_no_prune,6,10,50,0.011709986320109445
tree_cancer,ags_no_prune,6,11,55,0.011709986320109445
tree_cancer,ags_no_prune,6,12,60,0.011709986320109445
tree_cancer,ags_no_prune,6,13,65,0.011709986320109445
tree_cancer,ags_no_prune,6,14,70,0.011709986320109445
tree_cancer,ags_no_prune,6,15,75,0.011709986320109445
tree_cancer,ags_no_prune,6,16,80,0.011709986320109445
tree_cancer,ags_no_prune,6,17,85,0.011709986320109445
tree_cancer,ags_no_prune,6,18,90,0.011709986320109445
tree_cancer,ags_no_prune,6,19,95,0.011709986320109445
tree_cancer,ags_no_prune,6,20,100,0.011709986320109445
tree_cancer,ags_no_prune,6,21,105,0.011709986320109445
tree_cancer,ags_no_prune,6,22,110,0.011709986320109445
tree_cancer,ags_no_prune,6,23,115,0.011709986320109445
tree_cancer,ags_no_prune,6,24,120,0.011709986320109445
tree_cancer,ags_no_prune,6,25,125,0.011709986320109445
tree_cancer,ags_no_prune,6,26,130,0.011709986320109445
tree_cancer,ags_no_prune,6,27,135,0.011709986320109445
tree_cancer,ags_no_prune,6,28,140,0.011709986320109445
tree_cancer,ags_no_prune,6,29,145,0.011709986320109445
tree_cancer,ags_no_prune,6,30,150,0.011709986320109445
tree_cancer,ags_no_prune,6,31,155,0.011709986320109445
tree_cancer,ags_no_prune,6,32,160,0.011709986320109445
tree_cancer,ags_no_prune,6,33,165,0.011709986320109445
tree_cancer,ags_no_prune,6,34,170,0.011709986320109445
tree_cancer,ags_no_prune,6,35,175,0.011709986320109445
tree_cancer,ags_no_prune,6,36,180,0.011709986320109445
tree_cancer,ags_no_prune,6,37,185,0.011709986320109445
tree_cancer,ags_no_prune,6,38,190,0.011709986320109445
tree_cancer,ags_no_prune,6,39,195,0.011709986320109445
tree_cancer,ags_no_prune,6,40,200,0.011709986320109445
tree_cancer,ags_no_prune,6,41,205,0.011709986320109445
tree_cancer,ags_no_prune,6,42,210,0.011709986320109445
tree_cancer,ags_no_prune,6,43,215,0.011709986320109445
tree_cancer,ags_no_prune,6,44,220,0.011709986320109445
tree_cancer,ags_no_prune,6,45,225,0.011709986320109445
tree_cancer,ags_no_prune,6,46,230,0.011709986320109445
tree_cancer,ags_no_prune,6,47,235,0.011709986320109445
tree_cancer,ags_no_prune,6,48,240,0.011709986320109445
tree_cancer,ags_no_prune,6,49,245,0.011709986320109445
tree_cancer,ags_no_prune,6,50,250,0.011709986320109445
tree_cancer,ags_no_prune,6,51,255,0.011709986320109445
tree_cancer,ags_no_prune,6,52,260,0.011709986320109445
tree_cancer,ags_no_prune,6,53,265,0.011709986320109445
tree_cancer,ags_no_prune,6,54,270,0.011709986320109445
tree_cancer,ags_no_prune,6,55,275,0.011709986320109445
tree_cancer,ags_no_prune,6,56,280,0.011709986320109445
tree_cancer,ags_no_prune,6,57,285,0.011709986320109445
tree_cancer,ags_no_prune,6,58,290,0.011709986320109445
tree_cancer,ags_no_prune,6,59,295,0.011709986320109445
tree_cancer,ags_no_prune,6,60,300,0.011709986320109445
tree_cancer,ags_no_prune,7,1,5,0.0023529411764705577
tree_cancer,ags_no_prune,7,2,10,0.0023529411764705577
tree_cancer,ags_no_prune,7,3,15,0.0023529411764705577
tree_cancer,ags_no_prune,7,4,20,0.0023529411764705577
tree_cancer,ags_no_prune,7,5,25,0.0023529411764705577
tree_cancer,ags_no_prune,7,6,30,0.0023529411764705577
tree_cancer,ags_no_prune,7,7,35,0.0023529411764705577
tree_cancer,ags_no_prune,7,8,40,0.0023529411764705577
tree_cancer,ags_no_prune,7,9,45,0.0023529411764705577
tree_cancer,ags_no_prune,7,10,50,0.0023529411764705577
tree_cancer,ags_no_prune,7,11,55,0.0023529411764705577
tree_cancer,ags_no_prune,7,12,60,0.0023529411764705577
tree_cancer,ags_no_prune,7,13,65,0.0023529411764705577
tree_cancer,ags_no_prune,7,14,70,0.0023529411764705577
tree_cancer,ags_no_prune,7,15,75,0.0023529411764705577
tree_cancer,ags_no_prune,7,16,80,0.0023529411764705577
tree_cancer,ags_no_prune,7,17,85,0.0023529411764705577
tree_cancer,ags_no_prune,7,18,90,0.0023529411764705577
tree_cancer,ags_no_prune,7,19,95,0.0023529411764705577
tree_cancer,ags_no_prune,7,20,100,0.0023529411764705577
tree_cancer,ags_no_prune,7,21,105,0.0023529411764705577
tree_cancer,ags_no_prune,7,22,110,0.0023529411764705577
tree_cancer,ags_no_prune,7,23,115,0.0023529411764705577
tree_cancer,ags_no_prune,7,24,120,0.0023529411764705577
tree_cancer,ags_no_prune,7,25,125,0.018768809849521007
tree_cancer,ags_no_prune,7,26,130,0.014062927496580002
tree_cancer,ags_no_prune,7,27,135,0.014062927496580002
tree_cancer,ags_no_prune,7,28,140,0.014062927496580002
tree_cancer,ags_no_prune,7,29,145,0.014062927496580002
tree_cancer,ags_no_prune,7,30,150,0.014062927496580002
tree_cancer,ags_no_prune,7,31,155,0.014062927496580002
tree_cancer,ags_no_prune,7,32,160,0.014062927496580002
tree_cancer,ags_no_prune,7,33,165,0.014062927496580002
tree_cancer,ags_no_prune,7,34,170,0.014062927496580002
tree_cancer,ags_no_prune,7,35,175,0.014062927496580002
tree_cancer,ags_no_prune,7,36,180,0.014062927496580002
tree_cancer,ags_no_prune,7,37,185,0.014062927496580002
tree_cancer,ags_no_prune,7,38,190,0.014062927496580002
tree_cancer,ags_no_prune,7,39,195,0.014062927496580002
tree_cancer,ags_no_prune,7,40,200,0.014062927496580002
tree_cancer,ags_no_prune,7,41,205,0.014062927496580002
tree_cancer,ags_no_prune,7,42,210,0.014062927496580002
tree_cancer,ags_no_prune,7,43,215,0.014062927496580002
tree_cancer,ags_no_prune,7,44,220,0.014062927496580002
tree_cancer,ags_no_prune,7,45,225,0.014062927496580002
tree_cancer,ags_no_prune,7,46,230,0.014062927496580002
tree_cancer,ags_no_prune,7,47,235,0.014062927496580002
tree_cancer,ags_no_prune,7,48,240,0.014062927496580002
tree_cancer,ags_no_prune,7,49,245,0.014062927496580002
tree_cancer,ags_no_prune,7,50,250,0.014062927496580002
tree_cancer,ags_no_prune,7,51,255,0.014062927496580002
tree_cancer,ags_no_prune,7,52,260,0.014062927496580002
tree_cancer,ags_no_prune,7,53,265,0.014062927496580002
tree_cancer,ags_no_prune,7,54,270,0.014062927496580002
tree_cancer,ags_no_prune,7,55,275,0.014062927496580002
tree_cancer,ags_no_prune,7,56,280,0.014062927496580002
tree_cancer,ags_no_prune,7,57,285,0.014062927496580002
tree_cancer,ags_no_prune,7,58,290,0.014062927496580002
tree_cancer,ags_no_prune,7,59,295,0.014062927496580002
tree_cancer,ags_no_prune,7,60,300,0.014062927496580002
tree_cancer,ags_no_prune,8,1,5,0.007058823529411784
tree_cancer,ags_no_prune,8,2,10,0.007058823529411784
tree_cancer,ags_no_prune,8,3,15,0.007058823529411784
tree_cancer,ags_no_prune,8,4,20,0.007058823529411784
tree_cancer,ags_no_prune,8,5,25,0.007058823529411784
tree_cancer,ags_no_prune,8,6,30,0.007058823529411784
tree_cancer,ags_no_prune,8,7,35,0.007058823529411784
tree_cancer,ags_no_prune,8,8,40,0.007058823529411784
tree_cancer,ags_no_prune,8,9,45,0.007058823529411784
tree_cancer,ags_no_prune,8,10,50,0.007058823529411784
tree_cancer,ags_no_prune,8,11,55,0.007058823529411784
tree_cancer,ags_no_prune,8,12,60,0.007058823529411784
tree_cancer,ags_no_prune,8,13,65,0.007058823529411784
tree_cancer,ags_no_prune,8,14,70,0.007058823529411784
tree_cancer,ags_no_prune,8,15,75,0.007058823529411784
tree_cancer,ags_no_prune,8,16,80,0.007058823529411784
tree_cancer,ags_no_prune,8,17,85,0.007058823529411784
tree_cancer,ags_no_prune,8,18,90,0.007058823529411784
tree_cancer,ags_no_prune,8,19,95,0.007058823529411784
tree_cancer,ags_no_prune,8,20,100,0.007058823529411784
tree_cancer,ags_no_prune,8,21,105,0.007058823529411784
tree_cancer,ags_no_prune,8,22,110,0.007058823529411784
tree_cancer,ags_no_prune,8,23,115,0.007058823529411784
tree_cancer,ags_no_prune,8,24,120,0.007058823529411784
tree_cancer,ags_no_prune,8,25,125,0.007058823529411784
tree_cancer,ags_no_prune,8,26,130,0.007058823529411784
tree_cancer,ags_no_prune,8,27,135,0.007058823529411784
tree_cancer,ags_no_prune,8,28,140,0.007058823529411784
tree_cancer,ags_no_prune,8,29,145,0.007058823529411784
tree_cancer,ags_no_prune,8,30,150,0.007058823529411784
tree_cancer,ags_no_prune,8,31,155,0.007058823529411784
tree_cancer,ags_no_prune,8,32,160,0.007058823529411784
tree_cancer,ags_no_prune,8,33,165,0.007058823529411784
tree_cancer,ags_no_prune,8,34,170,0.007058823529411784
tree_cancer,ags_no_prune,8,35,175,0.007058823529411784
tree_cancer,ags_no_prune,8,36,180,0.007058823529411784
tree_cancer,ags_no_prune,8,37,185,0.007058823529411784
tree_cancer,ags_no_prune,8,38,190,0.007058823529411784
tree_cancer,ags_no_prune,8,39,195,0.007058823529411784
tree_cancer,ags_no_prune,8,40,200,0.007058823529411784
tree_cancer,ags_no_prune,8,41,205,0.007058823529411784
tree_cancer,ags_no_prune,8,42,210,0.007058823529411784
tree_cancer,ags_no_prune,8,43,215,0.007058823529411784
tree_cancer,ags_no_prune,8,44,220,0.007058823529411784
tree_cancer,ags_no_prune,8,45,225,0.007058823529411784
tree_cancer,ags_no_prune,8,46,230,0.007058823529411784
tree_cancer,ags_no_prune,8,47,235,0.007058823529411784
tree_cancer,ags_no_prune,8,48,240,0.007058823529411784
tree_cancer,ags_no_prune,8,49,245,0.007058823529411784
tree_cancer,ags_no_prune,8,50,250,0.007058823529411784
tree_cancer,ags_no_prune,8,51,255,0.007058823529411784
tree_cancer,ags_no_prune,8,52,260,0.007058823529411784
tree_cancer,ags_no_prune,8,53,265,0.007058823529411784
tree_cancer,ags_no_prune,8,54,270,0.007058823529411784
tree_cancer,ags_no_prune,8,55,275,0.007058823529411784
tree_cancer,ags_no_prune,8,56,280,0.007058823529411784
tree_cancer,ags_no_prune,8,57,285,0.007058823529411784
tree_cancer,ags_no_prune,8,58,290,0.007058823529411784
tree_cancer,ags_no_prune,8,59,295,0.007058823529411784
tree_cancer,ags_no_prune,8,60,300,0.007058823529411784
tree_cancer,ags_no_prune,9,1,5,0.01168262653898755
tree_cancer,ags_no_prune,9,2,10,0.01168262653898755
tree_cancer,ags_no_prune,9,3,15,0.01168262653898755
tree_cancer,ags_no_prune,9,4,20,0.01168262653898755
tree_cancer,ags_no_prune,9,5,25,0.03989056087551279
tree_cancer,ags_no_prune,9,6,30,0.03989056087551279
tree_cancer,ags_no_prune,9,7,35,0.014062927496580002
tree_cancer,ags_no_prune,9,8,40,0.014062927496580002
tree_cancer,ags_no_prune,9,9,45,0.018768809849521007
tree_cancer,ags_no_prune,9,10,50,0.018768809849521007
tree_cancer,ags_no_prune,9,11,55,0.018768809849521007
tree_cancer,ags_no_prune,9,12,60,0.018768809849521007
tree_cancer,ags_no_prune,9,13,65,0.018768809849521007
tree_cancer,ags_no_prune,9,14,70,0.018768809849521007
tree_cancer,ags_no_prune,9,15,75,0.018768809849521007
tree_cancer,ags_no_prune,9,16,80,0.018768809849521007
tree_cancer,ags_no_prune,9,17,85,0.018768809849521007
tree_cancer,ags_no_prune,9,18,90,0.018768809849521007
tree_cancer,ags_no_prune,9,19,95,0.018768809849521007
tree_cancer,ags_no_prune,9,20,100,0.018768809849521007
tree_cancer,ags_no_prune,9,21,105,0.018768809849521007
tree_cancer,ags_no_prune,9,22,110,0.018768809849521007
tree_cancer,ags_no_prune,9,23,115,0.018768809849521007
tree_cancer,ags_no_prune,9,24,120,0.018768809849521007
tree_cancer,ags_no_prune,9,25,125,0.018768809849521007
tree_cancer,ags_no_prune,9,26,130,0.018768809849521007
tree_cancer,ags_no_prune,9,27,135,0.018768809849521007
tree_cancer,ags_no_prune,9,28,140,0.018768809849521007
tree_cancer,ags_no_prune,9,29,145,0.018768809849521007
tree_cancer,ags_no_prune,9,30,150,0.018768809849521007
tree_cancer,ags_no_prune,9,31,155,0.018768809849521007
tree_cancer,ags_no_prune,9,32,160,0.018768809849521007
tree_cancer,ags_no_prune,9,33,165,0.018768809849521007
tree_cancer,ags_no_prune,9,34,170,0.018768809849521007
tree_cancer,ags_no_prune,9,35,175,0.018768809849521007
tree_cancer,ags_no_prune,9,36,180,0.018768809849521007
tree_cancer,ags_no_prune,9,37,185,0.018768809849521007
tree_cancer,ags_no_prune,9,38,190,0.018768809849521007
tree_cancer,ags_no_prune,9,39,195,0.018768809849521007
tree_cancer,ags_no_prune,9,40,200,0.018768809849521007
tree_cancer,ags_no_prune,9,41,205,0.018768809849521007
tree_cancer,ags_no_prune,9,42,210,0.018768809849521007
tree_cancer,ags_no_prune,9,43,215,0.018768809849521007
tree_cancer,ags_no_prune,9,44,220,0.018768809849521007
tree_cancer,ags_no_prune,9,45,225,0.018768809849521007
tree_cancer,ags_no_prune,9,46,230,0.018768809849521007
tree_cancer,ags_no_prune,9,47,235,0.018768809849521007
tree_cancer,ags_no_prune,9,48,240,0.018768809849521007
tree_cancer,ags_no_prune,9,49,245,0.018768809849521007
tree_cancer,ags_no_prune,9,50,250,0.018768809849521007
tree_cancer,ags_no_prune,9,51,255,0.018768809849521007
tree_cancer,ags_no_prune,9,52,260,0.018768809849521007
tree_cancer,ags_no_prune,9,53,265,0.018768809849521007
tree_cancer,ags_no_prune,9,54,270,0.018768809849521007
tree_cancer,ags_no_prune,9,55,275,0.018768809849521007
tree_cancer,ags_no_prune,9,56,280,0.018768809849521007
tree_cancer,ags_no_prune,9,57,285,0.018768809849521007
tree_cancer,ags_no_prune,9,58,290,0.018768809849521007
tree_cancer,ags_no_prune,9,59,295,0.018768809849521007
tree_cancer,ags_no_prune,9,60,300,0.018768809849521007
tree_cancer,ags_gp,0,1,5,0.009357045143638776
tree_cancer,ags_gp,0,2,10,0.009357045143638776
tree_cancer,ags_gp,0,3,15,0.009357045143638776
tree_cancer,ags_gp,0,4,20,0.009357045143638776
tree_cancer,ags_gp,0,5,25,0.009357045143638776
tree_cancer,ags_gp,0,6,30,0.009357045143638776
tree_cancer,ags_gp,0,7,35,0.007031463748290001
tree_cancer,ags_gp,0,8,40,0.007031463748290001
tree_cancer,ags_gp,0,9,45,0.007031463748290001
tree_cancer,ags_gp,0,10,50,0.007031463748290001
tree_cancer,ags_gp,0,11,55,0.007031463748290001
tree_cancer,ags_gp,0,12,60,0.007031463748290001
tree_cancer,ags_gp,0,13,65,0.004733242134062787
tree_cancer,ags_gp,0,14,70,0.004733242134062787
tree_cancer,ags_gp,0,15,75,0.004733242134062787
tree_cancer,ags_gp,0,16,80,0.004733242134062787
tree_cancer,ags_gp,0,17,85,0.004733242134062787
tree_cancer,ags_gp,0,18,90,0.004733242134062787
tree_cancer,ags_gp,0,19,95,0.004733242134062787
tree_cancer,ags_gp,0,20,100,0.004733242134062787
tree_cancer,ags_gp,0,21,105,0.004733242134062787
tree_cancer,ags_gp,0,22,110,0.004733242134062787
tree_cancer,ags_gp,0,23,115,0.004733242134062787
tree_cancer,ags_gp,0,24,120,0.004733242134062787
tree_cancer,ags_gp,0,25,122,0.004733242134062787
tree_cancer,ags_gp,0,26,127,0.004733242134062787
tree_cancer,ags_gp,0,27,132,0.004733242134062787
tree_cancer,ags_gp,0,28,134,0.004733242134062787
tree_cancer,ags_gp,0,29,136,0.004733242134062787
tree_cancer,ags_gp,0,30,138,0.004733242134062787
tree_cancer,ags_gp,0,31,143,0.004733242134062787
tree_cancer,ags_gp,0,32,146,0.004733242134062787
tree_cancer,ags_gp,0,33,149,0.004733242134062787
tree_cancer,ags_gp,0,34,154,0.004733242134062787
tree_cancer,ags_gp,0,35,158,0.004733242134062787
tree_cancer,ags_gp,0,36,161,0.004733242134062787
tree_cancer,ags_gp,0,37,166,0.004733242134062787
tree_cancer,ags_gp,0,38,170,0.004733242134062787
tree_cancer,ags_gp,0,39,175,0.004733242134062787
tree_cancer,ags_gp,0,40,180,0.004733242134062787
tree_cancer,ags_gp,0,41,185,0.004733242134062787
tree_cancer,ags_gp,0,42,190,0.004733242134062787
tree_cancer,ags_gp,0,43,195,0.0023529411764705577
tree_cancer,ags_gp,0,44,200,0.0023529411764705577
tree_cancer,ags_gp,0,45,205,0.0023529411764705577
tree_cancer,ags_gp,0,46,210,0.0023529411764705577
tree_cancer,ags_gp,0,47,215,0.0023529411764705577
tree_cancer,ags_gp,0,48,219,0.0023529411764705577
tree_cancer,ags_gp,0,49,222,0.0023529411764705577
tree_cancer,ags_gp,0,50,227,0.0023529411764705577
tree_cancer,ags_gp,0,51,232,0.0023529411764705577
tree_cancer,ags_gp,0,52,237,0.0023529411764705577
tree_cancer,ags_gp,0,53,242,0.0023529411764705577
tree_cancer,ags_gp,0,54,245,0.0023529411764705577
tree_cancer,ags_gp,0,55,248,0.0023529411764705577
tree_cancer,ags_gp,0,56,253,0.0023529411764705577
tree_cancer,ags_gp,0,57,256,0.0023529411764705577
tree_cancer,ags_gp,0,58,261,0.0023529411764705577
tree_cancer,ags_gp,0,59,264,0.0023529411764705577
tree_cancer,ags_gp,0,60,268,0.0023529411764705577
tree_cancer,ags_gp,1,1,5,0.035157318741450005
tree_cancer,ags_gp,1,2,10,0.0023529411764704466
tree_cancer,ags_gp,1,3,15,0.0023529411764704466
tree_cancer,ags_gp,1,4,20,0.0023529411764704466
tree_cancer,ags_gp,1,5,25,0.0023529411764704466
tree_cancer,ags_gp,1,6,30,0.0023529411764704466
tree_cancer,ags_gp,1,7,35,0.0023529411764704466
tree_cancer,ags_gp,1,8,40,0.0023529411764704466
tree_cancer,ags_gp,1,9,45,0.0023529411764704466
tree_cancer,ags_gp,1,10,50,0.0023529411764704466
tree_cancer,ags_gp,1,11,55,0.0023529411764704466
tree_cancer,ags_gp,1,12,60,0.0023529411764704466
tree_cancer,ags_gp,1,13,62,0.0023529411764704466
tree_cancer,ags_gp,1,14,64,0.0023529411764704466
tree_cancer,ags_gp,1,15,69,0.0023529411764704466
tree_cancer,ags_gp,1,16,74,0.0023529411764704466
tree_cancer,ags_gp,1,17,77,0.0023529411764704466
tree_cancer,ags_gp,1,18,80,0.0023529411764704466
tree_cancer,ags_gp,1,19,85,0.0023529411764704466
tree_cancer,ags_gp,1,20,88,0.0023529411764704466
tree_cancer,ags_gp,1,21,90,0.0023529411764704466
tree_cancer,ags_gp,1,22,95,0.00700410396716844
tree_cancer,ags_gp,1,23,98,0.00700410396716844
tree_cancer,ags_gp,1,24,100,0.00700410396716844
tree_cancer,ags_gp,1,25,102,0.00700410396716844
tree_cancer,ags_gp,1,26,107,0.00700410396716844
tree_cancer,ags_gp,1,27,112,0.00700410396716844
tree_cancer,ags_gp,1,28,117,0.00700410396716844
tree_cancer,ags_gp,1,29,122,0.00700410396716844
tree_cancer,ags_gp,1,30,124,0.00700410396716844
tree_cancer,ags_gp,1,31,129,0.00700410396716844
tree_cancer,ags_gp,1,32,134,0.00700410396716844
tree_cancer,ags_gp,1,33,136,0.00700410396716844
tree_cancer,ags_gp,1,34,141,0.00700410396716844
tree_cancer,ags_gp,1,35,143,0.00700410396716844
tree_cancer,ags_gp,1,36,148,0.00700410396716844
tree_cancer,ags_gp,1,37,150,0.00700410396716844
tree_cancer,ags_gp,1,38,155,0.00700410396716844
tree_cancer,ags_gp,1,39,160,0.00700410396716844
tree_cancer,ags_gp,1,40,165,0.004705882352941226
tree_cancer,ags_gp,1,41,170,0.004705882352941226
tree_cancer,ags_gp,1,42,172,0.004705882352941226
tree_cancer,ags_gp,1,43,177,0.004705882352941226
tree_cancer,ags_gp,1,44,182,0.004705882352941226
tree_cancer,ags_gp,1,45,184,0.004705882352941226
tree_cancer,ags_gp,1,46,189,0.004705882352941226
tree_cancer,ags_gp,1,47,194,0.004705882352941226
tree_cancer,ags_gp,1,48,196,0.004705882352941226
tree_cancer,ags_gp,1,49,198,0.004705882352941226
tree_cancer,ags_gp,1,50,203,0.004705882352941226
tree_cancer,ags_gp,1,51,208,0.004705882352941226
tree_cancer,ags_gp,1,52,213,0.004705882352941226
tree_cancer,ags_gp,1,53,218,0.004705882352941226
tree_cancer,ags_gp,1,54,220,0.004705882352941226
tree_cancer,ags_gp,1,55,222,0.004705882352941226
tree_cancer,ags_gp,1,56,226,0.004705882352941226
tree_cancer,ags_gp,1,57,231,0.004705882352941226
tree_cancer,ags_gp,1,58,235,0.004705882352941226
tree_cancer,ags_gp,1,59,240,0.004705882352941226
tree_cancer,ags_gp,1,60,242,0.004705882352941226
tree_cancer,ags_gp,2,1,5,0.007031463748290001
tree_cancer,ags_gp,2,2,10,0.007031463748290001
tree_cancer,ags_gp,2,3,15,0.007031463748290001
tree_cancer,ags_gp,2,4,20,0.007031463748290001
tree_cancer,ags_gp,2,5,25,0.007031463748290001
tree_cancer,ags_gp,2,6,30,0.007031463748290001
tree_cancer,ags_gp,2,7,35,0.0023803009575924516
tree_cancer,ags_gp,2,8,40,0.0023803009575924516
tree_cancer,ags_gp,2,9,45,0.0023803009575924516
tree_cancer,ags_gp,2,10,50,0.0
tree_cancer,ags_gp,2,11,55,0.0
tree_cancer,ags_gp,2,12,60,0.0
tree_cancer,ags_gp,2,13,65,0.0
tree_cancer,ags_gp,2,14,70,0.0
tree_cancer,ags_gp,2,15,75,0.0
tree_cancer,ags_gp,2,16,80,0.0
tree_cancer,ags_gp,2,17,85,0.0
tree_cancer,ags_gp,2,18,90,0.0
tree_cancer,ags_gp,2,19,93,0.0
tree_cancer,ags_gp,2,20,98,0.0
tree_cancer,ags_gp,2,21,103,0.0
tree_cancer,ags_gp,2,22,106,0.0
tree_cancer,ags_gp,2,23,111,0.0
tree_cancer,ags_gp,2,24,114,0.0
tree_cancer,ags_gp,2,25,119,0.0
tree_cancer,ags_gp,2,26,124,0.0
tree_cancer,ags_gp,2,27,128,0.0
tree_cancer,ags_gp,2,28,132,0.0
tree_cancer,ags_gp,2,29,137,0.0
tree_cancer,ags_gp,2,30,142,0.0
tree_cancer,ags_gp,2,31,147,0.0
tree_cancer,ags_gp,2,32,152,0.0
tree_cancer,ags_gp,2,33,156,0.0
tree_cancer,ags_gp,2,34,161,0.0
tree_cancer,ags_gp,2,35,166,0.0
tree_cancer,ags_gp,2,36,171,0.0
tree_cancer,ags_gp,2,37,176,0.0
tree_cancer,ags_gp,2,38,181,0.0
tree_cancer,ags_gp,2,39,186,0.0
tree_cancer,ags_gp,2,40,189,0.0
tree_cancer,ags_gp,2,41,194,0.0
tree_cancer,ags_gp,2,42,199,0.0
tree_cancer,ags_gp,2,43,204,0.0
tree_cancer,ags_gp,2,44,209,0.0
tree_cancer,ags_gp,2,45,214,0.0
tree_cancer,ags_gp,2,46,219,0.0
tree_cancer,ags_gp,2,47,224,0.0
tree_cancer,ags_gp,2,48,228,0.0
tree_cancer,ags_gp,2,49,233,0.0
tree_cancer,ags_gp,2,50,238,0.0
tree_cancer,ags_gp,2,51,243,0.0
tree_cancer,ags_gp,2,52,248,0.0
tree_cancer,ags_gp,2,53,253,0.0
tree_cancer,ags_gp,2,54,258,0.0
tree_cancer,ags_gp,2,55,261,0.0
tree_cancer,ags_gp,2,56,266,0.0
tree_cancer,ags_gp,2,57,271,0.0
tree_cancer,ags_gp,2,58,276,0.0
tree_cancer,ags_gp,2,59,281,0.0
tree_cancer,ags_gp,2,60,286,0.0
tree_cancer,ags_gp,3,1,5,0.009329685362516993
tree_cancer,ags_gp,3,2,10,0.009329685362516993
tree_cancer,ags_gp,3,3,15,0.009329685362516993
tree_cancer,ags_gp,3,4,20,0.009329685362516993
tree_cancer,ags_gp,3,5,25,0.009329685362516993
tree_cancer,ags_gp,3,6,30,0.009329685362516993
tree_cancer,ags_gp,3,7,35,0.009329685362516993
tree_cancer,ags_gp,3,8,40,0.009329685362516993
tree_cancer,ags_gp,3,9,45,0.009329685362516993
tree_cancer,ags_gp,3,10,50,0.009329685362516993
tree_cancer,ags_gp,3,11,55,0.009329685362516993
tree_cancer,ags_gp,3,12,60,0.009357045143638776
tree_cancer,ags_gp,3,13,63,0.009357045143638776
tree_cancer,ags_gp,3,14,66,0.009357045143638776
tree_cancer,ags_gp,3,15,71,0.009357045143638776
tree_cancer,ags_gp,3,16,75,0.009357045143638776
tree_cancer,ags_gp,3,17,80,0.0023529411764705577
tree_cancer,ags_gp,3,18,82,0.0023529411764705577
tree_cancer,ags_gp,3,19,87,0.0023529411764705577
tree_cancer,ags_gp,3,20,92,0.0023529411764705577
tree_cancer,ags_gp,3,21,97,0.0023529411764705577
tree_cancer,ags_gp,3,22,102,0.0023529411764705577
tree_cancer,ags_gp,3,23,107,0.0023529411764705577
tree_cancer,ags_gp,3,24,112,0.0023529411764705577
tree_cancer,ags_gp,3,25,117,0.0023529411764705577
tree_cancer,ags_gp,3,26,122,0.0023529411764705577
tree_cancer,ags_gp,3,27,127,0.0023529411764705577
tree_cancer,ags_gp,3,28,131,0.0023529411764705577
tree_cancer,ags_gp,3,29,136,0.0023529411764705577
tree_cancer,ags_gp,3,30,141,0.0023529411764705577
tree_cancer,ags_gp,3,31,146,0.0023529411764705577
tree_cancer,ags_gp,3,32,151,0.0023529411764705577
tree_cancer,ags_gp,3,33,156,0.0023529411764705577
tree_cancer,ags_gp,3,34,161,0.0023529411764705577
tree_cancer,ags_gp,3,35,166,0.0023529411764705577
tree_cancer,ags_gp,3,36,169,0.0023529411764705577
tree_cancer,ags_gp,3,37,174,0.0023529411764705577
tree_cancer,ags_gp,3,38,179,0.0023529411764705577
tree_cancer,ags_gp,3,39,184,0.0023529411764705577
tree_cancer,ags_gp,3,40,186,0.0023529411764705577
tree_cancer,ags_gp,3,41,191,0.0023529411764705577
tree_cancer,ags_gp,3,42,196,0.0023529411764705577
tree_cancer,ags_gp,3,43,199,0.0023529411764705577
tree_cancer,ags_gp,3,44,204,0.0023529411764705577
tree_cancer,ags_gp,3,45,206,0.0023529411764705577
tree_cancer,ags_gp,3,46,211,0.0023529411764705577
tree_cancer,ags_gp,3,47,213,0.0023529411764705577
tree_cancer,ags_gp,3,48,216,0.0023529411764705577
tree_cancer,ags_gp,3,49,221,0.0023529411764705577
tree_cancer,ags_gp,3,50,223,0.0023529411764705577
tree_cancer,ags_gp,3,51,226,0.0023529411764705577
tree_cancer,ags_gp,3,52,228,0.0023529411764705577
tree_cancer,ags_gp,3,53,233,0.0023529411764705577
tree_cancer,ags_gp,3,54,235,0.0023529411764705577
tree_cancer,ags_gp,3,55,240,0.0023529411764705577
tree_cancer,ags_gp,3,56,245,0.0023529411764705577
tree_cancer,ags_gp,3,57,250,0.0023529411764705577
tree_cancer,ags_gp,3,58,255,0.0023529411764705577
tree_cancer,ags_gp,3,59,260,0.0023529411764705577
tree_cancer,ags_gp,3,60,262,0.0023529411764705577
tree_cancer,ags_gp,4,1,5,0.004733242134062787
tree_cancer,ags_gp,4,2,10,0.004733242134062787
tree_cancer,ags_gp,4,3,15,0.004733242134062787
tree_cancer,ags_gp,4,4,20,0.004733242134062787
tree_cancer,ags_gp,4,5,25,0.004733242134062787
tree_cancer,ags_gp,4,6,30,0.004733242134062787
tree_cancer,ags_gp,4,7,35,0.004733242134062787
tree_cancer,ags_gp,4,8,40,0.004733242134062787
tree_cancer,ags_gp,4,9,45,0.004733242134062787
tree_cancer,ags_gp,4,10,50,0.004733242134062787
tree_cancer,ags_gp,4,11,55,0.004733242134062787
tree_cancer,ags_gp,4,12,60,0.004733242134062787
tree_cancer,ags_gp,4,13,62,0.004733242134062787
tree_cancer,ags_gp,4,14,67,0.004733242134062787
tree_cancer,ags_gp,4,15,72,0.004733242134062787
tree_cancer,ags_gp,4,16,77,0.004733242134062787
tree_cancer,ags_gp,4,17,82,0.004733242134062787
tree_cancer,ags_gp,4,18,87,0.004733242134062787
tree_cancer,ags_gp,4,19,92,0.004733242134062787
tree_cancer,ags_gp,4,20,97,0.004733242134062787
tree_cancer,ags_gp,4,21,102,0.004733242134062787
tree_cancer,ags_gp,4,22,107,0.004733242134062787
tree_cancer,ags_gp,4,23,112,0.004733242134062787
tree_cancer,ags_gp,4,24,117,0.004733242134062787
tree_cancer,ags_gp,4,25,122,0.004733242134062787
tree_cancer,ags_gp,4,26,127,0.004733242134062787
tree_cancer,ags_gp,4,27,132,0.004733242134062787
tree_cancer,ags_gp,4,28,134,0.004733242134062787
tree_cancer,ags_gp,4,29,139,0.004733242134062787
tree_cancer,ags_gp,4,30,144,0.004733242134062787
tree_cancer,ags_gp,4,31,149,0.004733242134062787
tree_cancer,ags_gp,4,32,154,0.004733242134062787
tree_cancer,ags_gp,4,33,159,0.004733242134062787
tree_cancer,ags_gp,4,34,162,0.004733242134062787
tree_cancer,ags_gp,4,35,165,0.004733242134062787
tree_cancer,ags_gp,4,36,170,0.004733242134062787
tree_cancer,ags_gp,4,37,175,0.004733242134062787
tree_cancer,ags_gp,4,38,180,0.004733242134062787
tree_cancer,ags_gp,4,39,185,0.004733242134062787
tree_cancer,ags_gp,4,40,190,0.004733242134062787
tree_cancer,ags_gp,4,41,195,0.004733242134062787
tree_cancer,ags_gp,4,42,200,0.004733242134062787
tree_cancer,ags_gp,4,43,205,0.004733242134062787
tree_cancer,ags_gp,4,44,210,0.004733242134062787
tree_cancer,ags_gp,4,45,215,0.004733242134062787
tree_cancer,ags_gp,4,46,220,0.004733242134062787
tree_cancer,ags_gp,4,47,225,0.004733242134062787
tree_cancer,ags_gp,4,48,230,0.004733242134062787
tree_cancer,ags_gp,4,49,232,0.004733242134062787
tree_cancer,ags_gp,4,50,234,0.004733242134062787
tree_cancer,ags_gp,4,51,239,0.004733242134062787
tree_cancer,ags_gp,4,52,243,0.004733242134062787
tree_cancer,ags_gp,4,53,248,0.004733242134062787
tree_cancer,ags_gp,4,54,253,0.004733242134062787
tree_cancer,ags_gp,4,55,255,0.004733242134062787
tree_cancer,ags_gp,4,56,260,0.004733242134062787
tree_cancer,ags_gp,4,57,265,0.004733242134062787
tree_cancer,ags_gp,4,58,270,0.004733242134062787
tree_cancer,ags_gp,4,59,275,0.004733242134062787
tree_cancer,ags_gp,4,60,280,0.004733242134062787
tree_cancer,ags_gp,5,1,5,0.02114911080711357
tree_cancer,ags_gp,5,2,10,0.02114911080711357
tree_cancer,ags_gp,5,3,15,0.02114911080711357
tree_cancer,ags_gp,5,4,20,0.02114911080711357
tree_cancer,ags_gp,5,5,25,0.03751025991792056
tree_cancer,ags_gp,5,6,30,0.03751025991792056
tree_cancer,ags_gp,5,7,35,0.03751025991792056
tree_cancer,ags_gp,5,8,40,0.011709986320109222
tree_cancer,ags_gp,5,9,45,0.011709986320109222
tree_cancer,ags_gp,5,10,50,0.011709986320109222
tree_cancer,ags_gp,5,11,55,0.011709986320109222
tree_cancer,ags_gp,5,12,60,0.011709986320109222
tree_cancer,ags_gp,5,13,65,0.011709986320109222
tree_cancer,ags_gp,5,14,70,0.011709986320109222
tree_cancer,ags_gp,5,15,75,0.011709986320109222
tree_cancer,ags_gp,5,16,80,0.011709986320109222
tree_cancer,ags_gp,5,17,85,0.011709986320109222
tree_cancer,ags_gp,5,18,90,0.011709986320109222
tree_cancer,ags_gp,5,19,95,0.011709986320109222
tree_cancer,ags_gp,5,20,100,0.011709986320109222
tree_cancer,ags_gp,5,21,105,0.011709986320109222
tree_cancer,ags_gp,5,22,110,0.011709986320109222
tree_cancer,ags_gp,5,23,115,0.011709986320109222
tree_cancer,ags_gp,5,24,120,0.011709986320109222
tree_cancer,ags_gp,5,25,122,0.011709986320109222
tree_cancer,ags_gp,5,26,127,0.011709986320109222
tree_cancer,ags_gp,5,27,132,0.011709986320109222
tree_cancer,ags_gp,5,28,137,0.011709986320109222
tree_cancer,ags_gp,5,29,139,0.011709986320109222
tree_cancer,ags_gp,5,30,144,0.011709986320109222
tree_cancer,ags_gp,5,31,146,0.011709986320109222
tree_cancer,ags_gp,5,32,151,0.011709986320109222
tree_cancer,ags_gp,5,33,156,0.011709986320109222
tree_cancer,ags_gp,5,34,161,0.011709986320109222
tree_cancer,ags_gp,5,35,166,0.011709986320109222
tree_cancer,ags_gp,5,36,171,0.011709986320109222
tree_cancer,ags_gp,5,37,176,0.011709986320109222
tree_cancer,ags_gp,5,38,181,0.011709986320109222
tree_cancer,ags_gp,5,39,186,0.011709986320109222
tree_cancer,ags_gp,5,40,191,0.011709986320109222
tree_cancer,ags_gp,5,41,196,0.011709986320109222
tree_cancer,ags_gp,5,42,201,0.011709986320109222
tree_cancer,ags_gp,5,43,206,0.011709986320109222
tree_cancer,ags_gp,5,44,211,0.011709986320109222
tree_cancer,ags_gp,5,45,216,0.011709986320109222
tree_cancer,ags_gp,5,46,218,0.011709986320109222
tree_cancer,ags_gp,5,47,223,0.011709986320109222
tree_cancer,ags_gp,5,48,228,0.011709986320109222
tree_cancer,ags_gp,5,49,233,0.011709986320109222
tree_cancer,ags_gp,5,50,238,0.011709986320109222
tree_cancer,ags_gp,5,51,243,0.011709986320109222
tree_cancer,ags_gp,5,52,248,0.011709986320109222
tree_cancer,ags_gp,5,53,253,0.011709986320109222
tree_cancer,ags_gp,5,54,258,0.011709986320109222
tree_cancer,ags_gp,5,55,260,0.011709986320109222
tree_cancer,ags_gp,5,56,265,0.011709986320109222
tree_cancer,ags_gp,5,57,270,0.011709986320109222
tree_cancer,ags_gp,5,58,275,0.011709986320109222
tree_cancer,ags_gp,5,59,280,0.011709986320109222
tree_cancer,ags_gp,5,60,282,0.011709986320109222
tree_cancer,ags_gp,6,1,5,0.011709986320109445
tree_cancer,ags_gp,6,2,10,0.011709986320109445
tree_cancer,ags_gp,6,3,15,0.011709986320109445
tree_cancer,ags_gp,6,4,20,0.011709986320109445
tree_cancer,ags_gp,6,5,25,0.011709986320109445
tree_cancer,ags_gp,6,6,30,0.011709986320109445
tree_cancer,ags_gp,6,7,35,0.011709986320109445
tree_cancer,ags_gp,6,8,40,0.011709986320109445
tree_cancer,ags_gp,6,9,45,0.011709986320109445
tree_cancer,ags_gp,6,10,50,0.011709986320109445
tree_cancer,ags_gp,6,11,55,0.011709986320109445
tree_cancer,ags_gp,6,12,60,0.011709986320109445
tree_cancer,ags_gp,6,13,65,0.011709986320109445
tree_cancer,ags_gp,6,14,70,0.011709986320109445
tree_cancer,ags_gp,6,15,75,0.011709986320109445
tree_cancer,ags_gp,6,16,80,0.011709986320109445
tree_cancer,ags_gp,6,17,85,0.011709986320109445
tree_cancer,ags_gp,6,18,90,0.011709986320109445
tree_cancer,ags_gp,6,19,95,0.011709986320109445
tree_cancer,ags_gp,6,20,100,0.011709986320109445
tree_cancer,ags_gp,6,21,105,0.011709986320109445
tree_cancer,ags_gp,6,22,107,0.011709986320109445
tree_cancer,ags_gp,6,23,112,0.011709986320109445
tree_cancer,ags_gp,6,24,117,0.011709986320109445
tree_cancer,ags_gp,6,25,119,0.011709986320109445
tree_cancer,ags_gp,6,26,124,0.011709986320109445
tree_cancer,ags_gp,6,27,126,0.011709986320109445
tree_cancer,ags_gp,6,28,131,0.011709986320109445
tree_cancer,ags_gp,6,29,133,0.011709986320109445
tree_cancer,ags_gp,6,30,138,0.011709986320109445
tree_cancer,ags_gp,6,31,140,0.011709986320109445
tree_cancer,ags_gp,6,32,143,0.011709986320109445
tree_cancer,ags_gp,6,33,148,0.011709986320109445
tree_cancer,ags_gp,6,34,150,0.011709986320109445
tree_cancer,ags_gp,6,35,155,0.011709986320109445
tree_cancer,ags_gp,6,36,160,0.011709986320109445
tree_cancer,ags_gp,6,37,165,0.011709986320109445
tree_cancer,ags_gp,6,38,170,0.011709986320109445
tree_cancer,ags_gp,6,39,172,0.011709986320109445
tree_cancer,ags_gp,6,40,177,0.011709986320109445
tree_cancer,ags_gp,6,41,182,0.011709986320109445
tree_cancer,ags_gp,6,42,184,0.011709986320109445
tree_cancer,ags_gp,6,43,189,0.011709986320109445
tree_cancer,ags_gp,6,44,194,0.011709986320109445
tree_cancer,ags_gp,6,45,199,0.011709986320109445
tree_cancer,ags_gp,6,46,201,0.011709986320109445
tree_cancer,ags_gp,6,47,206,0.011709986320109445
tree_cancer,ags_gp,6,48,211,0.011709986320109445
tree_cancer,ags_gp,6,49,216,0.011709986320109445
tree_cancer,ags_gp,6,50,221,0.011709986320109445
tree_cancer,ags_gp,6,51,226,0.011709986320109445
tree_cancer,ags_gp,6,52,228,0.011709986320109445
tree_cancer,ags_gp,6,53,233,0.011709986320109445
tree_cancer,ags_gp,6,54,238,0.011709986320109445
tree_cancer,ags_gp,6,55,240,0.011709986320109445
tree_cancer,ags_gp,6,56,245,0.011709986320109445
tree_cancer,ags_gp,6,57,250,0.011709986320109445
tree_cancer,ags_gp,6,58,255,0.011709986320109445
tree_cancer,ags_gp,6,59,260,0.011709986320109445
tree_cancer,ags_gp,6,60,262,0.011709986320109445
tree_cancer,ags_gp,7,1,5,0.0023529411764705577
tree_cancer,ags_gp,7,2,10,0.0023529411764705577
tree_cancer,ags_gp,7,3,15,0.0023529411764705577
tree_cancer,ags_gp,7,4,20,0.0023529411764705577
tree_cancer,ags_gp,7,5,25,0.0023529411764705577
tree_cancer,ags_gp,7,6,30,0.0023529411764705577
tree_cancer,ags_gp,7,7,35,0.0023529411764705577
tree_cancer,ags_gp,7,8,40,0.0023529411764705577
tree_cancer,ags_gp,7,9,45,0.0023529411764705577
tree_cancer,ags_gp,7,10,50,0.0023529411764705577
tree_cancer,ags_gp,7,11,55,0.0023529411764705577
tree_cancer,ags_gp,7,12,60,0.009329685362516993
tree_cancer,ags_gp,7,13,65,0.009329685362516993
tree_cancer,ags_gp,7,14,70,0.009329685362516993
tree_cancer,ags_gp,7,15,75,0.009357045143638776
tree_cancer,ags_gp,7,16,80,0.009357045143638776
tree_cancer,ags_gp,7,17,85,0.009357045143638776
tree_cancer,ags_gp,7,18,90,0.009357045143638776
tree_cancer,ags_gp,7,19,95,0.009357045143638776
tree_cancer,ags_gp,7,20,100,0.009357045143638776
tree_cancer,ags_gp,7,21,105,0.009357045143638776
tree_cancer,ags_gp,7,22,110,0.009357045143638776
tree_cancer,ags_gp,7,23,115,0.009357045143638776
tree_cancer,ags_gp,7,24,120,0.009357045143638776
tree_cancer,ags_gp,7,25,123,0.009357045143638776
tree_cancer,ags_gp,7,26,128,0.009357045143638776
tree_cancer,ags_gp,7,27,133,0.009357045143638776
tree_cancer,ags_gp,7,28,138,0.009357045143638776
tree_cancer,ags_gp,7,29,143,0.009357045143638776
tree_cancer,ags_gp,7,30,146,0.009357045143638776
tree_cancer,ags_gp,7,31,151,0.009357045143638776
tree_cancer,ags_gp,7,32,156,0.009357045143638776
tree_cancer,ags_gp,7,33,160,0.009357045143638776
tree_cancer,ags_gp,7,34,165,0.009357045143638776
tree_cancer,ags_gp,7,35,170,0.009357045143638776
tree_cancer,ags_gp,7,36,174,0.009357045143638776
tree_cancer,ags_gp,7,37,177,0.009357045143638776
tree_cancer,ags_gp,7,38,182,0.009357045143638776
tree_cancer,ags_gp,7,39,187,0.009357045143638776
tree_cancer,ags_gp,7,40,192,0.009357045143638776
tree_cancer,ags_gp,7,41,197,0.009357045143638776
tree_cancer,ags_gp,7,42,201,0.009357045143638776
tree_cancer,ags_gp,7,43,205,0.009357045143638776
tree_cancer,ags_gp,7,44,210,0.009357045143638776
tree_cancer,ags_gp,7,45,215,0.009357045143638776
tree_cancer,ags_gp,7,46,220,0.009357045143638776
tree_cancer,ags_gp,7,47,225,0.009357045143638776
tree_cancer,ags_gp,7,48,230,0.009357045143638776
tree_cancer,ags_gp,7,49,235,0.009357045143638776
tree_cancer,ags_gp,7,50,239,0.009357045143638776
tree_cancer,ags_gp,7,51,244,0.009357045143638776
tree_cancer,ags_gp,7,52,246,0.009357045143638776
tree_cancer,ags_gp,7,53,250,0.009357045143638776
tree_cancer,ags_gp,7,54,255,0.009357045143638776
tree_cancer,ags_gp,7,55,260,0.009357045143638776
tree_cancer,ags_gp,7,56,265,0.009357045143638776
tree_cancer,ags_gp,7,57,267,0.009357045143638776
tree_cancer,ags_gp,7,58,270,0.009357045143638776
tree_cancer,ags_gp,7,59,275,0.009357045143638776
tree_cancer,ags_gp,7,60,278,0.009357045143638776
tree_cancer,ags_gp,8,1,5,0.007058823529411784
tree_cancer,ags_gp,8,2,10,0.007058823529411784
tree_cancer,ags_gp,8,3,15,0.007058823529411784
tree_cancer,ags_gp,8,4,20,0.007058823529411784
tree_cancer,ags_gp,8,5,25,0.007058823529411784
tree_cancer,ags_gp,8,6,30,0.007058823529411784
tree_cancer,ags_gp,8,7,35,0.007058823529411784
tree_cancer,ags_gp,8,8,40,0.007058823529411784
tree_cancer,ags_gp,8,9,45,0.007058823529411784
tree_cancer,ags_gp,8,10,50,0.007058823529411784
tree_cancer,ags_gp,8,11,55,0.007058823529411784
tree_cancer,ags_gp,8,12,60,0.007058823529411784
tree_cancer,ags_gp,8,13,64,0.007058823529411784
tree_cancer,ags_gp,8,14,69,0.007058823529411784
tree_cancer,ags_gp,8,15,74,0.007058823529411784
tree_cancer,ags_gp,8,16,79,0.007058823529411784
tree_cancer,ags_gp,8,17,84,0.007058823529411784
tree_cancer,ags_gp,8,18,89,0.007058823529411784
tree_cancer,ags_gp,8,19,92,0.007058823529411784
tree_cancer,ags_gp,8,20,97,0.007058823529411784
tree_cancer,ags_gp,8,21,101,0.007058823529411784
tree_cancer,ags_gp,8,22,106,0.007058823529411784
tree_cancer,ags_gp,8,23,111,0.007058823529411784
tree_cancer,ags_gp,8,24,115,0.007058823529411784
tree_cancer,ags_gp,8,25,120,0.007058823529411784
tree_cancer,ags_gp,8,26,125,0.007058823529411784
tree_cancer,ags_gp,8,27,130,0.007058823529411784
tree_cancer,ags_gp,8,28,132,0.007058823529411784
tree_cancer,ags_gp,8,29,137,0.007058823529411784
tree_cancer,ags_gp,8,30,142,0.007058823529411784
tree_cancer,ags_gp,8,31,144,0.007058823529411784
tree_cancer,ags_gp,8,32,149,0.007058823529411784
tree_cancer,ags_gp,8,33,153,0.007058823529411784
tree_cancer,ags_gp,8,34,158,0.007058823529411784
tree_cancer,ags_gp,8,35,163,0.011709986320109222
tree_cancer,ags_gp,8,36,166,0.011709986320109222
tree_cancer,ags_gp,8,37,171,0.011709986320109222
tree_cancer,ags_gp,8,38,176,0.011709986320109222
tree_cancer,ags_gp,8,39,179,0.011709986320109222
tree_cancer,ags_gp,8,40,184,0.011709986320109222
tree_cancer,ags_gp,8,41,187,0.011709986320109222
tree_cancer,ags_gp,8,42,192,0.011709986320109222
tree_cancer,ags_gp,8,43,197,0.011709986320109222
tree_cancer,ags_gp,8,44,202,0.011709986320109222
tree_cancer,ags_gp,8,45,207,0.011709986320109222
tree_cancer,ags_gp,8,46,210,0.011709986320109222
tree_cancer,ags_gp,8,47,215,0.011709986320109222
tree_cancer,ags_gp,8,48,220,0.011709986320109222
tree_cancer,ags_gp,8,49,225,0.011709986320109222
tree_cancer,ags_gp,8,50,230,0.011709986320109222
tree_cancer,ags_gp,8,51,235,0.011709986320109222
tree_cancer,ags_gp,8,52,240,0.011709986320109222
tree_cancer,ags_gp,8,53,245,0.011709986320109222
tree_cancer,ags_gp,8,54,250,0.011709986320109222
tree_cancer,ags_gp,8,55,255,0.011709986320109222
tree_cancer,ags_gp,8,56,260,0.011709986320109222
tree_cancer,ags_gp,8,57,265,0.011709986320109222
tree_cancer,ags_gp,8,58,270,0.011709986320109222
tree_cancer,ags_gp,8,59,275,0.011709986320109222
tree_cancer,ags_gp,8,60,280,0.011709986320109222
tree_cancer,ags_gp,9,1,5,0.01168262653898755
tree_cancer,ags_gp,9,2,10,0.01168262653898755
tree_cancer,ags_gp,9,3,15,0.01168262653898755
tree_cancer,ags_gp,9,4,20,0.009329685362517215
tree_cancer,ags_gp,9,5,25,0.009329685362517215
tree_cancer,ags_gp,9,6,30,0.009329685362517215
tree_cancer,ags_gp,9,7,35,0.009329685362517215
tree_cancer,ags_gp,9,8,40,0.009329685362517215
tree_cancer,ags_gp,9,9,45,0.009329685362517215
tree_cancer,ags_gp,9,10,50,0.009329685362517215
tree_cancer,ags_gp,9,11,55,0.009329685362517215
tree_cancer,ags_gp,9,12,60,0.011709986320109222
tree_cancer,ags_gp,9,13,65,0.011709986320109222
tree_cancer,ags_gp,9,14,70,0.011709986320109222
tree_cancer,ags_gp,9,15,75,0.011709986320109222
tree_cancer,ags_gp,9,16,80,0.011709986320109222
tree_cancer,ags_gp,9,17,85,0.018768809849521007
tree_cancer,ags_gp,9,18,90,0.018768809849521007
tree_cancer,ags_gp,9,19,95,0.018768809849521007
tree_cancer,ags_gp,9,20,100,0.018768809849521007
tree_cancer,ags_gp,9,21,105,0.018768809849521007
tree_cancer,ags_gp,9,22,107,0.018768809849521007
tree_cancer,ags_gp,9,23,112,0.018768809849521007
tree_cancer,ags_gp,9,24,117,0.018768809849521007
tree_cancer,ags_gp,9,25,122,0.018768809849521007
tree_cancer,ags_gp,9,26,127,0.018768809849521007
tree_cancer,ags_gp,9,27,132,0.018768809849521007
tree_cancer,ags_gp,9,28,134,0.018768809849521007
tree_cancer,ags_gp,9,29,139,0.018768809849521007
tree_cancer,ags_gp,9,30,144,0.018768809849521007
tree_cancer,ags_gp,9,31,146,0.018768809849521007
tree_cancer,ags_gp,9,32,151,0.018768809849521007
tree_cancer,ags_gp,9,33,153,0.018768809849521007
tree_cancer,ags_gp,9,34,158,0.018768809849521007
tree_cancer,ags_gp,9,35,163,0.018768809849521007
tree_cancer,ags_gp,9,36,165,0.018768809849521007
tree_cancer,ags_gp,9,37,170,0.018768809849521007
tree_cancer,ags_gp,9,38,175,0.004705882352941226
tree_cancer,ags_gp,9,39,177,0.004705882352941226
tree_cancer,ags_gp,9,40,182,0.004705882352941226
tree_cancer,ags_gp,9,41,187,0.004705882352941226
tree_cancer,ags_gp,9,42,189,0.004705882352941226
tree_cancer,ags_gp,9,43,191,0.004705882352941226
tree_cancer,ags_gp,9,44,196,0.004705882352941226
tree_cancer,ags_gp,9,45,201,0.004705882352941226
tree_cancer,ags_gp,9,46,204,0.004705882352941226
tree_cancer,ags_gp,9,47,209,0.004705882352941226
tree_cancer,ags_gp,9,48,211,0.004705882352941226
tree_cancer,ags_gp,9,49,213,0.004705882352941226
tree_cancer,ags_gp,9,50,215,0.004705882352941226
tree_cancer,ags_gp,9,51,218,0.004705882352941226
tree_cancer,ags_gp,9,52,222,0.004705882352941226
tree_cancer,ags_gp,9,53,227,0.004705882352941226
tree_cancer,ags_gp,9,54,230,0.004705882352941226
tree_cancer,ags_gp,9,55,235,0.009411764705882453
tree_cancer,ags_gp,9,56,240,0.009411764705882453
tree_cancer,ags_gp,9,57,242,0.009411764705882453
tree_cancer,ags_gp,9,58,247,0.009411764705882453
tree_cancer,ags_gp,9,59,252,0.009411764705882453
tree_cancer,ags_gp,9,60,256,0.009411764705882453
tree_cancer,random,0,1,5,0.009329685362517215
tree_cancer,random,0,2,10,0.009329685362517215
tree_cancer,random,0,3,15,0.009329685362517215
tree_cancer,random,0,4,20,0.009329685362517215
tree_cancer,random,0,5,25,0.009329685362517215
tree_cancer,random,0,6,30,0.009329685362517215
tree_cancer,random,0,7,35,0.009329685362517215
tree_cancer,random,0,8,40,0.009329685362517215
tree_cancer,random,0,9,45,0.011709986320109445
tree_cancer,random,0,10,50,0.011709986320109445
tree_cancer,random,0,11,55,0.011709986320109445
tree_cancer,random,0,12,60,0.0023529411764705577
tree_cancer,random,0,13,65,0.0023529411764705577
tree_cancer,random,0,14,70,0.0023529411764705577
tree_cancer,random,0,15,75,0.0023529411764705577
tree_cancer,random,0,16,80,0.004733242134062787
tree_cancer,random,0,17,85,0.004733242134062787
tree_cancer,random,0,18,90,0.004733242134062787
tree_cancer,random,0,19,95,0.004733242134062787
tree_cancer,random,0,20,100,0.004733242134062787
tree_cancer,random,0,21,105,0.004733242134062787
tree_cancer,random,0,22,110,0.004733242134062787
tree_cancer,random,0,23,115,0.004733242134062787
tree_cancer,random,0,24,120,0.004733242134062787
tree_cancer,random,0,25,125,0.004733242134062787
tree_cancer,random,0,26,130,0.004733242134062787
tree_cancer,random,0,27,135,0.004733242134062787
tree_cancer,random,0,28,140,0.004733242134062787
tree_cancer,random,0,29,145,0.004733242134062787
tree_cancer,random,0,30,150,0.004733242134062787
tree_cancer,random,0,31,155,0.004733242134062787
tree_cancer,random,0,32,160,0.004733242134062787
tree_cancer,random,0,33,165,0.004733242134062787
tree_cancer,random,0,34,170,0.004733242134062787
tree_cancer,random,0,35,175,0.004733242134062787
tree_cancer,random,0,36,180,0.004733242134062787
tree_cancer,random,0,37,185,0.004733242134062787
tree_cancer,random,0,38,190,0.004733242134062787
tree_cancer,random,0,39,195,0.004733242134062787
tree_cancer,random,0,40,200,0.004733242134062787
tree_cancer,random,0,41,205,0.004733242134062787
tree_cancer,random,0,42,210,0.007058823529411784
tree_cancer,random,0,43,215,0.007058823529411784
tree_cancer,random,0,44,220,0.007058823529411784
tree_cancer,random,0,45,225,0.007058823529411784
tree_cancer,random,0,46,230,0.007058823529411784
tree_cancer,random,0,47,235,0.007058823529411784
tree_cancer,random,0,48,240,0.007058823529411784
tree_cancer,random,0,49,245,0.007058823529411784
tree_cancer,random,0,50,250,0.007058823529411784
tree_cancer,random,0,51,255,0.007058823529411784
tree_cancer,random,0,52,260,0.007058823529411784
tree_cancer,random,0,53,265,0.007058823529411784
tree_cancer,random,0,54,270,0.007058823529411784
tree_cancer,random,0,55,275,0.007058823529411784
tree_cancer,random,0,56,280,0.007058823529411784
tree_cancer,random,0,57,285,0.007058823529411784
tree_cancer,random,0,58,290,0.007058823529411784
tree_cancer,random,0,59,295,0.007058823529411784
tree_cancer,random,0,60,300,0.007058823529411784
tree_cancer,random,1,1,5,0.0516552667578658
tree_cancer,random,1,2,10,0.009357045143638776
tree_cancer,random,1,3,15,0.0023529411764705577
tree_cancer,random,1,4,20,0.0023529411764705577
tree_cancer,random,1,5,25,0.0023529411764705577
tree_cancer,random,1,6,30,0.0023529411764705577
tree_cancer,random,1,7,35,0.0023529411764705577
tree_cancer,random,1,8,40,0.0023529411764705577
tree_cancer,random,1,9,45,0.0023529411764705577
tree_cancer,random,1,10,50,0.004733242134062787
tree_cancer,random,1,11,55,0.004733242134062787
tree_cancer,random,1,12,60,0.004733242134062787
tree_cancer,random,1,13,65,0.004733242134062787
tree_cancer,random,1,14,70,0.004733242134062787
tree_cancer,random,1,15,75,0.004733242134062787
tree_cancer,random,1,16,80,0.004733242134062787
tree_cancer,random,1,17,85,0.004733242134062787
tree_cancer,random,1,18,90,0.004733242134062787
tree_cancer,random,1,19,95,0.004733242134062787
tree_cancer,random,1,20,100,0.004733242134062787
tree_cancer,random,1,21,105,0.004733242134062787
tree_cancer,random,1,22,110,0.004733242134062787
tree_cancer,random,1,23,115,0.004705882352941226
tree_cancer,random,1,24,120,0.004705882352941226
tree_cancer,random,1,25,125,0.004705882352941226
tree_cancer,random,1,26,130,0.004705882352941226
tree_cancer,random,1,27,135,0.004705882352941226
tree_cancer,random,1,28,140,0.004705882352941226
tree_cancer,random,1,29,145,0.004705882352941226
tree_cancer,random,1,30,150,0.004705882352941226
tree_cancer,random,1,31,155,0.004705882352941226
tree_cancer,random,1,32,160,0.004705882352941226
tree_cancer,random,1,33,165,0.004705882352941226
tree_cancer,random,1,34,170,0.004705882352941226
tree_cancer,random,1,35,175,0.004705882352941226
tree_cancer,random,1,36,180,0.004705882352941226
tree_cancer,random,1,37,185,0.004705882352941226
tree_cancer,random,1,38,190,0.004705882352941226
tree_cancer,random,1,39,195,0.004705882352941226
tree_cancer,random,1,40,200,0.004705882352941226
tree_cancer,random,1,41,205,0.004705882352941226
tree_cancer,random,1,42,210,0.004705882352941226
tree_cancer,random,1,43,215,0.004705882352941226
tree_cancer,random,1,44,220,0.004705882352941226
tree_cancer,random,1,45,225,0.004705882352941226
tree_cancer,random,1,46,230,0.004705882352941226
tree_cancer,random,1,47,235,0.004705882352941226
tree_cancer,random,1,48,240,0.004705882352941226
tree_cancer,random,1,49,245,0.004705882352941226
tree_cancer,random,1,50,250,0.004705882352941226
tree_cancer,random,1,51,255,0.004705882352941226
tree_cancer,random,1,52,260,0.004705882352941226
tree_cancer,random,1,53,265,0.004705882352941226
tree_cancer,random,1,54,270,0.004705882352941226
tree_cancer,random,1,55,275,0.004705882352941226
tree_cancer,random,1,56,280,0.004705882352941226
tree_cancer,random,1,57,285,0.004705882352941226
tree_cancer,random,1,58,290,0.004705882352941226
tree_cancer,random,1,59,295,0.004705882352941226
tree_cancer,random,1,60,300,0.004705882352941226
tree_cancer,random,2,1,5,0.009329685362516993
tree_cancer,random,2,2,10,0.009329685362516993
tree_cancer,random,2,3,15,0.009329685362516993
tree_cancer,random,2,4,20,0.009329685362516993
tree_cancer,random,2,5,25,0.009329685362516993
tree_cancer,random,2,6,30,0.009329685362516993
tree_cancer,random,2,7,35,0.009329685362516993
tree_cancer,random,2,8,40,0.009329685362516993
tree_cancer,random,2,9,45,0.009329685362516993
tree_cancer,random,2,10,50,0.009329685362516993
tree_cancer,random,2,11,55,0.009329685362516993
tree_cancer,random,2,12,60,0.009329685362516993
tree_cancer,random,2,13,65,0.009439124487004014
tree_cancer,random,2,14,70,0.009439124487004014
tree_cancer,random,2,15,75,0.009439124487004014
tree_cancer,random,2,16,80,0.009439124487004014
tree_cancer,random,2,17,85,0.009439124487004014
tree_cancer,random,2,18,90,0.009439124487004014
tree_cancer,random,2,19,95,0.009439124487004014
tree_cancer,random,2,20,100,0.009439124487004014
tree_cancer,random,2,21,105,0.009439124487004014
tree_cancer,random,2,22,110,0.009439124487004014
tree_cancer,random,2,23,115,0.009439124487004014
tree_cancer,random,2,24,120,0.009439124487004014
tree_cancer,random,2,25,125,0.009439124487004014
tree_cancer,random,2,26,130,0.009439124487004014
tree_cancer,random,2,27,135,0.009439124487004014
tree_cancer,random,2,28,140,0.009439124487004014
tree_cancer,random,2,29,145,0.009439124487004014
tree_cancer,random,2,30,150,0.009439124487004014
tree_cancer,random,2,31,155,0.009439124487004014
tree_cancer,random,2,32,160,0.009439124487004014
tree_cancer,random,2,33,165,0.009439124487004014
tree_cancer,random,2,34,170,0.009439124487004014
tree_cancer,random,2,35,175,0.009439124487004014
tree_cancer,random,2,36,180,0.009439124487004014
tree_cancer,random,2,37,185,0.009439124487004014
tree_cancer,random,2,38,190,0.009439124487004014
tree_cancer,random,2,39,195,0.009439124487004014
tree_cancer,random,2,40,200,0.009439124487004014
tree_cancer,random,2,41,205,0.009439124487004014
tree_cancer,random,2,42,210,0.009439124487004014
tree_cancer,random,2,43,215,0.009439124487004014
tree_cancer,random,2,44,220,0.009439124487004014
tree_cancer,random,2,45,225,0.009439124487004014
tree_cancer,random,2,46,230,0.009439124487004014
tree_cancer,random,2,47,235,0.009439124487004014
tree_cancer,random,2,48,240,0.009439124487004014
tree_cancer,random,2,49,245,0.009439124487004014
tree_cancer,random,2,50,250,0.009439124487004014
tree_cancer,random,2,51,255,0.009439124487004014
tree_cancer,random,2,52,260,0.009439124487004014
tree_cancer,random,2,53,265,0.009439124487004014
tree_cancer,random,2,54,270,0.009439124487004014
tree_cancer,random,2,55,275,0.009439124487004014
tree_cancer,random,2,56,280,0.009439124487004014
tree_cancer,random,2,57,285,0.009439124487004014
tree_cancer,random,2,58,290,0.009439124487004014
tree_cancer,random,2,59,295,0.009439124487004014
tree_cancer,random,2,60,300,0.009439124487004014
tree_cancer,random,3,1,5,0.009329685362517215
tree_cancer,random,3,2,10,0.009329685362517215
tree_cancer,random,3,3,15,0.009329685362517215
tree_cancer,random,3,4,20,0.009329685362517215
tree_cancer,random,3,5,25,0.009329685362517215
tree_cancer,random,3,6,30,0.009329685362517215
tree_cancer,random,3,7,35,0.009329685362517215
tree_cancer,random,3,8,40,0.009329685362517215
tree_cancer,random,3,9,45,0.009329685362517215
tree_cancer,random,3,10,50,0.009329685362517215
tree_cancer,random,3,11,55,0.009329685362517215
tree_cancer,random,3,12,60,0.009329685362517215
tree_cancer,random,3,13,65,0.009329685362517215
tree_cancer,random,3,14,70,0.009329685362517215
tree_cancer,random,3,15,75,0.009329685362517215
tree_cancer,random,3,16,80,0.009329685362517215
tree_cancer,random,3,17,85,0.009329685362517215
tree_cancer,random,3,18,90,0.009329685362517215
tree_cancer,random,3,19,95,0.009329685362517215
tree_cancer,random,3,20,100,0.009329685362517215
tree_cancer,random,3,21,105,0.009329685362517215
tree_cancer,random,3,22,110,0.009329685362517215
tree_cancer,random,3,23,115,0.009329685362517215
tree_cancer,random,3,24,120,0.009329685362517215
tree_cancer,random,3,25,125,0.009329685362517215
tree_cancer,random,3,26,130,0.009329685362517215
tree_cancer,random,3,27,135,0.009329685362517215
tree_cancer,random,3,28,140,0.009329685362517215
tree_cancer,random,3,29,145,0.009329685362517215
tree_cancer,random,3,30,150,0.009329685362517215
tree_cancer,random,3,31,155,0.009329685362517215
tree_cancer,random,3,32,160,0.009329685362517215
tree_cancer,random,3,33,165,0.009329685362517215
tree_cancer,random,3,34,170,0.009329685362517215
tree_cancer,random,3,35,175,0.0023529411764704466
tree_cancer,random,3,36,180,0.0023529411764704466
tree_cancer,random,3,37,185,0.0023529411764704466
tree_cancer,random,3,38,190,0.0023529411764704466
tree_cancer,random,3,39,195,0.0023529411764704466
tree_cancer,random,3,40,200,0.0023529411764704466
tree_cancer,random,3,41,205,0.0023529411764704466
tree_cancer,random,3,42,210,0.0023529411764704466
tree_cancer,random,3,43,215,0.0023529411764704466
tree_cancer,random,3,44,220,0.0023529411764704466
tree_cancer,random,3,45,225,0.0023529411764704466
tree_cancer,random,3,46,230,0.0023529411764704466
tree_cancer,random,3,47,235,0.0023529411764704466
tree_cancer,random,3,48,240,0.0023529411764704466
tree_cancer,random,3,49,245,0.0023529411764704466
tree_cancer,random,3,50,250,0.0023529411764705577
tree_cancer,random,3,51,255,0.0023529411764705577
tree_cancer,random,3,52,260,0.0023529411764705577
tree_cancer,random,3,53,265,0.0023529411764705577
tree_cancer,random,3,54,270,0.0023529411764705577
tree_cancer,random,3,55,275,0.0023529411764705577
tree_cancer,random,3,56,280,0.0023529411764705577
tree_cancer,random,3,57,285,0.0023529411764705577
tree_cancer,random,3,58,290,0.0023529411764705577
tree_cancer,random,3,59,295,0.0023529411764705577
tree_cancer,random,3,60,300,0.0023529411764705577
tree_cancer,random,4,1,5,0.009329685362516993
tree_cancer,random,4,2,10,0.0023529411764705577
tree_cancer,random,4,3,15,0.0023529411764705577
tree_cancer,random,4,4,20,0.0023529411764705577
tree_cancer,random,4,5,25,0.0023529411764705577
tree_cancer,random,4,6,30,0.0023529411764705577
tree_cancer,random,4,7,35,0.0023529411764705577
tree_cancer,random,4,8,40,0.0023529411764704466
tree_cancer,random,4,9,45,0.0023529411764704466
tree_cancer,random,4,10,50,0.0023529411764704466
tree_cancer,random,4,11,55,0.0023529411764704466
tree_cancer,random,4,12,60,0.0023529411764704466
tree_cancer,random,4,13,65,0.0023529411764704466
tree_cancer,random,4,14,70,0.0023529411764704466
tree_cancer,random,4,15,75,0.0023529411764704466
tree_cancer,random,4,16,80,0.0023529411764704466
tree_cancer,random,4,17,85,0.0023529411764704466
tree_cancer,random,4,18,90,0.0023529411764704466
tree_cancer,random,4,19,95,0.0023529411764704466
tree_cancer,random,4,20,100,0.0023529411764704466
tree_cancer,random,4,21,105,0.0023529411764704466
tree_cancer,random,4,22,110,0.0023529411764704466
tree_cancer,random,4,23,115,0.0023529411764704466
tree_cancer,random,4,24,120,0.0023529411764704466
tree_cancer,random,4,25,125,0.0023529411764704466
tree_cancer,random,4,26,130,0.009357045143638776
tree_cancer,random,4,27,135,0.009357045143638776
tree_cancer,random,4,28,140,0.009357045143638776
tree_cancer,random,4,29,145,0.009357045143638776
tree_cancer,random,4,30,150,0.009357045143638776
tree_cancer,random,4,31,155,0.009357045143638776
tree_cancer,random,4,32,160,0.009357045143638776
tree_cancer,random,4,33,165,0.009357045143638776
tree_cancer,random,4,34,170,0.009357045143638776
tree_cancer,random,4,35,175,0.009357045143638776
tree_cancer,random,4,36,180,0.009357045143638776
tree_cancer,random,4,37,185,0.009357045143638776
tree_cancer,random,4,38,190,0.004733242134062787
tree_cancer,random,4,39,195,0.004733242134062787
tree_cancer,random,4,40,200,0.004733242134062787
tree_cancer,random,4,41,205,0.004733242134062787
tree_cancer,random,4,42,210,0.004733242134062787
tree_cancer,random,4,43,215,0.004733242134062787
tree_cancer,random,4,44,220,0.004733242134062787
tree_cancer,random,4,45,225,0.004733242134062787
tree_cancer,random,4,46,230,0.004733242134062787
tree_cancer,random,4,47,235,0.004733242134062787
tree_cancer,random,4,48,240,0.004733242134062787
tree_cancer,random,4,49,245,0.004733242134062787
tree_cancer,random,4,50,250,0.004733242134062787
tree_cancer,random,4,51,255,0.004733242134062787
tree_cancer,random,4,52,260,0.004733242134062787
tree_cancer,random,4,53,265,0.004733242134062787
tree_cancer,random,4,54,270,0.004733242134062787
tree_cancer,random,4,55,275,0.004733242134062787
tree_cancer,random,4,56,280,0.004733242134062787
tree_cancer,random,4,57,285,0.004733242134062787
tree_cancer,random,4,58,290,0.004733242134062787
tree_cancer,random,4,59,295,0.004733242134062787
tree_cancer,random,4,60,300,0.004733242134062787
tree_cancer,random,5,1,5,0.007086183310533567
tree_cancer,random,5,2,10,0.007086183310533567
tree_cancer,random,5,3,15,0.007086183310533567
tree_cancer,random,5,4,20,0.007086183310533567
tree_cancer,random,5,5,25,0.007086183310533567
tree_cancer,random,5,6,30,0.007086183310533567
tree_cancer,random,5,7,35,0.007086183310533567
tree_cancer,random,5,8,40,0.007086183310533567
tree_cancer,random,5,9,45,0.009357045143638776
tree_cancer,random,5,10,50,0.025772913816689447
tree_cancer,random,5,11,55,0.009329685362516993
tree_cancer,random,5,12,60,0.0023529411764705577
tree_cancer,random,5,13,65,0.0023529411764705577
tree_cancer,random,5,14,70,0.0023529411764705577
tree_cancer,random,5,15,75,0.0023529411764705577
tree_cancer,random,5,16,80,0.0023529411764705577
tree_cancer,random,5,17,85,0.0023529411764705577
tree_cancer,random,5,18,90,0.0023529411764705577
tree_cancer,random,5,19,95,0.0023529411764705577
tree_cancer,random,5,20,100,0.0023529411764705577
tree_cancer,random,5,21,105,0.0023529411764705577
tree_cancer,random,5,22,110,0.0023529411764705577
tree_cancer,random,5,23,115,0.0023529411764705577
tree_cancer,random,5,24,120,0.0023529411764705577
tree_cancer,random,5,25,125,0.0023529411764705577
tree_cancer,random,5,26,130,0.0023529411764705577
tree_cancer,random,5,27,135,0.0023529411764705577
tree_cancer,random,5,28,140,0.0023529411764705577
tree_cancer,random,5,29,145,0.0023529411764705577
tree_cancer,random,5,30,150,0.0023529411764705577
tree_cancer,random,5,31,155,0.0023529411764705577
tree_cancer,random,5,32,160,0.0023529411764705577
tree_cancer,random,5,33,165,0.0023529411764705577
tree_cancer,random,5,34,170,0.0023529411764705577
tree_cancer,random,5,35,175,0.007031463748290001
tree_cancer,random,5,36,180,0.007031463748290001
tree_cancer,random,5,37,185,0.007031463748290001
tree_cancer,random,5,38,190,0.007031463748290001
tree_cancer,random,5,39,195,0.007031463748290001
tree_cancer,random,5,40,200,0.007031463748290001
tree_cancer,random,5,41,205,0.007031463748290001
tree_cancer,random,5,42,210,0.007031463748290001
tree_cancer,random,5,43,215,0.007031463748290001
tree_cancer,random,5,44,220,0.007031463748290001
tree_cancer,random,5,45,225,0.007031463748290001
tree_cancer,random,5,46,230,0.007031463748290001
tree_cancer,random,5,47,235,0.007031463748290001
tree_cancer,random,5,48,240,0.007031463748290001
tree_cancer,random,5,49,245,0.007031463748290001
tree_cancer,random,5,50,250,0.007031463748290001
tree_cancer,random,5,51,255,0.007031463748290001
tree_cancer,random,5,52,260,0.007031463748290001
tree_cancer,random,5,53,265,0.007031463748290001
tree_cancer,random,5,54,270,0.007031463748290001
tree_cancer,random,5,55,275,0.007031463748290001
tree_cancer,random,5,56,280,0.007031463748290001
tree_cancer,random,5,57,285,0.007031463748290001
tree_cancer,random,5,58,290,0.007031463748290001
tree_cancer,random,5,59,295,0.007031463748290001
tree_cancer,random,5,60,300,0.007031463748290001
tree_cancer,random,6,1,5,0.004733242134062787
tree_cancer,random,6,2,10,0.004733242134062787
tree_cancer,random,6,3,15,0.004733242134062787
tree_cancer,random,6,4,20,0.004733242134062787
tree_cancer,random,6,5,25,0.004733242134062787
tree_cancer,random,6,6,30,0.004733242134062787
tree_cancer,random,6,7,35,0.004733242134062787
tree_cancer,random,6,8,40,0.004733242134062787
tree_cancer,random,6,9,45,0.004733242134062787
tree_cancer,random,6,10,50,0.004733242134062787
tree_cancer,random,6,11,55,0.004733242134062787
tree_cancer,random,6,12,60,0.004733242134062787
tree_cancer,random,6,13,65,0.004733242134062787
tree_cancer,random,6,14,70,0.004733242134062787
tree_cancer,random,6,15,75,0.004733242134062787
tree_cancer,random,6,16,80,0.007031463748290001
tree_cancer,random,6,17,85,0.007031463748290001
tree_cancer,random,6,18,90,0.007031463748290001
tree_cancer,random,6,19,95,0.007031463748290001
tree_cancer,random,6,20,100,0.007031463748290001
tree_cancer,random,6,21,105,0.007031463748290001
tree_cancer,random,6,22,110,0.007031463748290001
tree_cancer,random,6,23,115,0.007031463748290001
tree_cancer,random,6,24,120,0.007031463748290001
tree_cancer,random,6,25,125,0.007031463748290001
tree_cancer,random,6,26,130,0.007031463748290001
tree_cancer,random,6,27,135,0.007031463748290001
tree_cancer,random,6,28,140,0.007031463748290001
tree_cancer,random,6,29,145,0.007031463748290001
tree_cancer,random,6,30,150,0.007031463748290001
tree_cancer,random,6,31,155,0.007031463748290001
tree_cancer,random,6,32,160,0.007031463748290001
tree_cancer,random,6,33,165,0.007031463748290001
tree_cancer,random,6,34,170,0.007031463748290001
tree_cancer,random,6,35,175,0.007031463748290001
tree_cancer,random,6,36,180,0.007031463748290001
tree_cancer,random,6,37,185,0.007031463748290001
tree_cancer,random,6,38,190,0.007031463748290001
tree_cancer,random,6,39,195,0.007031463748290001
tree_cancer,random,6,40,200,0.007031463748290001
tree_cancer,random,6,41,205,0.007031463748290001
tree_cancer,random,6,42,210,0.007031463748290001
tree_cancer,random,6,43,215,0.007031463748290001
tree_cancer,random,6,44,220,0.007031463748290001
tree_cancer,random,6,45,225,0.007031463748290001
tree_cancer,random,6,46,230,0.007031463748290001
tree_cancer,random,6,47,235,0.007031463748290001
tree_cancer,random,6,48,240,0.007031463748290001
tree_cancer,random,6,49,245,0.007031463748290001
tree_cancer,random,6,50,250,0.007031463748290001
tree_cancer,random,6,51,255,0.007031463748290001
tree_cancer,random,6,52,260,0.007031463748290001
tree_cancer,random,6,53,265,0.007031463748290001
tree_cancer,random,6,54,270,0.007031463748290001
tree_cancer,random,6,55,275,0.007031463748290001
tree_cancer,random,6,56,280,0.007031463748290001
tree_cancer,random,6,57,285,0.007031463748290001
tree_cancer,random,6,58,290,0.007031463748290001
tree_cancer,random,6,59,295,0.007031463748290001
tree_cancer,random,6,60,300,0.007031463748290001
tree_cancer,random,7,1,5,0.009357045143638776
tree_cancer,random,7,2,10,0.009357045143638776
tree_cancer,random,7,3,15,0.009357045143638776
tree_cancer,random,7,4,20,0.009357045143638776
tree_cancer,random,7,5,25,0.009357045143638776
tree_cancer,random,7,6,30,0.009357045143638776
tree_cancer,random,7,7,35,0.009357045143638776
tree_cancer,random,7,8,40,0.009357045143638776
tree_cancer,random,7,9,45,0.009357045143638776
tree_cancer,random,7,10,50,0.009357045143638776
tree_cancer,random,7,11,55,0.009357045143638776
tree_cancer,random,7,12,60,0.009357045143638776
tree_cancer,random,7,13,65,0.009357045143638776
tree_cancer,random,7,14,70,0.009357045143638776
tree_cancer,random,7,15,75,0.009357045143638776
tree_cancer,random,7,16,80,0.009357045143638776
tree_cancer,random,7,17,85,0.009357045143638776
tree_cancer,random,7,18,90,0.009357045143638776
tree_cancer,random,7,19,95,0.009357045143638776
tree_cancer,random,7,20,100,0.009357045143638776
tree_cancer,random,7,21,105,0.009357045143638776
tree_cancer,random,7,22,110,0.009357045143638776
tree_cancer,random,7,23,115,0.009357045143638776
tree_cancer,random,7,24,120,0.009357045143638776
tree_cancer,random,7,25,125,0.009357045143638776
tree_cancer,random,7,26,130,0.009357045143638776
tree_cancer,random,7,27,135,0.009357045143638776
tree_cancer,random,7,28,140,0.009357045143638776
tree_cancer,random,7,29,145,0.009357045143638776
tree_cancer,random,7,30,150,0.009357045143638776
tree_cancer,random,7,31,155,0.009357045143638776
tree_cancer,random,7,32,160,0.009357045143638776
tree_cancer,random,7,33,165,0.009357045143638776
tree_cancer,random,7,34,170,0.009357045143638776
tree_cancer,random,7,35,175,0.009357045143638776
tree_cancer,random,7,36,180,0.009357045143638776
tree_cancer,random,7,37,185,0.009357045143638776
tree_cancer,random,7,38,190,0.009357045143638776
tree_cancer,random,7,39,195,0.009357045143638776
tree_cancer,random,7,40,200,0.009357045143638776
tree_cancer,random,7,41,205,0.009357045143638776
tree_cancer,random,7,42,210,0.009357045143638776
tree_cancer,random,7,43,215,0.009357045143638776
tree_cancer,random,7,44,220,0.009357045143638776
tree_cancer,random,7,45,225,0.009357045143638776
tree_cancer,random,7,46,230,0.009357045143638776
tree_cancer,random,7,47,235,0.009357045143638776
tree_cancer,random,7,48,240,0.009357045143638776
tree_cancer,random,7,49,245,0.009357045143638776
tree_cancer,random,7,50,250,0.009357045143638776
tree_cancer,random,7,51,255,0.009357045143638776
tree_cancer,random,7,52,260,0.009357045143638776
tree_cancer,random,7,53,265,0.009357045143638776
tree_cancer,random,7,54,270,0.009357045143638776
tree_cancer,random,7,55,275,0.009357045143638776
tree_cancer,random,7,56,280,0.009357045143638776
tree_cancer,random,7,57,285,0.009357045143638776
tree_cancer,random,7,58,290,0.009357045143638776
tree_cancer,random,7,59,295,0.009357045143638776
tree_cancer,random,7,60,300,0.009357045143638776
tree_cancer,random,8,1,5,0.035157318741450005
tree_cancer,random,8,2,10,0.035157318741450005
tree_cancer,random,8,3,15,0.035157318741450005
tree_cancer,random,8,4,20,0.03989056087551279
tree_cancer,random,8,5,25,0.03989056087551279
tree_cancer,random,8,6,30,0.03989056087551279
tree_cancer,random,8,7,35,0.0
tree_cancer,random,8,8,40,0.009329685362516993
tree_cancer,random,8,9,45,0.0023529411764705577
tree_cancer,random,8,10,50,0.0023529411764705577
tree_cancer,random,8,11,55,0.0023529411764705577
tree_cancer,random,8,12,60,0.0023529411764705577
tree_cancer,random,8,13,65,0.0023529411764705577
tree_cancer,random,8,14,70,0.0023529411764705577
tree_cancer,random,8,15,75,0.0023529411764705577
tree_cancer,random,8,16,80,0.0023529411764705577
tree_cancer,random,8,17,85,0.0023529411764705577
tree_cancer,random,8,18,90,0.0023529411764705577
tree_cancer,random,8,19,95,0.0023529411764705577
tree_cancer,random,8,20,100,0.0
tree_cancer,random,8,21,105,0.0
tree_cancer,random,8,22,110,0.0
tree_cancer,random,8,23,115,0.0
tree_cancer,random,8,24,120,0.0
tree_cancer,random,8,25,125,0.0
tree_cancer,random,8,26,130,0.0
tree_cancer,random,8,27,135,0.0
tree_cancer,random,8,28,140,0.0
tree_cancer,random,8,29,145,0.0
tree_cancer,random,8,30,150,0.0
tree_cancer,random,8,31,155,0.0
tree_cancer,random,8,32,160,0.0
tree_cancer,random,8,33,165,0.0
tree_cancer,random,8,34,170,0.0
tree_cancer,random,8,35,175,0.0
tree_cancer,random,8,36,180,0.0
tree_cancer,random,8,37,185,0.0
tree_cancer,random,8,38,190,0.0
tree_cancer,random,8,39,195,0.0
tree_cancer,random,8,40,200,0.0
tree_cancer,random,8,41,205,0.0
tree_cancer,random,8,42,210,0.0
tree_cancer,random,8,43,215,0.0
tree_cancer,random,8,44,220,0.0
tree_cancer,random,8,45,225,0.0
tree_cancer,random,8,46,230,0.0
tree_cancer,random,8,47,235,0.0
tree_cancer,random,8,48,240,0.0
tree_cancer,random,8,49,245,0.0
tree_cancer,random,8,50,250,0.0
tree_cancer,random,8,51,255,0.0
tree_cancer,random,8,52,260,0.0
tree_cancer,random,8,53,265,0.0
tree_cancer,random,8,54,270,0.0
tree_cancer,random,8,55,275,0.0
tree_cancer,random,8,56,280,0.0
tree_cancer,random,8,57,285,0.0
tree_cancer,random,8,58,290,0.0
tree_cancer,random,8,59,295,0.0
tree_cancer,random,8,60,300,0.0
tree_cancer,random,9,1,5,0.049302325581395245
tree_cancer,random,9,2,10,0.03989056087551279
tree_cancer,random,9,3,15,0.03989056087551279
tree_cancer,random,9,4,20,0.03989056087551279
tree_cancer,random,9,5,25,0.03989056087551279
tree_cancer,random,9,6,30,0.03989056087551279
tree_cancer,random,9,7,35,0.03989056087551279
tree_cancer,random,9,8,40,0.03989056087551279
tree_cancer,random,9,9,45,0.018768809849521007
tree_cancer,random,9,10,50,0.018768809849521007
tree_cancer,random,9,11,55,0.018768809849521007
tree_cancer,random,9,12,60,0.018768809849521007
tree_cancer,random,9,13,65,0.018768809849521007
tree_cancer,random,9,14,70,0.018768809849521007
tree_cancer,random,9,15,75,0.018768809849521007
tree_cancer,random,9,16,80,0.018768809849521007
tree_cancer,random,9,17,85,0.018768809849521007
tree_cancer,random,9,18,90,0.004705882352941226
tree_cancer,random,9,19,95,0.004705882352941226
tree_cancer,random,9,20,100,0.004705882352941226
tree_cancer,random,9,21,105,0.004705882352941226
tree_cancer,random,9,22,110,0.004705882352941226
tree_cancer,random,9,23,115,0.004705882352941226
tree_cancer,random,9,24,120,0.004705882352941226
tree_cancer,random,9,25,125,0.004705882352941226
tree_cancer,random,9,26,130,0.004705882352941226
tree_cancer,random,9,27,135,0.0
tree_cancer,random,9,28,140,0.0
tree_cancer,random,9,29,145,0.0
tree_cancer,random,9,30,150,0.0
tree_cancer,random,9,31,155,0.0
tree_cancer,random,9,32,160,0.0
tree_cancer,random,9,33,165,0.0
tree_cancer,random,9,34,170,0.0
tree_cancer,random,9,35,175,0.0
tree_cancer,random,9,36,180,0.0
tree_cancer,random,9,37,185,0.0
tree_cancer,random,9,38,190,0.0
tree_cancer,random,9,39,195,0.0
tree_cancer,random,9,40,200,0.004678522571819443
tree_cancer,random,9,41,205,0.004678522571819443
tree_cancer,random,9,42,210,0.004678522571819443
tree_cancer,random,9,43,215,0.004678522571819443
tree_cancer,random,9,44,220,0.004678522571819443
tree_cancer,random,9,45,225,0.004678522571819443
tree_cancer,random,9,46,230,0.004678522571819443
tree_cancer,random,9,47,235,0.004678522571819443
tree_cancer,random,9,48,240,0.004678522571819443
tree_cancer,random,9,49,245,0.004678522571819443
tree_cancer,random,9,50,250,0.004678522571819443
tree_cancer,random,9,51,255,0.004678522571819443
tree_cancer,random,9,52,260,0.004678522571819443
tree_cancer,random,9,53,265,0.004678522571819443
tree_cancer,random,9,54,270,0.004678522571819443
tree_cancer,random,9,55,275,0.004678522571819443
tree_cancer,random,9,56,280,0.004678522571819443
tree_cancer,random,9,57,285,0.004678522571819443
tree_cancer,random,9,58,290,0.004678522571819443
tree_cancer,random,9,59,295,0.004678522571819443
tree_cancer,random,9,60,300,0.004678522571819443
tree_cancer,optuna_tpe,0,1,5,0.018768809849521007
tree_cancer,optuna_tpe,0,2,10,0.018768809849521007
tree_cancer,optuna_tpe,0,3,15,0.009357045143638776
tree_cancer,optuna_tpe,0,4,20,0.009357045143638776
tree_cancer,optuna_tpe,0,5,25,0.009357045143638776
tree_cancer,optuna_tpe,0,6,30,0.009357045143638776
tree_cancer,optuna_tpe,0,7,35,0.009357045143638776
tree_cancer,optuna_tpe,0,8,40,0.0023529411764705577
tree_cancer,optuna_tpe,0,9,45,0.0023529411764705577
tree_cancer,optuna_tpe,0,10,50,0.0023529411764705577
tree_cancer,optuna_tpe,0,11,55,0.0023529411764705577
tree_cancer,optuna_tpe,0,12,60,0.0023529411764705577
tree_cancer,optuna_tpe,0,13,65,0.0023529411764705577
tree_cancer,optuna_tpe,0,14,70,0.0023529411764705577
tree_cancer,optuna_tpe,0,15,75,0.0023529411764705577
tree_cancer,optuna_tpe,0,16,80,0.0023529411764705577
tree_cancer,optuna_tpe,0,17,85,0.007086183310533567
tree_cancer,optuna_tpe,0,18,90,0.007086183310533567
tree_cancer,optuna_tpe,0,19,95,0.007086183310533567
tree_cancer,optuna_tpe,0,20,100,0.007086183310533567
tree_cancer,optuna_tpe,0,21,105,0.007086183310533567
tree_cancer,optuna_tpe,0,22,110,0.007086183310533567
tree_cancer,optuna_tpe,0,23,115,0.007086183310533567
tree_cancer,optuna_tpe,0,24,120,0.007086183310533567
tree_cancer,optuna_tpe,0,25,125,0.007086183310533567
tree_cancer,optuna_tpe,0,26,130,0.007086183310533567
tree_cancer,optuna_tpe,0,27,135,0.007086183310533567
tree_cancer,optuna_tpe,0,28,140,0.007086183310533567
tree_cancer,optuna_tpe,0,29,145,0.007086183310533567
tree_cancer,optuna_tpe,0,30,150,0.007086183310533567
tree_cancer,optuna_tpe,0,31,155,0.007086183310533567
tree_cancer,optuna_tpe,0,32,160,0.007086183310533567
tree_cancer,optuna_tpe,0,33,165,0.007086183310533567
tree_cancer,optuna_tpe,0,34,170,0.007086183310533567
tree_cancer,optuna_tpe,0,35,175,0.007086183310533567
tree_cancer,optuna_tpe,0,36,180,0.007086183310533567
tree_cancer,optuna_tpe,0,37,185,0.007086183310533567
tree_cancer,optuna_tpe,0,38,190,0.007086183310533567
tree_cancer,optuna_tpe,0,39,195,0.007086183310533567
tree_cancer,optuna_tpe,0,40,200,0.007086183310533567
tree_cancer,optuna_tpe,0,41,205,0.007086183310533567
tree_cancer,optuna_tpe,0,42,210,0.007086183310533567
tree_cancer,optuna_tpe,0,43,215,0.007086183310533567
tree_cancer,optuna_tpe,0,44,220,0.007086183310533567
tree_cancer,optuna_tpe,0,45,225,0.007086183310533567
tree_cancer,optuna_tpe,0,46,230,0.007086183310533567
tree_cancer,optuna_tpe,0,47,235,0.007086183310533567
tree_cancer,optuna_tpe,0,48,240,0.007086183310533567
tree_cancer,optuna_tpe,0,49,245,0.007086183310533567
tree_cancer,optuna_tpe,0,50,250,0.007086183310533567
tree_cancer,optuna_tpe,0,51,255,0.007086183310533567
tree_cancer,optuna_tpe,0,52,260,0.007086183310533567
tree_cancer,optuna_tpe,0,53,265,0.007086183310533567
tree_cancer,optuna_tpe,0,54,270,0.007086183310533567
tree_cancer,optuna_tpe,0,55,275,0.007086183310533567
tree_cancer,optuna_tpe,0,56,280,0.007086183310533567
tree_cancer,optuna_tpe,0,57,285,0.007086183310533567
tree_cancer,optuna_tpe,0,58,290,0.007086183310533567
tree_cancer,optuna_tpe,0,59,295,0.007086183310533567
tree_cancer,optuna_tpe,0,60,300,0.007086183310533567
tree_cancer,optuna_tpe,1,1,5,0.02114911080711357
tree_cancer,optuna_tpe,1,2,10,0.02114911080711357
tree_cancer,optuna_tpe,1,3,15,0.009357045143638776
tree_cancer,optuna_tpe,1,4,20,0.009357045143638776
tree_cancer,optuna_tpe,1,5,25,0.009357045143638776
tree_cancer,optuna_tpe,1,6,30,0.009357045143638776
tree_cancer,optuna_tpe,1,7,35,0.009357045143638776
tree_cancer,optuna_tpe,1,8,40,0.009357045143638776
tree_cancer,optuna_tpe,1,9,45,0.009357045143638776
tree_cancer,optuna_tpe,1,10,50,0.009357045143638776
tree_cancer,optuna_tpe,1,11,55,0.009357045143638776
tree_cancer,optuna_tpe,1,12,60,0.009357045143638776
tree_cancer,optuna_tpe,1,13,65,0.011709986320109445
tree_cancer,optuna_tpe,1,14,70,0.011709986320109445
tree_cancer,optuna_tpe,1,15,75,0.007031463748290001
tree_cancer,optuna_tpe,1,16,80,0.007031463748290001
tree_cancer,optuna_tpe,1,17,85,0.007031463748290001
tree_cancer,optuna_tpe,1,18,90,0.007031463748290001
tree_cancer,optuna_tpe,1,19,95,0.007031463748290001
tree_cancer,optuna_tpe,1,20,100,0.007031463748290001
tree_cancer,optuna_tpe,1,21,105,0.007031463748290001
tree_cancer,optuna_tpe,1,22,110,0.007031463748290001
tree_cancer,optuna_tpe,1,23,115,0.007031463748290001
tree_cancer,optuna_tpe,1,24,120,0.007031463748290001
tree_cancer,optuna_tpe,1,25,125,0.007031463748290001
tree_cancer,optuna_tpe,1,26,130,0.007031463748290001
tree_cancer,optuna_tpe,1,27,135,0.007031463748290001
tree_cancer,optuna_tpe,1,28,140,0.007031463748290001
tree_cancer,optuna_tpe,1,29,145,0.007031463748290001
tree_cancer,optuna_tpe,1,30,150,0.007031463748290001
tree_cancer,optuna_tpe,1,31,155,0.007031463748290001
tree_cancer,optuna_tpe,1,32,160,0.007086183310533567
tree_cancer,optuna_tpe,1,33,165,0.007086183310533567
tree_cancer,optuna_tpe,1,34,170,0.007086183310533567
tree_cancer,optuna_tpe,1,35,175,0.007086183310533567
tree_cancer,optuna_tpe,1,36,180,0.007086183310533567
tree_cancer,optuna_tpe,1,37,185,0.007086183310533567
tree_cancer,optuna_tpe,1,38,190,0.007086183310533567
tree_cancer,optuna_tpe,1,39,195,0.007086183310533567
tree_cancer,optuna_tpe,1,40,200,0.007086183310533567
tree_cancer,optuna_tpe,1,41,205,0.007086183310533567
tree_cancer,optuna_tpe,1,42,210,0.007086183310533567
tree_cancer,optuna_tpe,1,43,215,0.007086183310533567
tree_cancer,optuna_tpe,1,44,220,0.007086183310533567
tree_cancer,optuna_tpe,1,45,225,0.007086183310533567
tree_cancer,optuna_tpe,1,46,230,0.007086183310533567
tree_cancer,optuna_tpe,1,47,235,0.007086183310533567
tree_cancer,optuna_tpe,1,48,240,0.007086183310533567
tree_cancer,optuna_tpe,1,49,245,0.007086183310533567
tree_cancer,optuna_tpe,1,50,250,0.007086183310533567
tree_cancer,optuna_tpe,1,51,255,0.007086183310533567
tree_cancer,optuna_tpe,1,52,260,0.007086183310533567
tree_cancer,optuna_tpe,1,53,265,0.007086183310533567
tree_cancer,optuna_tpe,1,54,270,0.007086183310533567
tree_cancer,optuna_tpe,1,55,275,0.007086183310533567
tree_cancer,optuna_tpe,1,56,280,0.007086183310533567
tree_cancer,optuna_tpe,1,57,285,0.007086183310533567
tree_cancer,optuna_tpe,1,58,290,0.007086183310533567
tree_cancer,optuna_tpe,1,59,295,0.007086183310533567
tree_cancer,optuna_tpe,1,60,300,0.007086183310533567
tree_cancer,optuna_tpe,2,1,5,0.009357045143638776
tree_cancer,optuna_tpe,2,2,10,0.009357045143638776
tree_cancer,optuna_tpe,2,3,15,0.014062927496580002
tree_cancer,optuna_tpe,2,4,20,0.014062927496580002
tree_cancer,optuna_tpe,2,5,25,0.014062927496580002
tree_cancer,optuna_tpe,2,6,30,0.014062927496580002
tree_cancer,optuna_tpe,2,7,35,0.014062927496580002
tree_cancer,optuna_tpe,2,8,40,0.014062927496580002
tree_cancer,optuna_tpe,2,9,45,0.014062927496580002
tree_cancer,optuna_tpe,2,10,50,0.014062927496580002
tree_cancer,optuna_tpe,2,11,55,0.014062927496580002
tree_cancer,optuna_tpe,2,12,60,0.014062927496580002
tree_cancer,optuna_tpe,2,13,65,0.014062927496580002
tree_cancer,optuna_tpe,2,14,70,0.014062927496580002
tree_cancer,optuna_tpe,2,15,75,0.014062927496580002
tree_cancer,optuna_tpe,2,16,80,0.014062927496580002
tree_cancer,optuna_tpe,2,17,85,0.014062927496580002
tree_cancer,optuna_tpe,2,18,90,0.014062927496580002
tree_cancer,optuna_tpe,2,19,95,0.014062927496580002
tree_cancer,optuna_tpe,2,20,100,0.014062927496580002
tree_cancer,optuna_tpe,2,21,105,0.014062927496580002
tree_cancer,optuna_tpe,2,22,110,0.014062927496580002
tree_cancer,optuna_tpe,2,23,115,0.014062927496580002
tree_cancer,optuna_tpe,2,24,120,0.014062927496580002
tree_cancer,optuna_tpe,2,25,125,0.014062927496580002
tree_cancer,optuna_tpe,2,26,130,0.014062927496580002
tree_cancer,optuna_tpe,2,27,135,0.014062927496580002
tree_cancer,optuna_tpe,2,28,140,0.014062927496580002
tree_cancer,optuna_tpe,2,29,145,0.014062927496580002
tree_cancer,optuna_tpe,2,30,150,0.014062927496580002
tree_cancer,optuna_tpe,2,31,155,0.014062927496580002
tree_cancer,optuna_tpe,2,32,160,0.014062927496580002
tree_cancer,optuna_tpe,2,33,165,0.014062927496580002
tree_cancer,optuna_tpe,2,34,170,0.014062927496580002
tree_cancer,optuna_tpe,2,35,175,0.014062927496580002
tree_cancer,optuna_tpe,2,36,180,0.014062927496580002
tree_cancer,optuna_tpe,2,37,185,0.014062927496580002
tree_cancer,optuna_tpe,2,38,190,0.014062927496580002
tree_cancer,optuna_tpe,2,39,195,0.014062927496580002
tree_cancer,optuna_tpe,2,40,200,0.014062927496580002
tree_cancer,optuna_tpe,2,41,205,0.014062927496580002
tree_cancer,optuna_tpe,2,42,210,0.014062927496580002
tree_cancer,optuna_tpe,2,43,215,0.014062927496580002
tree_cancer,optuna_tpe,2,44,220,0.014062927496580002
tree_cancer,optuna_tpe,2,45,225,0.014062927496580002
tree_cancer,optuna_tpe,2,46,230,0.014062927496580002
tree_cancer,optuna_tpe,2,47,235,0.014062927496580002
tree_cancer,optuna_tpe,2,48,240,0.014062927496580002
tree_cancer,optuna_tpe,2,49,245,0.014062927496580002
tree_cancer,optuna_tpe,2,50,250,0.014062927496580002
tree_cancer,optuna_tpe,2,51,255,0.014062927496580002
tree_cancer,optuna_tpe,2,52,260,0.014062927496580002
tree_cancer,optuna_tpe,2,53,265,0.014062927496580002
tree_cancer,optuna_tpe,2,54,270,0.014062927496580002
tree_cancer,optuna_tpe,2,55,275,0.014062927496580002
tree_cancer,optuna_tpe,2,56,280,0.014062927496580002
tree_cancer,optuna_tpe,2,57,285,0.014062927496580002
tree_cancer,optuna_tpe,2,58,290,0.014062927496580002
tree_cancer,optuna_tpe,2,59,295,0.014062927496580002
tree_cancer,optuna_tpe,2,60,300,0.014062927496580002
tree_cancer,optuna_tpe,3,1,5,0.018768809849521007
tree_cancer,optuna_tpe,3,2,10,0.018768809849521007
tree_cancer,optuna_tpe,3,3,15,0.018768809849521007
tree_cancer,optuna_tpe,3,4,20,0.014062927496580002
tree_cancer,optuna_tpe,3,5,25,0.014062927496580002
tree_cancer,optuna_tpe,3,6,30,0.014062927496580002
tree_cancer,optuna_tpe,3,7,35,0.014062927496580002
tree_cancer,optuna_tpe,3,8,40,0.014062927496580002
tree_cancer,optuna_tpe,3,9,45,0.014062927496580002
tree_cancer,optuna_tpe,3,10,50,0.014062927496580002
tree_cancer,optuna_tpe,3,11,55,0.014062927496580002
tree_cancer,optuna_tpe,3,12,60,0.014062927496580002
tree_cancer,optuna_tpe,3,13,65,0.014062927496580002
tree_cancer,optuna_tpe,3,14,70,0.014062927496580002
tree_cancer,optuna_tpe,3,15,75,0.014062927496580002
tree_cancer,optuna_tpe,3,16,80,0.014062927496580002
tree_cancer,optuna_tpe,3,17,85,0.014062927496580002
tree_cancer,optuna_tpe,3,18,90,0.0023529411764705577
tree_cancer,optuna_tpe,3,19,95,0.0023529411764705577
tree_cancer,optuna_tpe,3,20,100,0.0023529411764705577
tree_cancer,optuna_tpe,3,21,105,0.0023529411764705577
tree_cancer,optuna_tpe,3,22,110,0.0023529411764705577
tree_cancer,optuna_tpe,3,23,115,0.0023529411764705577
tree_cancer,optuna_tpe,3,24,120,0.0023529411764705577
tree_cancer,optuna_tpe,3,25,125,0.0023529411764705577
tree_cancer,optuna_tpe,3,26,130,0.0023529411764705577
tree_cancer,optuna_tpe,3,27,135,0.0023529411764705577
tree_cancer,optuna_tpe,3,28,140,0.0023529411764705577
tree_cancer,optuna_tpe,3,29,145,0.0023529411764705577
tree_cancer,optuna_tpe,3,30,150,0.0023529411764705577
tree_cancer,optuna_tpe,3,31,155,0.0023529411764705577
tree_cancer,optuna_tpe,3,32,160,0.0023529411764705577
tree_cancer,optuna_tpe,3,33,165,0.0023529411764705577
tree_cancer,optuna_tpe,3,34,170,0.0023529411764705577
tree_cancer,optuna_tpe,3,35,175,0.0023529411764705577
tree_cancer,optuna_tpe,3,36,180,0.0023529411764705577
tree_cancer,optuna_tpe,3,37,185,0.0023529411764705577
tree_cancer,optuna_tpe,3,38,190,0.0023529411764705577
tree_cancer,optuna_tpe,3,39,195,0.0023529411764705577
tree_cancer,optuna_tpe,3,40,200,0.0023529411764705577
tree_cancer,optuna_tpe,3,41,205,0.0023529411764705577
tree_cancer,optuna_tpe,3,42,210,0.0023529411764705577
tree_cancer,optuna_tpe,3,43,215,0.0023529411764705577
tree_cancer,optuna_tpe,3,44,220,0.0023529411764705577
tree_cancer,optuna_tpe,3,45,225,0.0023529411764705577
tree_cancer,optuna_tpe,3,46,230,0.0023529411764705577
tree_cancer,optuna_tpe,3,47,235,0.0023529411764705577
tree_cancer,optuna_tpe,3,48,240,0.0023529411764705577
tree_cancer,optuna_tpe,3,49,245,0.0023529411764705577
tree_cancer,optuna_tpe,3,50,250,0.0023529411764705577
tree_cancer,optuna_tpe,3,51,255,0.0023529411764705577
tree_cancer,optuna_tpe,3,52,260,0.0023529411764705577
tree_cancer,optuna_tpe,3,53,265,0.0023529411764705577
tree_cancer,optuna_tpe,3,54,270,0.0023529411764705577
tree_cancer,optuna_tpe,3,55,275,0.0023529411764705577
tree_cancer,optuna_tpe,3,56,280,0.0023529411764705577
tree_cancer,optuna_tpe,3,57,285,0.0023529411764705577
tree_cancer,optuna_tpe,3,58,290,0.0023529411764705577
tree_cancer,optuna_tpe,3,59,295,0.0023529411764705577
tree_cancer,optuna_tpe,3,60,300,0.0023529411764705577
tree_cancer,optuna_tpe,4,1,5,0.011709986320109222
tree_cancer,optuna_tpe,4,2,10,0.02807113543091644
tree_cancer,optuna_tpe,4,3,15,0.011709986320109445
tree_cancer,optuna_tpe,4,4,20,0.011709986320109445
tree_cancer,optuna_tpe,4,5,25,0.011709986320109445
tree_cancer,optuna_tpe,4,6,30,0.011709986320109445
tree_cancer,optuna_tpe,4,7,35,0.011709986320109445
tree_cancer,optuna_tpe,4,8,40,0.011709986320109445
tree_cancer,optuna_tpe,4,9,45,0.0023529411764704466
tree_cancer,optuna_tpe,4,10,50,0.0023529411764704466
tree_cancer,optuna_tpe,4,11,55,0.009329685362517215
tree_cancer,optuna_tpe,4,12,60,0.009329685362517215
tree_cancer,optuna_tpe,4,13,65,0.009329685362517215
tree_cancer,optuna_tpe,4,14,70,0.009329685362517215
tree_cancer,optuna_tpe,4,15,75,0.009329685362517215
tree_cancer,optuna_tpe,4,16,80,0.009329685362517215
tree_cancer,optuna_tpe,4,17,85,0.009329685362517215
tree_cancer,optuna_tpe,4,18,90,0.009329685362517215
tree_cancer,optuna_tpe,4,19,95,0.009329685362517215
tree_cancer,optuna_tpe,4,20,100,0.009329685362517215
tree_cancer,optuna_tpe,4,21,105,0.009329685362517215
tree_cancer,optuna_tpe,4,22,110,0.009329685362517215
tree_cancer,optuna_tpe,4,23,115,0.009329685362517215
tree_cancer,optuna_tpe,4,24,120,0.004733242134062787
tree_cancer,optuna_tpe,4,25,125,0.004733242134062787
tree_cancer,optuna_tpe,4,26,130,0.004733242134062787
tree_cancer,optuna_tpe,4,27,135,0.004733242134062787
tree_cancer,optuna_tpe,4,28,140,0.004733242134062787
tree_cancer,optuna_tpe,4,29,145,0.004733242134062787
tree_cancer,optuna_tpe,4,30,150,0.004733242134062787
tree_cancer,optuna_tpe,4,31,155,0.004733242134062787
tree_cancer,optuna_tpe,4,32,160,0.004733242134062787
tree_cancer,optuna_tpe,4,33,165,0.004733242134062787
tree_cancer,optuna_tpe,4,34,170,0.004733242134062787
tree_cancer,optuna_tpe,4,35,175,0.004733242134062787
tree_cancer,optuna_tpe,4,36,180,0.004733242134062787
tree_cancer,optuna_tpe,4,37,185,0.004733242134062787
tree_cancer,optuna_tpe,4,38,190,0.004733242134062787
tree_cancer,optuna_tpe,4,39,195,0.004733242134062787
tree_cancer,optuna_tpe,4,40,200,0.004733242134062787
tree_cancer,optuna_tpe,4,41,205,0.004733242134062787
tree_cancer,optuna_tpe,4,42,210,0.004733242134062787
tree_cancer,optuna_tpe,4,43,215,0.004733242134062787
tree_cancer,optuna_tpe,4,44,220,0.004733242134062787
tree_cancer,optuna_tpe,4,45,225,0.004733242134062787
tree_cancer,optuna_tpe,4,46,230,0.004733242134062787
tree_cancer,optuna_tpe,4,47,235,0.004733242134062787
tree_cancer,optuna_tpe,4,48,240,0.004733242134062787
tree_cancer,optuna_tpe,4,49,245,0.004733242134062787
tree_cancer,optuna_tpe,4,50,250,0.004733242134062787
tree_cancer,optuna_tpe,4,51,255,0.004733242134062787
tree_cancer,optuna_tpe,4,52,260,0.004733242134062787
tree_cancer,optuna_tpe,4,53,265,0.004733242134062787
tree_cancer,optuna_tpe,4,54,270,0.004733242134062787
tree_cancer,optuna_tpe,4,55,275,0.004733242134062787
tree_cancer,optuna_tpe,4,56,280,0.004733242134062787
tree_cancer,optuna_tpe,4,57,285,0.004733242134062787
tree_cancer,optuna_tpe,4,58,290,0.004733242134062787
tree_cancer,optuna_tpe,4,59,295,0.004733242134062787
tree_cancer,optuna_tpe,4,60,300,0.004733242134062787
tree_cancer,optuna_tpe,5,1,5,0.025772913816689447
tree_cancer,optuna_tpe,5,2,10,0.025772913816689447
tree_cancer,optuna_tpe,5,3,15,0.009357045143638776
tree_cancer,optuna_tpe,5,4,20,0.009357045143638776
tree_cancer,optuna_tpe,5,5,25,0.009357045143638776
tree_cancer,optuna_tpe,5,6,30,0.009357045143638776
tree_cancer,optuna_tpe,5,7,35,0.009357045143638776
tree_cancer,optuna_tpe,5,8,40,0.009357045143638776
tree_cancer,optuna_tpe,5,9,45,0.009357045143638776
tree_cancer,optuna_tpe,5,10,50,0.009357045143638776
tree_cancer,optuna_tpe,5,11,55,0.009357045143638776
tree_cancer,optuna_tpe,5,12,60,0.009357045143638776
tree_cancer,optuna_tpe,5,13,65,0.009357045143638776
tree_cancer,optuna_tpe,5,14,70,0.009357045143638776
tree_cancer,optuna_tpe,5,15,75,0.009357045143638776
tree_cancer,optuna_tpe,5,16,80,0.004705882352941226
tree_cancer,optuna_tpe,5,17,85,0.004705882352941226
tree_cancer,optuna_tpe,5,18,90,0.004705882352941226
tree_cancer,optuna_tpe,5,19,95,0.004705882352941226
tree_cancer,optuna_tpe,5,20,100,0.004705882352941226
tree_cancer,optuna_tpe,5,21,105,0.004705882352941226
tree_cancer,optuna_tpe,5,22,110,0.004705882352941226
tree_cancer,optuna_tpe,5,23,115,0.004705882352941226
tree_cancer,optuna_tpe,5,24,120,0.007058823529411784
tree_cancer,optuna_tpe,5,25,125,0.007058823529411784
tree_cancer,optuna_tpe,5,26,130,0.007058823529411784
tree_cancer,optuna_tpe,5,27,135,0.007058823529411784
tree_cancer,optuna_tpe,5,28,140,0.007058823529411784
tree_cancer,optuna_tpe,5,29,145,0.007058823529411784
tree_cancer,optuna_tpe,5,30,150,0.007058823529411784
tree_cancer,optuna_tpe,5,31,155,0.007058823529411784
tree_cancer,optuna_tpe,5,32,160,0.007058823529411784
tree_cancer,optuna_tpe,5,33,165,0.007058823529411784
tree_cancer,optuna_tpe,5,34,170,0.007058823529411784
tree_cancer,optuna_tpe,5,35,175,0.007058823529411784
tree_cancer,optuna_tpe,5,36,180,0.007058823529411784
tree_cancer,optuna_tpe,5,37,185,0.007058823529411784
tree_cancer,optuna_tpe,5,38,190,0.007058823529411784
tree_cancer,optuna_tpe,5,39,195,0.007058823529411784
tree_cancer,optuna_tpe,5,40,200,0.007058823529411784
tree_cancer,optuna_tpe,5,41,205,0.007058823529411784
tree_cancer,optuna_tpe,5,42,210,0.007058823529411784
tree_cancer,optuna_tpe,5,43,215,0.007058823529411784
tree_cancer,optuna_tpe,5,44,220,0.007058823529411784
tree_cancer,optuna_tpe,5,45,225,0.007058823529411784
tree_cancer,optuna_tpe,5,46,230,0.007058823529411784
tree_cancer,optuna_tpe,5,47,235,0.007058823529411784
tree_cancer,optuna_tpe,5,48,240,0.007058823529411784
tree_cancer,optuna_tpe,5,49,245,0.007058823529411784
tree_cancer,optuna_tpe,5,50,250,0.007058823529411784
tree_cancer,optuna_tpe,5,51,255,0.007058823529411784
tree_cancer,optuna_tpe,5,52,260,0.007058823529411784
tree_cancer,optuna_tpe,5,53,265,0.007058823529411784
tree_cancer,optuna_tpe,5,54,270,0.007058823529411784
tree_cancer,optuna_tpe,5,55,275,0.007058823529411784
tree_cancer,optuna_tpe,5,56,280,0.007058823529411784
tree_cancer,optuna_tpe,5,57,285,0.007058823529411784
tree_cancer,optuna_tpe,5,58,290,0.007058823529411784
tree_cancer,optuna_tpe,5,59,295,0.007058823529411784
tree_cancer,optuna_tpe,5,60,300,0.007058823529411784
tree_cancer,optuna_tpe,6,1,5,0.023392612859097217
tree_cancer,optuna_tpe,6,2,10,0.023392612859097217
tree_cancer,optuna_tpe,6,3,15,0.023392612859097217
tree_cancer,optuna_tpe,6,4,20,0.023392612859097217
tree_cancer,optuna_tpe,6,5,25,0.023392612859097217
tree_cancer,optuna_tpe,6,6,30,0.023392612859097217
tree_cancer,optuna_tpe,6,7,35,0.023392612859097217
tree_cancer,optuna_tpe,6,8,40,0.023392612859097217
tree_cancer,optuna_tpe,6,9,45,0.023392612859097217
tree_cancer,optuna_tpe,6,10,50,0.023392612859097217
tree_cancer,optuna_tpe,6,11,55,0.023392612859097217
tree_cancer,optuna_tpe,6,12,60,0.023392612859097217
tree_cancer,optuna_tpe,6,13,65,0.023392612859097217
tree_cancer,optuna_tpe,6,14,70,0.023392612859097217
tree_cancer,optuna_tpe,6,15,75,0.023392612859097217
tree_cancer,optuna_tpe,6,16,80,0.023392612859097217
tree_cancer,optuna_tpe,6,17,85,0.023392612859097217
tree_cancer,optuna_tpe,6,18,90,0.023392612859097217
tree_cancer,optuna_tpe,6,19,95,0.023392612859097217
tree_cancer,optuna_tpe,6,20,100,0.023392612859097217
tree_cancer,optuna_tpe,6,21,105,0.023392612859097217
tree_cancer,optuna_tpe,6,22,110,0.023392612859097217
tree_cancer,optuna_tpe,6,23,115,0.023392612859097217
tree_cancer,optuna_tpe,6,24,120,0.023392612859097217
tree_cancer,optuna_tpe,6,25,125,0.03989056087551279
tree_cancer,optuna_tpe,6,26,130,0.03989056087551279
tree_cancer,optuna_tpe,6,27,135,0.03989056087551279
tree_cancer,optuna_tpe,6,28,140,0.03989056087551279
tree_cancer,optuna_tpe,6,29,145,0.03989056087551279
tree_cancer,optuna_tpe,6,30,150,0.03989056087551279
tree_cancer,optuna_tpe,6,31,155,0.03989056087551279
tree_cancer,optuna_tpe,6,32,160,0.03989056087551279
tree_cancer,optuna_tpe,6,33,165,0.03989056087551279
tree_cancer,optuna_tpe,6,34,170,0.03989056087551279
tree_cancer,optuna_tpe,6,35,175,0.03989056087551279
tree_cancer,optuna_tpe,6,36,180,0.03989056087551279
tree_cancer,optuna_tpe,6,37,185,0.03989056087551279
tree_cancer,optuna_tpe,6,38,190,0.03989056087551279
tree_cancer,optuna_tpe,6,39,195,0.03989056087551279
tree_cancer,optuna_tpe,6,40,200,0.03989056087551279
tree_cancer,optuna_tpe,6,41,205,0.03989056087551279
tree_cancer,optuna_tpe,6,42,210,0.03989056087551279
tree_cancer,optuna_tpe,6,43,215,0.03989056087551279
tree_cancer,optuna_tpe,6,44,220,0.03989056087551279
tree_cancer,optuna_tpe,6,45,225,0.03989056087551279
tree_cancer,optuna_tpe,6,46,230,0.03989056087551279
tree_cancer,optuna_tpe,6,47,235,0.03989056087551279
tree_cancer,optuna_tpe,6,48,240,0.03989056087551279
tree_cancer,optuna_tpe,6,49,245,0.03989056087551279
tree_cancer,optuna_tpe,6,50,250,0.03989056087551279
tree_cancer,optuna_tpe,6,51,255,0.03989056087551279
tree_cancer,optuna_tpe,6,52,260,0.03989056087551279
tree_cancer,optuna_tpe,6,53,265,0.03989056087551279
tree_cancer,optuna_tpe,6,54,270,0.03989056087551279
tree_cancer,optuna_tpe,6,55,275,0.03989056087551279
tree_cancer,optuna_tpe,6,56,280,0.03989056087551279
tree_cancer,optuna_tpe,6,57,285,0.03989056087551279
tree_cancer,optuna_tpe,6,58,290,0.03989056087551279
tree_cancer,optuna_tpe,6,59,295,0.03989056087551279
tree_cancer,optuna_tpe,6,60,300,0.03989056087551279
tree_cancer,optuna_tpe,7,1,5,0.0469493844049248
tree_cancer,optuna_tpe,7,2,10,0.009357045143638776
tree_cancer,optuna_tpe,7,3,15,0.011709986320109222
tree_cancer,optuna_tpe,7,4,20,0.011709986320109222
tree_cancer,optuna_tpe,7,5,25,0.011709986320109222
tree_cancer,optuna_tpe,7,6,30,0.011709986320109222
tree_cancer,optuna_tpe,7,7,35,0.011709986320109222
tree_cancer,optuna_tpe,7,8,40,0.011709986320109222
tree_cancer,optuna_tpe,7,9,45,0.011709986320109222
tree_cancer,optuna_tpe,7,10,50,0.011709986320109222
tree_cancer,optuna_tpe,7,11,55,0.011709986320109222
tree_cancer,optuna_tpe,7,12,60,0.011709986320109222
tree_cancer,optuna_tpe,7,13,65,0.011709986320109222
tree_cancer,optuna_tpe,7,14,70,0.0023529411764704466
tree_cancer,optuna_tpe,7,15,75,0.0023529411764704466
tree_cancer,optuna_tpe,7,16,80,0.0023529411764704466
tree_cancer,optuna_tpe,7,17,85,0.0023529411764704466
tree_cancer,optuna_tpe,7,18,90,0.0023529411764704466
tree_cancer,optuna_tpe,7,19,95,0.0023529411764704466
tree_cancer,optuna_tpe,7,20,100,0.0023529411764704466
tree_cancer,optuna_tpe,7,21,105,0.0023529411764704466
tree_cancer,optuna_tpe,7,22,110,0.0023529411764704466
tree_cancer,optuna_tpe,7,23,115,0.0023529411764704466
tree_cancer,optuna_tpe,7,24,120,0.0023529411764704466
tree_cancer,optuna_tpe,7,25,125,0.0023529411764704466
tree_cancer,optuna_tpe,7,26,130,0.0023529411764704466
tree_cancer,optuna_tpe,7,27,135,0.0023529411764704466
tree_cancer,optuna_tpe,7,28,140,0.0023529411764704466
tree_cancer,optuna_tpe,7,29,145,0.0023529411764704466
tree_cancer,optuna_tpe,7,30,150,0.0023529411764704466
tree_cancer,optuna_tpe,7,31,155,0.0023529411764704466
tree_cancer,optuna_tpe,7,32,160,0.0023529411764704466
tree_cancer,optuna_tpe,7,33,165,0.0023529411764704466
tree_cancer,optuna_tpe,7,34,170,0.0023529411764704466
tree_cancer,optuna_tpe,7,35,175,0.0023529411764704466
tree_cancer,optuna_tpe,7,36,180,0.0023529411764704466
tree_cancer,optuna_tpe,7,37,185,0.0023529411764704466
tree_cancer,optuna_tpe,7,38,190,0.0023529411764704466
tree_cancer,optuna_tpe,7,39,195,0.0023529411764704466
tree_cancer,optuna_tpe,7,40,200,0.0023529411764704466
tree_cancer,optuna_tpe,7,41,205,0.0023529411764704466
tree_cancer,optuna_tpe,7,42,210,0.0023529411764704466
tree_cancer,optuna_tpe,7,43,215,0.0023529411764704466
tree_cancer,optuna_tpe,7,44,220,0.0023529411764704466
tree_cancer,optuna_tpe,7,45,225,0.0023529411764704466
tree_cancer,optuna_tpe,7,46,230,0.0023529411764704466
tree_cancer,optuna_tpe,7,47,235,0.0023529411764704466
tree_cancer,optuna_tpe,7,48,240,0.0023529411764704466
tree_cancer,optuna_tpe,7,49,245,0.0023529411764704466
tree_cancer,optuna_tpe,7,50,250,0.0023529411764704466
tree_cancer,optuna_tpe,7,51,255,0.0023529411764704466
tree_cancer,optuna_tpe,7,52,260,0.0023529411764704466
tree_cancer,optuna_tpe,7,53,265,0.0023529411764704466
tree_cancer,optuna_tpe,7,54,270,0.0023529411764704466
tree_cancer,optuna_tpe,7,55,275,0.0023529411764704466
tree_cancer,optuna_tpe,7,56,280,0.0023529411764704466
tree_cancer,optuna_tpe,7,57,285,0.0023529411764704466
tree_cancer,optuna_tpe,7,58,290,0.0023529411764704466
tree_cancer,optuna_tpe,7,59,295,0.0023529411764704466
tree_cancer,optuna_tpe,7,60,300,0.0023529411764704466
tree_cancer,optuna_tpe,8,1,5,0.0516552667578658
tree_cancer,optuna_tpe,8,2,10,0.009357045143638776
tree_cancer,optuna_tpe,8,3,15,0.009357045143638776
tree_cancer,optuna_tpe,8,4,20,0.009357045143638776
tree_cancer,optuna_tpe,8,5,25,0.009357045143638776
tree_cancer,optuna_tpe,8,6,30,0.009357045143638776
tree_cancer,optuna_tpe,8,7,35,0.009357045143638776
tree_cancer,optuna_tpe,8,8,40,0.009357045143638776
tree_cancer,optuna_tpe,8,9,45,0.009357045143638776
tree_cancer,optuna_tpe,8,10,50,0.009357045143638776
tree_cancer,optuna_tpe,8,11,55,0.009357045143638776
tree_cancer,optuna_tpe,8,12,60,0.009357045143638776
tree_cancer,optuna_tpe,8,13,65,0.009357045143638776
tree_cancer,optuna_tpe,8,14,70,0.009357045143638776
tree_cancer,optuna_tpe,8,15,75,0.009357045143638776
tree_cancer,optuna_tpe,8,16,80,0.009357045143638776
tree_cancer,optuna_tpe,8,17,85,0.009357045143638776
tree_cancer,optuna_tpe,8,18,90,0.009357045143638776
tree_cancer,optuna_tpe,8,19,95,0.009357045143638776
tree_cancer,optuna_tpe,8,20,100,0.009357045143638776
tree_cancer,optuna_tpe,8,21,105,0.009357045143638776
tree_cancer,optuna_tpe,8,22,110,0.009357045143638776
tree_cancer,optuna_tpe,8,23,115,0.009357045143638776
tree_cancer,optuna_tpe,8,24,120,0.009357045143638776
tree_cancer,optuna_tpe,8,25,125,0.009357045143638776
tree_cancer,optuna_tpe,8,26,130,0.009357045143638776
tree_cancer,optuna_tpe,8,27,135,0.009357045143638776
tree_cancer,optuna_tpe,8,28,140,0.009357045143638776
tree_cancer,optuna_tpe,8,29,145,0.009357045143638776
tree_cancer,optuna_tpe,8,30,150,0.009357045143638776
tree_cancer,optuna_tpe,8,31,155,0.009357045143638776
tree_cancer,optuna_tpe,8,32,160,0.009357045143638776
tree_cancer,optuna_tpe,8,33,165,0.009357045143638776
tree_cancer,optuna_tpe,8,34,170,0.009357045143638776
tree_cancer,optuna_tpe,8,35,175,0.009357045143638776
tree_cancer,optuna_tpe,8,36,180,0.009357045143638776
tree_cancer,optuna_tpe,8,37,185,0.009357045143638776
tree_cancer,optuna_tpe,8,38,190,0.009357045143638776
tree_cancer,optuna_tpe,8,39,195,0.009357045143638776
tree_cancer,optuna_tpe,8,40,200,0.009357045143638776
tree_cancer,optuna_tpe,8,41,205,0.009357045143638776
tree_cancer,optuna_tpe,8,42,210,0.009357045143638776
tree_cancer,optuna_tpe,8,43,215,0.009357045143638776
tree_cancer,optuna_tpe,8,44,220,0.009357045143638776
tree_cancer,optuna_tpe,8,45,225,0.009357045143638776
tree_cancer,optuna_tpe,8,46,230,0.009357045143638776
tree_cancer,optuna_tpe,8,47,235,0.009357045143638776
tree_cancer,optuna_tpe,8,48,240,0.009357045143638776
tree_cancer,optuna_tpe,8,49,245,0.009357045143638776
tree_cancer,optuna_tpe,8,50,250,0.009357045143638776
tree_cancer,optuna_tpe,8,51,255,0.009357045143638776
tree_cancer,optuna_tpe,8,52,260,0.009357045143638776
tree_cancer,optuna_tpe,8,53,265,0.009357045143638776
tree_cancer,optuna_tpe,8,54,270,0.009357045143638776
tree_cancer,optuna_tpe,8,55,275,0.009357045143638776
tree_cancer,optuna_tpe,8,56,280,0.009357045143638776
tree_cancer,optuna_tpe,8,57,285,0.009357045143638776
tree_cancer,optuna_tpe,8,58,290,0.009357045143638776
tree_cancer,optuna_tpe,8,59,295,0.009357045143638776
tree_cancer,optuna_tpe,8,60,300,0.009357045143638776
tree_cancer,optuna_tpe,9,1,5,0.049302325581395245
tree_cancer,optuna_tpe,9,2,10,0.025745554035567553
tree_cancer,optuna_tpe,9,3,15,0.025745554035567553
tree_cancer,optuna_tpe,9,4,20,0.009329685362517215
tree_cancer,optuna_tpe,9,5,25,0.018768809849521007
tree_cancer,optuna_tpe,9,6,30,0.018768809849521007
tree_cancer,optuna_tpe,9,7,35,0.018768809849521007
tree_cancer,optuna_tpe,9,8,40,0.018768809849521007
tree_cancer,optuna_tpe,9,9,45,0.018768809849521007
tree_cancer,optuna_tpe,9,10,50,0.018768809849521007
tree_cancer,optuna_tpe,9,11,55,0.018768809849521007
tree_cancer,optuna_tpe,9,12,60,0.018768809849521007
tree_cancer,optuna_tpe,9,13,65,0.018768809849521007
tree_cancer,optuna_tpe,9,14,70,0.018768809849521007
tree_cancer,optuna_tpe,9,15,75,0.018768809849521007
tree_cancer,optuna_tpe,9,16,80,0.018768809849521007
tree_cancer,optuna_tpe,9,17,85,0.018768809849521007
tree_cancer,optuna_tpe,9,18,90,0.018768809849521007
tree_cancer,optuna_tpe,9,19,95,0.018768809849521007
tree_cancer,optuna_tpe,9,20,100,0.018768809849521007
tree_cancer,optuna_tpe,9,21,105,0.018768809849521007
tree_cancer,optuna_tpe,9,22,110,0.018768809849521007
tree_cancer,optuna_tpe,9,23,115,0.018768809849521007
tree_cancer,optuna_tpe,9,24,120,0.018768809849521007
tree_cancer,optuna_tpe,9,25,125,0.018768809849521007
tree_cancer,optuna_tpe,9,26,130,0.018768809849521007
tree_cancer,optuna_tpe,9,27,135,0.018768809849521007
tree_cancer,optuna_tpe,9,28,140,0.018768809849521007
tree_cancer,optuna_tpe,9,29,145,0.018768809849521007
tree_cancer,optuna_tpe,9,30,150,0.018768809849521007
tree_cancer,optuna_tpe,9,31,155,0.018768809849521007
tree_cancer,optuna_tpe,9,32,160,0.018768809849521007
tree_cancer,optuna_tpe,9,33,165,0.018768809849521007
tree_cancer,optuna_tpe,9,34,170,0.018768809849521007
tree_cancer,optuna_tpe,9,35,175,0.018768809849521007
tree_cancer,optuna_tpe,9,36,180,0.018768809849521007
tree_cancer,optuna_tpe,9,37,185,0.018768809849521007
tree_cancer,optuna_tpe,9,38,190,0.018768809849521007
tree_cancer,optuna_tpe,9,39,195,0.018768809849521007
tree_cancer,optuna_tpe,9,40,200,0.018768809849521007
tree_cancer,optuna_tpe,9,41,205,0.018768809849521007
tree_cancer,optuna_tpe,9,42,210,0.018768809849521007
tree_cancer,optuna_tpe,9,43,215,0.018768809849521007
tree_cancer,optuna_tpe,9,44,220,0.018768809849521007
tree_cancer,optuna_tpe,9,45,225,0.018768809849521007
tree_cancer,optuna_tpe,9,46,230,0.018768809849521007
tree_cancer,optuna_tpe,9,47,235,0.018768809849521007
tree_cancer,optuna_tpe,9,48,240,0.018768809849521007
tree_cancer,optuna_tpe,9,49,245,0.018768809849521007
tree_cancer,optuna_tpe,9,50,250,0.018768809849521007
tree_cancer,optuna_tpe,9,51,255,0.018768809849521007
tree_cancer,optuna_tpe,9,52,260,0.018768809849521007
tree_cancer,optuna_tpe,9,53,265,0.018768809849521007
tree_cancer,optuna_tpe,9,54,270,0.018768809849521007
tree_cancer,optuna_tpe,9,55,275,0.018768809849521007
tree_cancer,optuna_tpe,9,56,280,0.018768809849521007
tree_cancer,optuna_tpe,9,57,285,0.018768809849521007
tree_cancer,optuna_tpe,9,58,290,0.018768809849521007
tree_cancer,optuna_tpe,9,59,295,0.018768809849521007
tree_cancer,optuna_tpe,9,60,300,0.018768809849521007
hgb_synth,ags_default,0,1,5,0.019516434892541068
hgb_synth,ags_default,0,2,10,0.019516434892541068
hgb_synth,ags_default,0,3,15,0.019516434892541068
hgb_synth,ags_default,0,4,20,0.012183944374209665
hgb_synth,ags_default,0,5,25,0.012183944374209665
hgb_synth,ags_default,0,6,30,0.012183944374209665
hgb_synth,ags_default,0,7,35,0.012183944374209665
hgb_synth,ags_default,0,8,40,0.004851453855878485
hgb_synth,ags_default,0,9,45,0.004851453855878485
hgb_synth,ags_default,0,10,50,0.004851453855878485
hgb_synth,ags_default,0,11,55,0.004851453855878485
hgb_synth,ags_default,0,12,60,0.004851453855878485
hgb_synth,ags_default,0,13,65,0.004851453855878485
hgb_synth,ags_default,0,14,67,0.004851453855878485
hgb_synth,ags_default,0,15,72,0.004851453855878485
hgb_synth,ags_default,0,16,77,0.004851453855878485
hgb_synth,ags_default,0,17,82,0.004851453855878485
hgb_synth,ags_default,0,18,85,0.004851453855878485
hgb_synth,ags_default,0,19,90,0.004851453855878485
hgb_synth,ags_default,0,20,95,0.004851453855878485
hgb_synth,ags_default,0,21,100,0.004851453855878485
hgb_synth,ags_default,0,22,105,0.004851453855878485
hgb_synth,ags_default,0,23,110,0.004851453855878485
hgb_synth,ags_default,0,24,115,0.004851453855878485
hgb_synth,ags_default,0,25,120,0.004851453855878485
hgb_synth,ags_default,0,26,124,0.004851453855878485
hgb_synth,ags_default,0,27,126,0.004851453855878485
hgb_synth,ags_default,0,28,131,0.002180783817952059
hgb_synth,ags_default,0,29,136,0.002180783817952059
hgb_synth,ags_default,0,30,141,0.002180783817952059
hgb_synth,ags_default,0,31,146,0.002180783817952059
hgb_synth,ags_default,0,32,151,0.002180783817952059
hgb_synth,ags_default,0,33,156,0.002180783817952059
hgb_synth,ags_default,0,34,161,0.002180783817952059
hgb_synth,ags_default,0,35,166,0.002180783817952059
hgb_synth,ags_default,0,36,171,0.002180783817952059
hgb_synth,ags_default,0,37,176,0.002180783817952059
hgb_synth,ags_default,0,38,181,0.002180783817952059
hgb_synth,ags_default,0,39,186,0.004946270543615627
hgb_synth,ags_default,0,40,191,0.004946270543615627
hgb_synth,ags_default,1,1,5,0.014151390644753459
hgb_synth,ags_default,1,2,10,0.014151390644753459
hgb_synth,ags_default,1,3,15,0.014151390644753459
hgb_synth,ags_default,1,4,20,0.011852085967130055
hgb_synth,ags_default,1,5,25,0.011852085967130055
hgb_synth,ags_default,1,6,30,0.011852085967130055
hgb_synth,ags_default,1,7,35,0.005025284450063228
hgb_synth,ags_default,1,8,40,0.005025284450063228
hgb_synth,ags_default,1,9,45,0.005025284450063228
hgb_synth,ags_default,1,10,50,0.005025284450063228
hgb_synth,ags_default,1,11,55,0.005025284450063228
hgb_synth,ags_default,1,12,60,0.005025284450063228
hgb_synth,ags_default,1,13,65,0.005025284450063228
hgb_synth,ags_default,1,14,70,0.005025284450063228
hgb_synth,ags_default,1,15,75,0.005025284450063228
hgb_synth,ags_default,1,16,80,0.005025284450063228
hgb_synth,ags_default,1,17,85,0.005025284450063228
hgb_synth,ags_default,1,18,90,0.005025284450063228
hgb_synth,ags_default,1,19,92,0.005025284450063228
hgb_synth,ags_default,1,20,94,0.005025284450063228
hgb_synth,ags_default,1,21,99,0.005025284450063228
hgb_synth,ags_default,1,22,101,0.005025284450063228
hgb_synth,ags_default,1,23,105,0.005025284450063228
hgb_synth,ags_default,1,24,107,0.005025284450063228
hgb_synth,ags_default,1,25,112,0.005025284450063228
hgb_synth,ags_default,1,26,114,0.005025284450063228
hgb_synth,ags_default,1,27,119,0.005025284450063228
hgb_synth,ags_default,1,28,121,0.005025284450063228
hgb_synth,ags_default,1,29,123,0.005025284450063228
hgb_synth,ags_default,1,30,128,0.005025284450063228
hgb_synth,ags_default,1,31,133,0.005025284450063228
hgb_synth,ags_default,1,32,138,0.005025284450063228
hgb_synth,ags_default,1,33,143,0.005025284450063228
hgb_synth,ags_default,1,34,145,0.005025284450063228
hgb_synth,ags_default,1,35,150,0.005025284450063228
hgb_synth,ags_default,1,36,155,0.005025284450063228
hgb_synth,ags_default,1,37,160,0.005025284450063228
hgb_synth,ags_default,1,38,163,0.005025284450063228
hgb_synth,ags_default,1,39,168,0.005025284450063228
hgb_synth,ags_default,1,40,172,0.005025284450063228
hgb_synth,ags_default,2,1,5,0.010050568900126455
hgb_synth,ags_default,2,2,10,0.010050568900126455
hgb_synth,ags_default,2,3,15,0.010050568900126455
hgb_synth,ags_default,2,4,20,0.007806573957016449
hgb_synth,ags_default,2,5,25,0.007806573957016449
hgb_synth,ags_default,2,6,30,0.007806573957016449
hgb_synth,ags_default,2,7,35,0.00839127686472807
hgb_synth,ags_default,2,8,40,0.00839127686472807
hgb_synth,ags_default,2,9,45,0.00839127686472807
hgb_synth,ags_default,2,10,50,0.00839127686472807
hgb_synth,ags_default,2,11,55,0.00839127686472807
hgb_synth,ags_default,2,12,60,0.00839127686472807
hgb_synth,ags_default,2,13,63,0.00839127686472807
hgb_synth,ags_default,2,14,67,0.00839127686472807
hgb_synth,ags_default,2,15,72,0.00651074589127687
hgb_synth,ags_default,2,16,74,0.00651074589127687
hgb_synth,ags_default,2,17,79,0.00651074589127687
hgb_synth,ags_default,2,18,84,0.00651074589127687
hgb_synth,ags_default,2,19,86,0.00651074589127687
hgb_synth,ags_default,2,20,91,0.00651074589127687
hgb_synth,ags_default,2,21,96,0.00651074589127687
hgb_synth,ags_default,2,22,101,0.00651074589127687
hgb_synth,ags_default,2,23,106,0.00651074589127687
hgb_synth,ags_default,2,24,111,0.00651074589127687
hgb_synth,ags_default,2,25,116,0.00651074589127687
hgb_synth,ags_default,2,26,121,0.00651074589127687
hgb_synth,ags_default,2,27,125,0.00651074589127687
hgb_synth,ags_default,2,28,130,0.00651074589127687
hgb_synth,ags_default,2,29,135,0.00651074589127687
hgb_synth,ags_default,2,30,137,0.00651074589127687
hgb_synth,ags_default,2,31,142,0.00651074589127687
hgb_synth,ags_default,2,32,147,0.00651074589127687
hgb_synth,ags_default,2,33,149,0.00651074589127687
hgb_synth,ags_default,2,34,154,0.00651074589127687
hgb_synth,ags_default,2,35,156,0.00651074589127687
hgb_synth,ags_default,2,36,161,0.00651074589127687
hgb_synth,ags_default,2,37,166,0.00651074589127687
hgb_synth,ags_default,2,38,169,0.00651074589127687
hgb_synth,ags_default,2,39,172,0.00651074589127687
hgb_synth,ags_default,2,40,177,0.00651074589127687
hgb_synth,ags_default,3,1,5,0.02084386852085962
hgb_synth,ags_default,3,2,10,0.01774652338811622
hgb_synth,ags_default,3,3,15,0.01774652338811622
hgb_synth,ags_default,3,4,20,0.019516434892541068
hgb_synth,ags_default,3,5,25,0.019516434892541068
hgb_synth,ags_default,3,6,30,0.019516434892541068
hgb_synth,ags_default,3,7,35,0.012183944374209665
hgb_synth,ags_default,3,8,40,0.012183944374209665
hgb_synth,ags_default,3,9,45,0.012183944374209665
hgb_synth,ags_default,3,10,50,0.012183944374209665
hgb_synth,ags_default,3,11,55,0.012183944374209665
hgb_synth,ags_default,3,12,60,0.012183944374209665
hgb_synth,ags_default,3,13,65,0.012183944374209665
hgb_synth,ags_default,3,14,70,0.012183944374209665
hgb_synth,ags_default,3,15,75,0.012183944374209665
hgb_synth,ags_default,3,16,80,0.012183944374209665
hgb_synth,ags_default,3,17,82,0.012183944374209665
hgb_synth,ags_default,3,18,87,0.012183944374209665
hgb_synth,ags_default,3,19,92,0.012183944374209665
hgb_synth,ags_default,3,20,94,0.012183944374209665
hgb_synth,ags_default,3,21,96,0.012183944374209665
hgb_synth,ags_default,3,22,98,0.012183944374209665
hgb_synth,ags_default,3,23,103,0.012183944374209665
hgb_synth,ags_default,3,24,105,0.012183944374209665
hgb_synth,ags_default,3,25,110,0.012183944374209665
hgb_synth,ags_default,3,26,115,0.012183944374209665
hgb_synth,ags_default,3,27,120,0.012183944374209665
hgb_synth,ags_default,3,28,122,0.012183944374209665
hgb_synth,ags_default,3,29,127,0.012183944374209665
hgb_synth,ags_default,3,30,132,0.004851453855878485
hgb_synth,ags_default,3,31,134,0.004851453855878485
hgb_synth,ags_default,3,32,139,0.004851453855878485
hgb_synth,ags_default,3,33,144,0.004851453855878485
hgb_synth,ags_default,3,34,149,0.004851453855878485
hgb_synth,ags_default,3,35,154,0.004851453855878485
hgb_synth,ags_default,3,36,159,0.004851453855878485
hgb_synth,ags_default,3,37,164,0.004851453855878485
hgb_synth,ags_default,3,38,169,0.004851453855878485
hgb_synth,ags_default,3,39,172,0.004851453855878485
hgb_synth,ags_default,3,40,177,0.004851453855878485
hgb_synth,ags_default,4,1,5,0.004156131479140401
hgb_synth,ags_default,4,2,10,0.004156131479140401
hgb_synth,ags_default,4,3,15,0.004156131479140401
hgb_synth,ags_default,4,4,20,0.004156131479140401
hgb_synth,ags_default,4,5,25,0.004156131479140401
hgb_synth,ags_default,4,6,30,0.004156131479140401
hgb_synth,ags_default,4,7,35,0.004156131479140401
hgb_synth,ags_default,4,8,40,0.004156131479140401
hgb_synth,ags_default,4,9,45,0.004156131479140401
hgb_synth,ags_default,4,10,50,0.004156131479140401
hgb_synth,ags_default,4,11,55,0.004156131479140401
hgb_synth,ags_default,4,12,60,0.004156131479140401
hgb_synth,ags_default,4,13,65,0.004156131479140401
hgb_synth,ags_default,4,14,70,0.004156131479140401
hgb_synth,ags_default,4,15,75,0.004156131479140401
hgb_synth,ags_default,4,16,80,0.004156131479140401
hgb_synth,ags_default,4,17,85,0.004156131479140401
hgb_synth,ags_default,4,18,90,0.004156131479140401
hgb_synth,ags_default,4,19,94,0.004156131479140401
hgb_synth,ags_default,4,20,99,0.004156131479140401
hgb_synth,ags_default,4,21,104,0.004156131479140401
hgb_synth,ags_default,4,22,106,0.004156131479140401
hgb_synth,ags_default,4,23,110,0.004156131479140401
hgb_synth,ags_default,4,24,115,0.004156131479140401
hgb_synth,ags_default,4,25,119,0.004156131479140401
hgb_synth,ags_default,4,26,124,0.004156131479140401
hgb_synth,ags_default,4,27,129,0.004156131479140401
hgb_synth,ags_default,4,28,134,0.004156131479140401
hgb_synth,ags_default,4,29,139,0.004156131479140401
hgb_synth,ags_default,4,30,144,0.004156131479140401
hgb_synth,ags_default,4,31,149,0.004156131479140401
hgb_synth,ags_default,4,32,154,0.004156131479140401
hgb_synth,ags_default,4,33,159,0.004156131479140401
hgb_synth,ags_default,4,34,164,0.004156131479140401
hgb_synth,ags_default,4,35,166,0.004156131479140401
hgb_synth,ags_default,4,36,171,0.004156131479140401
hgb_synth,ags_default,4,37,173,0.004156131479140401
hgb_synth,ags_default,4,38,178,0.004156131479140401
hgb_synth,ags_default,4,39,180,0.004156131479140401
hgb_synth,ags_default,4,40,185,0.004156131479140401
hgb_synth,ags_default,5,1,5,0.008707332490518471
hgb_synth,ags_default,5,2,10,0.008707332490518471
hgb_synth,ags_default,5,3,15,0.008707332490518471
hgb_synth,ags_default,5,4,20,0.008707332490518471
hgb_synth,ags_default,5,5,25,0.008707332490518471
hgb_synth,ags_default,5,6,30,0.008707332490518471
hgb_synth,ags_default,5,7,35,0.004661820480404422
hgb_synth,ags_default,5,8,40,0.004661820480404422
hgb_synth,ags_default,5,9,45,0.004661820480404422
hgb_synth,ags_default,5,10,50,0.004661820480404422
hgb_synth,ags_default,5,11,55,0.004661820480404422
hgb_synth,ags_default,5,12,60,0.004661820480404422
hgb_synth,ags_default,5,13,65,0.004661820480404422
hgb_synth,ags_default,5,14,70,0.004661820480404422
hgb_synth,ags_default,5,15,75,0.004661820480404422
hgb_synth,ags_default,5,16,77,0.004661820480404422
hgb_synth,ags_default,5,17,82,0.011409608091023982
hgb_synth,ags_default,5,18,87,0.011409608091023982
hgb_synth,ags_default,5,19,92,0.0015012642225031847
hgb_synth,ags_default,5,20,97,0.0015012642225031847
hgb_synth,ags_default,5,21,99,0.0015012642225031847
hgb_synth,ags_default,5,22,104,0.0015012642225031847
hgb_synth,ags_default,5,23,108,0.0015012642225031847
hgb_synth,ags_default,5,24,113,0.0015012642225031847
hgb_synth,ags_default,5,25,118,0.0015012642225031847
hgb_synth,ags_default,5,26,123,0.0015012642225031847
hgb_synth,ags_default,5,27,128,0.0015012642225031847
hgb_synth,ags_default,5,28,133,0.0015012642225031847
hgb_synth,ags_default,5,29,138,0.0015012642225031847
hgb_synth,ags_default,5,30,143,0.0015012642225031847
hgb_synth,ags_default,5,31,145,0.0015012642225031847
hgb_synth,ags_default,5,32,150,0.0015012642225031847
hgb_synth,ags_default,5,33,152,0.0015012642225031847
hgb_synth,ags_default,5,34,157,0.0015012642225031847
hgb_synth,ags_default,5,35,162,0.0015012642225031847
hgb_synth,ags_default,5,36,167,0.0015012642225031847
hgb_synth,ags_default,5,37,171,0.0015012642225031847
hgb_synth,ags_default,5,38,173,0.0015012642225031847
hgb_synth,ags_default,5,39,178,0.0015012642225031847
hgb_synth,ags_default,5,40,180,0.0015012642225031847
hgb_synth,ags_default,6,1,5,0.007032237673830655
hgb_synth,ags_default,6,2,10,0.007032237673830655
hgb_synth,ags_default,6,3,15,0.007032237673830655
hgb_synth,ags_default,6,4,20,0.006005056890012628
hgb_synth,ags_default,6,5,25,0.006005056890012628
hgb_synth,ags_default,6,6,30,0.006005056890012628
hgb_synth,ags_default,6,7,35,0.01035082174462687
hgb_synth,ags_default,6,8,40,0.01035082174462687
hgb_synth,ags_default,6,9,45,0.01035082174462687
hgb_synth,ags_default,6,10,50,0.01035082174462687
hgb_synth,ags_default,6,11,55,0.01035082174462687
hgb_synth,ags_default,6,12,60,0.01035082174462687
hgb_synth,ags_default,6,13,65,0.01035082174462687
hgb_synth,ags_default,6,14,70,0.01035082174462687
hgb_synth,ags_default,6,15,75,0.01035082174462687
hgb_synth,ags_default,6,16,80,0.01035082174462687
hgb_synth,ags_default,6,17,85,0.01035082174462687
hgb_synth,ags_default,6,18,90,0.01035082174462687
hgb_synth,ags_default,6,19,95,0.01035082174462687
hgb_synth,ags_default,6,20,100,0.01035082174462687
hgb_synth,ags_default,6,21,103,0.01035082174462687
hgb_synth,ags_default,6,22,108,0.01035082174462687
hgb_synth,ags_default,6,23,113,0.01035082174462687
hgb_synth,ags_default,6,24,118,0.01035082174462687
hgb_synth,ags_default,6,25,123,0.01035082174462687
hgb_synth,ags_default,6,26,128,0.01035082174462687
hgb_synth,ags_default,6,27,133,0.01035082174462687
hgb_synth,ags_default,6,28,138,0.01035082174462687
hgb_synth,ags_default,6,29,143,0.01035082174462687
hgb_synth,ags_default,6,30,148,0.01035082174462687
hgb_synth,ags_default,6,31,150,0.01035082174462687
hgb_synth,ags_default,6,32,155,0.01035082174462687
hgb_synth,ags_default,6,33,160,0.01035082174462687
hgb_synth,ags_default,6,34,165,0.01035082174462687
hgb_synth,ags_default,6,35,170,0.01035082174462687
hgb_synth,ags_default,6,36,175,0.01035082174462687
hgb_synth,ags_default,6,37,180,0.01035082174462687
hgb_synth,ags_default,6,38,185,0.01035082174462687
hgb_synth,ags_default,6,39,190,0.01035082174462687
hgb_synth,ags_default,6,40,195,0.01035082174462687
hgb_synth,ags_default,7,1,5,0.008375474083438417
hgb_synth,ags_default,7,2,10,0.008375474083438417
hgb_synth,ags_default,7,3,15,0.008375474083438417
hgb_synth,ags_default,7,4,20,0.003286978508217464
hgb_synth,ags_default,7,5,25,0.003286978508217464
hgb_synth,ags_default,7,6,30,0.003286978508217464
hgb_synth,ags_default,7,7,35,0.003286978508217464
hgb_synth,ags_default,7,8,40,0.003286978508217464
hgb_synth,ags_default,7,9,45,0.002986725663716827
hgb_synth,ags_default,7,10,50,0.002986725663716827
hgb_synth,ags_default,7,11,55,0.002986725663716827
hgb_synth,ags_default,7,12,60,0.002986725663716827
hgb_synth,ags_default,7,13,65,0.002986725663716827
hgb_synth,ags_default,7,14,70,0.002986725663716827
hgb_synth,ags_default,7,15,75,0.002986725663716827
hgb_synth,ags_default,7,16,80,0.002986725663716827
hgb_synth,ags_default,7,17,85,0.002986725663716827
hgb_synth,ags_default,7,18,90,0.002986725663716827
hgb_synth,ags_default,7,19,95,0.002986725663716827
hgb_synth,ags_default,7,20,100,0.002986725663716827
hgb_synth,ags_default,7,21,105,0.002986725663716827
hgb_synth,ags_default,7,22,107,0.002986725663716827
hgb_synth,ags_default,7,23,112,0.002986725663716827
hgb_synth,ags_default,7,24,117,0.0038558786346396534
hgb_synth,ags_default,7,25,122,0.0038558786346396534
hgb_synth,ags_default,7,26,127,0.0038558786346396534
hgb_synth,ags_default,7,27,132,0.0038558786346396534
hgb_synth,ags_default,7,28,137,0.0038558786346396534
hgb_synth,ags_default,7,29,142,0.0038558786346396534
hgb_synth,ags_default,7,30,147,0.0038558786346396534
hgb_synth,ags_default,7,31,152,0.0038558786346396534
hgb_synth,ags_default,7,32,157,0.0038558786346396534
hgb_synth,ags_default,7,33,162,0.0038558786346396534
hgb_synth,ags_default,7,34,167,0.0038558786346396534
hgb_synth,ags_default,7,35,172,0.0038558786346396534
hgb_synth,ags_default,7,36,177,0.0038558786346396534
hgb_synth,ags_default,7,37,182,0.0038558786346396534
hgb_synth,ags_default,7,38,187,0.0038558786346396534
hgb_synth,ags_default,7,39,192,0.0038558786346396534
hgb_synth,ags_default,7,40,195,0.0038558786346396534
hgb_synth,ags_default,8,1,5,0.002560050568900074
hgb_synth,ags_default,8,2,10,0.002560050568900074
hgb_synth,ags_default,8,3,15,0.002560050568900074
hgb_synth,ags_default,8,4,20,0.002560050568900074
hgb_synth,ags_default,8,5,25,0.002560050568900074
hgb_synth,ags_default,8,6,30,0.002560050568900074
hgb_synth,ags_default,8,7,35,0.002560050568900074
hgb_synth,ags_default,8,8,40,0.002560050568900074
hgb_synth,ags_default,8,9,45,0.002560050568900074
hgb_synth,ags_default,8,10,50,0.002560050568900074
hgb_synth,ags_default,8,11,55,0.002560050568900074
hgb_synth,ags_default,8,12,60,0.002560050568900074
hgb_synth,ags_default,8,13,65,0.002560050568900074
hgb_synth,ags_default,8,14,70,0.002560050568900074
hgb_synth,ags_default,8,15,75,0.002560050568900074
hgb_synth,ags_default,8,16,80,0.002560050568900074
hgb_synth,ags_default,8,17,85,0.002560050568900074
hgb_synth,ags_default,8,18,90,0.002560050568900074
hgb_synth,ags_default,8,19,95,0.002560050568900074
hgb_synth,ags_default,8,20,100,0.002560050568900074
hgb_synth,ags_default,8,21,105,0.002560050568900074
hgb_synth,ags_default,8,22,110,0.002560050568900074
hgb_synth,ags_default,8,23,115,0.002560050568900074
hgb_synth,ags_default,8,24,117,0.002560050568900074
hgb_synth,ags_default,8,25,122,0.002560050568900074
hgb_synth,ags_default,8,26,127,0.002560050568900074
hgb_synth,ags_default,8,27,132,0.002560050568900074
hgb_synth,ags_default,8,28,137,0.002560050568900074
hgb_synth,ags_default,8,29,140,0.002560050568900074
hgb_synth,ags_default,8,30,145,0.002560050568900074
hgb_synth,ags_default,8,31,150,0.002560050568900074
hgb_synth,ags_default,8,32,155,0.002560050568900074
hgb_synth,ags_default,8,33,157,0.002560050568900074
hgb_synth,ags_default,8,34,159,0.002560050568900074
hgb_synth,ags_default,8,35,164,0.002560050568900074
hgb_synth,ags_default,8,36,169,0.002560050568900074
hgb_synth,ags_default,8,37,171,0.002560050568900074
hgb_synth,ags_default,8,38,173,0.002560050568900074
hgb_synth,ags_default,8,39,178,0.002560050568900074
hgb_synth,ags_default,8,40,183,0.002560050568900074
hgb_synth,ags_default,9,1,5,0.019974715549936795
hgb_synth,ags_default,9,2,10,0.012579013906447445
hgb_synth,ags_default,9,3,15,0.007948798988621997
hgb_synth,ags_default,9,4,20,0.007948798988621997
hgb_synth,ags_default,9,5,25,0.007948798988621997
hgb_synth,ags_default,9,6,30,0.007364096080910043
hgb_synth,ags_default,9,7,35,0.007364096080910043
hgb_synth,ags_default,9,8,40,0.002496839443742016
hgb_synth,ags_default,9,9,45,0.002496839443742016
hgb_synth,ags_default,9,10,50,0.002496839443742016
hgb_synth,ags_default,9,11,55,0.004061314791403259
hgb_synth,ags_default,9,12,60,0.004061314791403259
hgb_synth,ags_default,9,13,65,0.004061314791403259
hgb_synth,ags_default,9,14,70,0.004061314791403259
hgb_synth,ags_default,9,15,72,0.004061314791403259
hgb_synth,ags_default,9,16,77,0.004061314791403259
hgb_synth,ags_default,9,17,82,0.004061314791403259
hgb_synth,ags_default,9,18,87,0.004061314791403259
hgb_synth,ags_default,9,19,89,0.004061314791403259
hgb_synth,ags_default,9,20,91,0.004061314791403259
hgb_synth,ags_default,9,21,93,0.004061314791403259
hgb_synth,ags_default,9,22,98,0.004061314791403259
hgb_synth,ags_default,9,23,103,0.004061314791403259
hgb_synth,ags_default,9,24,108,0.004061314791403259
hgb_synth,ags_default,9,25,113,0.004061314791403259
hgb_synth,ags_default,9,26,117,0.004061314791403259
hgb_synth,ags_default,9,27,119,0.004061314791403259
hgb_synth,ags_default,9,28,124,0.0047724399494312175
hgb_synth,ags_default,9,29,129,0.0047724399494312175
hgb_synth,ags_default,9,30,131,0.0047724399494312175
hgb_synth,ags_default,9,31,133,0.0047724399494312175
hgb_synth,ags_default,9,32,137,0.0047724399494312175
hgb_synth,ags_default,9,33,142,0.0047724399494312175
hgb_synth,ags_default,9,34,144,0.0047724399494312175
hgb_synth,ags_default,9,35,147,0.0047724399494312175
hgb_synth,ags_default,9,36,150,0.0047724399494312175
hgb_synth,ags_default,9,37,155,0.0047724399494312175
hgb_synth,ags_default,9,38,158,0.0047724399494312175
hgb_synth,ags_default,9,39,160,0.0047724399494312175
hgb_synth,ags_default,9,40,165,0.0047724399494312175
hgb_synth,ags_1_climber,0,1,5,0.019516434892541068
hgb_synth,ags_1_climber,0,2,10,0.019200379266751222
hgb_synth,ags_1_climber,0,3,15,0.007253476611883691
hgb_synth,ags_1_climber,0,4,20,0.011362199747155688
hgb_synth,ags_1_climber,0,5,25,0.005388748419721812
hgb_synth,ags_1_climber,0,6,30,0.005388748419721812
hgb_synth,ags_1_climber,0,7,35,0.005388748419721812
hgb_synth,ags_1_climber,0,8,40,0.005388748419721812
hgb_synth,ags_1_climber,0,9,45,0.005388748419721812
hgb_synth,ags_1_climber,0,10,50,0.005388748419721812
hgb_synth,ags_1_climber,0,11,55,0.005388748419721812
hgb_synth,ags_1_climber,0,12,60,0.0026548672566372167
hgb_synth,ags_1_climber,0,13,65,0.0026548672566372167
hgb_synth,ags_1_climber,0,14,67,0.0026548672566372167
hgb_synth,ags_1_climber,0,15,72,0.0026548672566372167
hgb_synth,ags_1_climber,0,16,77,0.0026548672566372167
hgb_synth,ags_1_climber,0,17,82,0.0026548672566372167
hgb_synth,ags_1_climber,0,18,87,0.0026548672566372167
hgb_synth,ags_1_climber,0,19,92,0.0026548672566372167
hgb_synth,ags_1_climber,0,20,94,0.0026548672566372167
hgb_synth,ags_1_climber,0,21,99,0.0026548672566372167
hgb_synth,ags_1_climber,0,22,104,0.009244627054361687
hgb_synth,ags_1_climber,0,23,106,0.009244627054361687
hgb_synth,ags_1_climber,0,24,111,0.009244627054361687
hgb_synth,ags_1_climber,0,25,113,0.009244627054361687
hgb_synth,ags_1_climber,0,26,118,0.009244627054361687
hgb_synth,ags_1_climber,0,27,121,0.009244627054361687
hgb_synth,ags_1_climber,0,28,124,0.009244627054361687
hgb_synth,ags_1_climber,0,29,129,0.009244627054361687
hgb_synth,ags_1_climber,0,30,134,0.009244627054361687
hgb_synth,ags_1_climber,0,31,139,0.009244627054361687
hgb_synth,ags_1_climber,0,32,141,0.009244627054361687
hgb_synth,ags_1_climber,0,33,143,0.009244627054361687
hgb_synth,ags_1_climber,0,34,145,0.009244627054361687
hgb_synth,ags_1_climber,0,35,150,0.009244627054361687
hgb_synth,ags_1_climber,0,36,155,0.009244627054361687
hgb_synth,ags_1_climber,0,37,157,0.009244627054361687
hgb_synth,ags_1_climber,0,38,162,0.009244627054361687
hgb_synth,ags_1_climber,0,39,167,0.009244627054361687
hgb_synth,ags_1_climber,0,40,172,0.009244627054361687
hgb_synth,ags_1_climber,1,1,5,0.014151390644753459
hgb_synth,ags_1_climber,1,2,10,0.009805625790139216
hgb_synth,ags_1_climber,1,3,15,0.00715865992414666
hgb_synth,ags_1_climber,1,4,20,0.011852085967130055
hgb_synth,ags_1_climber,1,5,25,0.011852085967130055
hgb_synth,ags_1_climber,1,6,30,0.011852085967130055
hgb_synth,ags_1_climber,1,7,35,0.011852085967130055
hgb_synth,ags_1_climber,1,8,40,0.011852085967130055
hgb_synth,ags_1_climber,1,9,45,0.011852085967130055
hgb_synth,ags_1_climber,1,10,50,0.011852085967130055
hgb_synth,ags_1_climber,1,11,55,0.011852085967130055
hgb_synth,ags_1_climber,1,12,58,0.011852085967130055
hgb_synth,ags_1_climber,1,13,63,0.011852085967130055
hgb_synth,ags_1_climber,1,14,68,0.006005056890012628
hgb_synth,ags_1_climber,1,15,73,0.005025284450063228
hgb_synth,ags_1_climber,1,16,78,0.005025284450063228
hgb_synth,ags_1_climber,1,17,83,0.005025284450063228
hgb_synth,ags_1_climber,1,18,88,0.005025284450063228
hgb_synth,ags_1_climber,1,19,90,0.005025284450063228
hgb_synth,ags_1_climber,1,20,93,0.005025284450063228
hgb_synth,ags_1_climber,1,21,97,0.005025284450063228
hgb_synth,ags_1_climber,1,22,101,0.005025284450063228
hgb_synth,ags_1_climber,1,23,106,0.005025284450063228
hgb_synth,ags_1_climber,1,24,111,0.005025284450063228
hgb_synth,ags_1_climber,1,25,116,0.005025284450063228
hgb_synth,ags_1_climber,1,26,121,0.005025284450063228
hgb_synth,ags_1_climber,1,27,126,0.005025284450063228
hgb_synth,ags_1_climber,1,28,128,0.005025284450063228
hgb_synth,ags_1_climber,1,29,130,0.005025284450063228
hgb_synth,ags_1_climber,1,30,135,0.005025284450063228
hgb_synth,ags_1_climber,1,31,140,0.005025284450063228
hgb_synth,ags_1_climber,1,32,145,0.005025284450063228
hgb_synth,ags_1_climber,1,33,150,0.005025284450063228
hgb_synth,ags_1_climber,1,34,154,0.005025284450063228
hgb_synth,ags_1_climber,1,35,159,0.005025284450063228
hgb_synth,ags_1_climber,1,36,164,0.005025284450063228
hgb_synth,ags_1_climber,1,37,166,0.005025284450063228
hgb_synth,ags_1_climber,1,38,168,0.005025284450063228
hgb_synth,ags_1_climber,1,39,170,0.005025284450063228
hgb_synth,ags_1_climber,1,40,175,0.005025284450063228
hgb_synth,ags_1_climber,2,1,5,0.010050568900126455
hgb_synth,ags_1_climber,2,2,10,0.010050568900126455
hgb_synth,ags_1_climber,2,3,15,0.006795195954487854
hgb_synth,ags_1_climber,2,4,20,0.006795195954487854
hgb_synth,ags_1_climber,2,5,25,0.006795195954487854
hgb_synth,ags_1_climber,2,6,30,0.006795195954487854
hgb_synth,ags_1_climber,2,7,35,0.006795195954487854
hgb_synth,ags_1_climber,2,8,40,0.00292351453855888
hgb_synth,ags_1_climber,2,9,45,0.00292351453855888
hgb_synth,ags_1_climber,2,10,50,0.00292351453855888
hgb_synth,ags_1_climber,2,11,52,0.00292351453855888
hgb_synth,ags_1_climber,2,12,54,0.00292351453855888
hgb_synth,ags_1_climber,2,13,56,0.00292351453855888
hgb_synth,ags_1_climber,2,14,61,0.00292351453855888
hgb_synth,ags_1_climber,2,15,63,0.00292351453855888
hgb_synth,ags_1_climber,2,16,66,0.00292351453855888
hgb_synth,ags_1_climber,2,17,71,0.00292351453855888
hgb_synth,ags_1_climber,2,18,74,0.00292351453855888
hgb_synth,ags_1_climber,2,19,79,0.00292351453855888
hgb_synth,ags_1_climber,2,20,84,0.00292351453855888
hgb_synth,ags_1_climber,2,21,86,0.00292351453855888
hgb_synth,ags_1_climber,2,22,88,0.00292351453855888
hgb_synth,ags_1_climber,2,23,90,0.00292351453855888
hgb_synth,ags_1_climber,2,24,93,0.00292351453855888
hgb_synth,ags_1_climber,2,25,96,0.00292351453855888
hgb_synth,ags_1_climber,2,26,98,0.00292351453855888
hgb_synth,ags_1_climber,2,27,101,0.00292351453855888
hgb_synth,ags_1_climber,2,28,105,0.00292351453855888
hgb_synth,ags_1_climber,2,29,110,0.00292351453855888
hgb_synth,ags_1_climber,2,30,115,0.00292351453855888
hgb_synth,ags_1_climber,2,31,117,0.00292351453855888
hgb_synth,ags_1_climber,2,32,120,0.00292351453855888
hgb_synth,ags_1_climber,2,33,125,0.00292351453855888
hgb_synth,ags_1_climber,2,34,130,0.00292351453855888
hgb_synth,ags_1_climber,2,35,135,0.00292351453855888
hgb_synth,ags_1_climber,2,36,140,0.00292351453855888
hgb_synth,ags_1_climber,2,37,145,0.00292351453855888
hgb_synth,ags_1_climber,2,38,150,0.00292351453855888
hgb_synth,ags_1_climber,2,39,155,0.00292351453855888
hgb_synth,ags_1_climber,2,40,160,0.00292351453855888
hgb_synth,ags_1_climber,3,1,5,0.02084386852085962
hgb_synth,ags_1_climber,3,2,10,0.012586915297092438
hgb_synth,ags_1_climber,3,3,15,0.012586915297092438
hgb_synth,ags_1_climber,3,4,20,0.011488621997471471
hgb_synth,ags_1_climber,3,5,25,0.012183944374209665
hgb_synth,ags_1_climber,3,6,30,0.012183944374209665
hgb_synth,ags_1_climber,3,7,35,0.012183944374209665
hgb_synth,ags_1_climber,3,8,40,0.012183944374209665
hgb_synth,ags_1_climber,3,9,45,0.012183944374209665
hgb_synth,ags_1_climber,3,10,50,0.012183944374209665
hgb_synth,ags_1_climber,3,11,55,0.012183944374209665
hgb_synth,ags_1_climber,3,12,60,0.012183944374209665
hgb_synth,ags_1_climber,3,13,65,0.012183944374209665
hgb_synth,ags_1_climber,3,14,67,0.012183944374209665
hgb_synth,ags_1_climber,3,15,72,0.012183944374209665
hgb_synth,ags_1_climber,3,16,77,0.012183944374209665
hgb_synth,ags_1_climber,3,17,82,0.012183944374209665
hgb_synth,ags_1_climber,3,18,87,0.012183944374209665
hgb_synth,ags_1_climber,3,19,91,0.012183944374209665
hgb_synth,ags_1_climber,3,20,96,0.002986725663716827
hgb_synth,ags_1_climber,3,21,101,0.002986725663716827
hgb_synth,ags_1_climber,3,22,106,0.002986725663716827
hgb_synth,ags_1_climber,3,23,111,0.002986725663716827
hgb_synth,ags_1_climber,3,24,113,0.002986725663716827
hgb_synth,ags_1_climber,3,25,117,0.002986725663716827
hgb_synth,ags_1_climber,3,26,119,0.002986725663716827
hgb_synth,ags_1_climber,3,27,124,0.002986725663716827
hgb_synth,ags_1_climber,3,28,127,0.002986725663716827
hgb_synth,ags_1_climber,3,29,132,0.002986725663716827
hgb_synth,ags_1_climber,3,30,137,0.002986725663716827
hgb_synth,ags_1_climber,3,31,142,0.002986725663716827
hgb_synth,ags_1_climber,3,32,147,0.002986725663716827
hgb_synth,ags_1_climber,3,33,149,0.002986725663716827
hgb_synth,ags_1_climber,3,34,151,0.002986725663716827
hgb_synth,ags_1_climber,3,35,153,0.002986725663716827
hgb_synth,ags_1_climber,3,36,158,0.002986725663716827
hgb_synth,ags_1_climber,3,37,160,0.002986725663716827
hgb_synth,ags_1_climber,3,38,162,0.002986725663716827
hgb_synth,ags_1_climber,3,39,166,0.002986725663716827
hgb_synth,ags_1_climber,3,40,168,0.002986725663716827
hgb_synth,ags_1_climber,4,1,5,0.004156131479140401
hgb_synth,ags_1_climber,4,2,10,0.0015012642225031847
hgb_synth,ags_1_climber,4,3,15,0.0015012642225031847
hgb_synth,ags_1_climber,4,4,20,0.0015012642225031847
hgb_synth,ags_1_climber,4,5,25,0.0015012642225031847
hgb_synth,ags_1_climber,4,6,30,0.0015012642225031847
hgb_synth,ags_1_climber,4,7,35,0.0015012642225031847
hgb_synth,ags_1_climber,4,8,40,0.0015012642225031847
hgb_synth,ags_1_climber,4,9,45,0.0015012642225031847
hgb_synth,ags_1_climber,4,10,50,0.0015012642225031847
hgb_synth,ags_1_climber,4,11,52,0.0015012642225031847
hgb_synth,ags_1_climber,4,12,54,0.0015012642225031847
hgb_synth,ags_1_climber,4,13,57,0.0015012642225031847
hgb_synth,ags_1_climber,4,14,61,0.0015012642225031847
hgb_synth,ags_1_climber,4,15,64,0.0015012642225031847
hgb_synth,ags_1_climber,4,16,68,0.0015012642225031847
hgb_synth,ags_1_climber,4,17,73,0.0015012642225031847
hgb_synth,ags_1_climber,4,18,78,0.0015012642225031847
hgb_synth,ags_1_climber,4,19,83,0.0015012642225031847
hgb_synth,ags_1_climber,4,20,88,0.0015012642225031847
hgb_synth,ags_1_climber,4,21,93,0.0015012642225031847
hgb_synth,ags_1_climber,4,22,98,0.0015012642225031847
hgb_synth,ags_1_climber,4,23,103,0.0015012642225031847
hgb_synth,ags_1_climber,4,24,107,0.0015012642225031847
hgb_synth,ags_1_climber,4,25,109,0.0015012642225031847
hgb_synth,ags_1_climber,4,26,111,0.0015012642225031847
hgb_synth,ags_1_climber,4,27,113,0.0015012642225031847
hgb_synth,ags_1_climber,4,28,115,0.0015012642225031847
hgb_synth,ags_1_climber,4,29,117,0.0015012642225031847
hgb_synth,ags_1_climber,4,30,119,0.0015012642225031847
hgb_synth,ags_1_climber,4,31,121,0.0015012642225031847
hgb_synth,ags_1_climber,4,32,126,0.0015012642225031847
hgb_synth,ags_1_climber,4,33,129,0.0015012642225031847
hgb_synth,ags_1_climber,4,34,131,0.0015012642225031847
hgb_synth,ags_1_climber,4,35,134,0.0015012642225031847
hgb_synth,ags_1_climber,4,36,137,0.0015012642225031847
hgb_synth,ags_1_climber,4,37,141,0.0015012642225031847
hgb_synth,ags_1_climber,4,38,145,0.0015012642225031847
hgb_synth,ags_1_climber,4,39,147,0.0015012642225031847
hgb_synth,ags_1_climber,4,40,149,0.0015012642225031847
hgb_synth,ags_1_climber,5,1,5,0.008707332490518471
hgb_synth,ags_1_climber,5,2,10,0.008707332490518471
hgb_synth,ags_1_climber,5,3,15,0.008707332490518471
hgb_synth,ags_1_climber,5,4,20,0.008707332490518471
hgb_synth,ags_1_climber,5,5,25,0.008707332490518471
hgb_synth,ags_1_climber,5,6,30,0.008707332490518471
hgb_synth,ags_1_climber,5,7,35,0.008707332490518471
hgb_synth,ags_1_climber,5,8,40,0.007806573957016449
hgb_synth,ags_1_climber,5,9,45,0.007806573957016449
hgb_synth,ags_1_climber,5,10,50,0.007806573957016449
hgb_synth,ags_1_climber,5,11,52,0.009402654867256888
hgb_synth,ags_1_climber,5,12,57,0.009402654867256888
hgb_synth,ags_1_climber,5,13,59,0.009402654867256888
hgb_synth,ags_1_climber,5,14,61,0.009402654867256888
hgb_synth,ags_1_climber,5,15,63,0.009402654867256888
hgb_synth,ags_1_climber,5,16,65,0.009402654867256888
hgb_synth,ags_1_climber,5,17,67,0.009402654867256888
hgb_synth,ags_1_climber,5,18,69,0.009402654867256888
hgb_synth,ags_1_climber,5,19,71,0.009402654867256888
hgb_synth,ags_1_climber,5,20,76,0.009402654867256888
hgb_synth,ags_1_climber,5,21,81,0.009402654867256888
hgb_synth,ags_1_climber,5,22,86,0.009402654867256888
hgb_synth,ags_1_climber,5,23,91,0.009402654867256888
hgb_synth,ags_1_climber,5,24,94,0.009402654867256888
hgb_synth,ags_1_climber,5,25,96,0.009402654867256888
hgb_synth,ags_1_climber,5,26,98,0.009402654867256888
hgb_synth,ags_1_climber,5,27,101,0.009402654867256888
hgb_synth,ags_1_climber,5,28,104,0.009402654867256888
hgb_synth,ags_1_climber,5,29,109,0.009402654867256888
hgb_synth,ags_1_climber,5,30,114,0.009402654867256888
hgb_synth,ags_1_climber,5,31,119,0.009402654867256888
hgb_synth,ags_1_climber,5,32,124,0.009402654867256888
hgb_synth,ags_1_climber,5,33,129,0.009402654867256888
hgb_synth,ags_1_climber,5,34,134,0.009402654867256888
hgb_synth,ags_1_climber,5,35,139,0.009402654867256888
hgb_synth,ags_1_climber,5,36,144,0.009402654867256888
hgb_synth,ags_1_climber,5,37,146,0.009402654867256888
hgb_synth,ags_1_climber,5,38,148,0.009402654867256888
hgb_synth,ags_1_climber,5,39,150,0.009402654867256888
hgb_synth,ags_1_climber,5,40,154,0.009402654867256888
hgb_synth,ags_1_climber,6,1,5,0.007032237673830655
hgb_synth,ags_1_climber,6,2,10,0.005025284450063228
hgb_synth,ags_1_climber,6,3,15,0.005025284450063228
hgb_synth,ags_1_climber,6,4,20,0.005025284450063228
hgb_synth,ags_1_climber,6,5,25,0.005025284450063228
hgb_synth,ags_1_climber,6,6,30,0.005025284450063228
hgb_synth,ags_1_climber,6,7,35,0.005025284450063228
hgb_synth,ags_1_climber,6,8,40,0.005025284450063228
hgb_synth,ags_1_climber,6,9,45,0.005025284450063228
hgb_synth,ags_1_climber,6,10,50,0.005025284450063228
hgb_synth,ags_1_climber,6,11,52,0.005025284450063228
hgb_synth,ags_1_climber,6,12,57,0.005025284450063228
hgb_synth,ags_1_climber,6,13,62,0.005025284450063228
hgb_synth,ags_1_climber,6,14,67,0.005025284450063228
hgb_synth,ags_1_climber,6,15,72,0.005025284450063228
hgb_synth,ags_1_climber,6,16,77,0.005025284450063228
hgb_synth,ags_1_climber,6,17,82,0.005025284450063228
hgb_synth,ags_1_climber,6,18,87,0.005025284450063228
hgb_synth,ags_1_climber,6,19,92,0.005025284450063228
hgb_synth,ags_1_climber,6,20,97,0.0010113780025282626
hgb_synth,ags_1_climber,6,21,102,0.0010113780025282626
hgb_synth,ags_1_climber,6,22,107,0.0010113780025282626
hgb_synth,ags_1_climber,6,23,112,0.0010113780025282626
hgb_synth,ags_1_climber,6,24,114,0.0010113780025282626
hgb_synth,ags_1_climber,6,25,117,0.0010113780025282626
hgb_synth,ags_1_climber,6,26,122,0.0010113780025282626
hgb_synth,ags_1_climber,6,27,124,0.0010113780025282626
hgb_synth,ags_1_climber,6,28,127,0.0010113780025282626
hgb_synth,ags_1_climber,6,29,129,0.0010113780025282626
hgb_synth,ags_1_climber,6,30,133,0.0010113780025282626
hgb_synth,ags_1_climber,6,31,138,0.006400126422250074
hgb_synth,ags_1_climber,6,32,143,0.006400126422250074
hgb_synth,ags_1_climber,6,33,148,0.006400126422250074
hgb_synth,ags_1_climber,6,34,151,0.006400126422250074
hgb_synth,ags_1_climber,6,35,155,0.006400126422250074
hgb_synth,ags_1_climber,6,36,158,0.006400126422250074
hgb_synth,ags_1_climber,6,37,162,0.006400126422250074
hgb_synth,ags_1_climber,6,38,165,0.006400126422250074
hgb_synth,ags_1_climber,6,39,169,0.006400126422250074
hgb_synth,ags_1_climber,6,40,171,0.006400126422250074
hgb_synth,ags_1_climber,7,1,5,0.008375474083438417
hgb_synth,ags_1_climber,7,2,10,0.008375474083438417
hgb_synth,ags_1_climber,7,3,15,0.008375474083438417
hgb_synth,ags_1_climber,7,4,20,0.008375474083438417
hgb_synth,ags_1_climber,7,5,25,0.008375474083438417
hgb_synth,ags_1_climber,7,6,30,0.008375474083438417
hgb_synth,ags_1_climber,7,7,35,0.008375474083438417
hgb_synth,ags_1_climber,7,8,40,0.008375474083438417
hgb_synth,ags_1_climber,7,9,45,0.004804045512010413
hgb_synth,ags_1_climber,7,10,50,0.004804045512010413
hgb_synth,ags_1_climber,7,11,52,0.004804045512010413
hgb_synth,ags_1_climber,7,12,54,0.004804045512010413
hgb_synth,ags_1_climber,7,13,59,0.004804045512010413
hgb_synth,ags_1_climber,7,14,64,0.004804045512010413
hgb_synth,ags_1_climber,7,15,69,0.004804045512010413
hgb_synth,ags_1_climber,7,16,74,0.004804045512010413
hgb_synth,ags_1_climber,7,17,79,0.004804045512010413
hgb_synth,ags_1_climber,7,18,84,0.005025284450063228
hgb_synth,ags_1_climber,7,19,89,0.005025284450063228
hgb_synth,ags_1_climber,7,20,91,0.005025284450063228
hgb_synth,ags_1_climber,7,21,93,0.005025284450063228
hgb_synth,ags_1_climber,7,22,98,0.00839127686472807
hgb_synth,ags_1_climber,7,23,103,0.00292351453855888
hgb_synth,ags_1_climber,7,24,108,0.00292351453855888
hgb_synth,ags_1_climber,7,25,113,0.00292351453855888
hgb_synth,ags_1_climber,7,26,118,0.00292351453855888
hgb_synth,ags_1_climber,7,27,120,0.00292351453855888
hgb_synth,ags_1_climber,7,28,123,0.00292351453855888
hgb_synth,ags_1_climber,7,29,126,0.00292351453855888
hgb_synth,ags_1_climber,7,30,129,0.00292351453855888
hgb_synth,ags_1_climber,7,31,132,0.00292351453855888
hgb_synth,ags_1_climber,7,32,134,0.00292351453855888
hgb_synth,ags_1_climber,7,33,139,0.00292351453855888
hgb_synth,ags_1_climber,7,34,144,0.00292351453855888
hgb_synth,ags_1_climber,7,35,149,0.00292351453855888
hgb_synth,ags_1_climber,7,36,151,0.00292351453855888
hgb_synth,ags_1_climber,7,37,153,0.00292351453855888
hgb_synth,ags_1_climber,7,38,155,0.00292351453855888
hgb_synth,ags_1_climber,7,39,160,0.00292351453855888
hgb_synth,ags_1_climber,7,40,165,0.00292351453855888
hgb_synth,ags_1_climber,8,1,5,0.002560050568900074
hgb_synth,ags_1_climber,8,2,10,0.002560050568900074
hgb_synth,ags_1_climber,8,3,15,0.002560050568900074
hgb_synth,ags_1_climber,8,4,20,0.002560050568900074
hgb_synth,ags_1_climber,8,5,25,0.002560050568900074
hgb_synth,ags_1_climber,8,6,30,0.002560050568900074
hgb_synth,ags_1_climber,8,7,35,0.002560050568900074
hgb_synth,ags_1_climber,8,8,40,0.002560050568900074
hgb_synth,ags_1_climber,8,9,45,0.002560050568900074
hgb_synth,ags_1_climber,8,10,50,0.002560050568900074
hgb_synth,ags_1_climber,8,11,55,0.002560050568900074
hgb_synth,ags_1_climber,8,12,60,0.002560050568900074
hgb_synth,ags_1_climber,8,13,65,0.0068426042983564805
hgb_synth,ags_1_climber,8,14,67,0.0068426042983564805
hgb_synth,ags_1_climber,8,15,69,0.0068426042983564805
hgb_synth,ags_1_climber,8,16,71,0.0068426042983564805
hgb_synth,ags_1_climber,8,17,74,0.0068426042983564805
hgb_synth,ags_1_climber,8,18,79,0.0068426042983564805
hgb_synth,ags_1_climber,8,19,84,0.0068426042983564805
hgb_synth,ags_1_climber,8,20,89,0.0068426042983564805
hgb_synth,ags_1_climber,8,21,94,0.0068426042983564805
hgb_synth,ags_1_climber,8,22,99,0.0068426042983564805
hgb_synth,ags_1_climber,8,23,104,0.0068426042983564805
hgb_synth,ags_1_climber,8,24,109,0.0068426042983564805
hgb_synth,ags_1_climber,8,25,111,0.0068426042983564805
hgb_synth,ags_1_climber,8,26,113,0.0068426042983564805
hgb_synth,ags_1_climber,8,27,115,0.0068426042983564805
hgb_synth,ags_1_climber,8,28,119,0.0068426042983564805
hgb_synth,ags_1_climber,8,29,121,0.0068426042983564805
hgb_synth,ags_1_climber,8,30,124,0.0068426042983564805
hgb_synth,ags_1_climber,8,31,127,0.0068426042983564805
hgb_synth,ags_1_climber,8,32,129,0.0068426042983564805
hgb_synth,ags_1_climber,8,33,132,0.0068426042983564805
hgb_synth,ags_1_climber,8,34,137,0.0068426042983564805
hgb_synth,ags_1_climber,8,35,139,0.0068426042983564805
hgb_synth,ags_1_climber,8,36,141,0.0068426042983564805
hgb_synth,ags_1_climber,8,37,146,0.0068426042983564805
hgb_synth,ags_1_climber,8,38,148,0.0068426042983564805
hgb_synth,ags_1_climber,8,39,153,0.0068426042983564805
hgb_synth,ags_1_climber,8,40,158,0.0068426042983564805
hgb_synth,ags_1_climber,9,1,5,0.019974715549936795
hgb_synth,ags_1_climber,9,2,10,0.012002212389380484
hgb_synth,ags_1_climber,9,3,15,0.00951327433628324
hgb_synth,ags_1_climber,9,4,20,0.00951327433628324
hgb_synth,ags_1_climber,9,5,25,0.00951327433628324
hgb_synth,ags_1_climber,9,6,30,0.00951327433628324
hgb_synth,ags_1_climber,9,7,35,0.003950695322376796
hgb_synth,ags_1_climber,9,8,40,0.0032079646017698638
hgb_synth,ags_1_climber,9,9,45,0.0032079646017698638
hgb_synth,ags_1_climber,9,10,50,0.0032079646017698638
hgb_synth,ags_1_climber,9,11,55,0.0032079646017698638
hgb_synth,ags_1_climber,9,12,60,0.0032079646017698638
hgb_synth,ags_1_climber,9,13,65,0.0032079646017698638
hgb_synth,ags_1_climber,9,14,67,0.0032079646017698638
hgb_synth,ags_1_climber,9,15,69,0.0032079646017698638
hgb_synth,ags_1_climber,9,16,74,0.0032079646017698638
hgb_synth,ags_1_climber,9,17,79,0.0032079646017698638
hgb_synth,ags_1_climber,9,18,84,0.0032079646017698638
hgb_synth,ags_1_climber,9,19,87,0.0032079646017698638
hgb_synth,ags_1_climber,9,20,92,0.0032079646017698638
hgb_synth,ags_1_climber,9,21,97,0.0032079646017698638
hgb_synth,ags_1_climber,9,22,101,0.0032079646017698638
hgb_synth,ags_1_climber,9,23,103,0.0032079646017698638
hgb_synth,ags_1_climber,9,24,108,0.0032079646017698638
hgb_synth,ags_1_climber,9,25,113,0.0032079646017698638
hgb_synth,ags_1_climber,9,26,118,0.0032079646017698638
hgb_synth,ags_1_climber,9,27,123,0.0032079646017698638
hgb_synth,ags_1_climber,9,28,128,0.0032079646017698638
hgb_synth,ags_1_climber,9,29,131,0.0032079646017698638
hgb_synth,ags_1_climber,9,30,136,0.0032079646017698638
hgb_synth,ags_1_climber,9,31,141,0.0032079646017698638
hgb_synth,ags_1_climber,9,32,146,0.0032079646017698638
hgb_synth,ags_1_climber,9,33,151,0.0032079646017698638
hgb_synth,ags_1_climber,9,34,156,0.0032079646017698638
hgb_synth,ags_1_climber,9,35,161,0.0032079646017698638
hgb_synth,ags_1_climber,9,36,166,0.0032079646017698638
hgb_synth,ags_1_climber,9,37,168,0.0032079646017698638
hgb_synth,ags_1_climber,9,38,173,0.0032079646017698638
hgb_synth,ags_1_climber,9,39,178,0.0032079646017698638
hgb_synth,ags_1_climber,9,40,183,0.0032079646017698638
hgb_synth,ags_no_prune,0,1,5,0.019516434892541068
hgb_synth,ags_no_prune,0,2,10,0.019516434892541068
hgb_synth,ags_no_prune,0,3,15,0.019516434892541068
hgb_synth,ags_no_prune,0,4,20,0.012183944374209665
hgb_synth,ags_no_prune,0,5,25,0.012183944374209665
hgb_synth,ags_no_prune,0,6,30,0.012183944374209665
hgb_synth,ags_no_prune,0,7,35,0.012183944374209665
hgb_synth,ags_no_prune,0,8,40,0.004851453855878485
hgb_synth,ags_no_prune,0,9,45,0.004851453855878485
hgb_synth,ags_no_prune,0,10,50,0.004851453855878485
hgb_synth,ags_no_prune,0,11,55,0.004851453855878485
hgb_synth,ags_no_prune,0,12,60,0.004851453855878485
hgb_synth,ags_no_prune,0,13,65,0.004851453855878485
hgb_synth,ags_no_prune,0,14,70,0.004851453855878485
hgb_synth,ags_no_prune,0,15,75,0.004851453855878485
hgb_synth,ags_no_prune,0,16,80,0.004851453855878485
hgb_synth,ags_no_prune,0,17,85,0.004851453855878485
hgb_synth,ags_no_prune,0,18,90,0.004851453855878485
hgb_synth,ags_no_prune,0,19,95,0.004851453855878485
hgb_synth,ags_no_prune,0,20,100,0.004851453855878485
hgb_synth,ags_no_prune,0,21,105,0.004851453855878485
hgb_synth,ags_no_prune,0,22,110,0.004851453855878485
hgb_synth,ags_no_prune,0,23,115,0.004851453855878485
hgb_synth,ags_no_prune,0,24,120,0.004851453855878485
hgb_synth,ags_no_prune,0,25,125,0.004851453855878485
hgb_synth,ags_no_prune,0,26,130,0.004851453855878485
hgb_synth,ags_no_prune,0,27,135,0.004851453855878485
hgb_synth,ags_no_prune,0,28,140,0.002180783817952059
hgb_synth,ags_no_prune,0,29,145,0.002180783817952059
hgb_synth,ags_no_prune,0,30,150,0.002180783817952059
hgb_synth,ags_no_prune,0,31,155,0.002180783817952059
hgb_synth,ags_no_prune,0,32,160,0.002180783817952059
hgb_synth,ags_no_prune,0,33,165,0.002180783817952059
hgb_synth,ags_no_prune,0,34,170,0.002180783817952059
hgb_synth,ags_no_prune,0,35,175,0.002180783817952059
hgb_synth,ags_no_prune,0,36,180,0.002180783817952059
hgb_synth,ags_no_prune,0,37,185,0.002180783817952059
hgb_synth,ags_no_prune,0,38,190,0.002180783817952059
hgb_synth,ags_no_prune,0,39,195,0.004946270543615627
hgb_synth,ags_no_prune,0,40,200,0.004946270543615627
hgb_synth,ags_no_prune,1,1,5,0.014151390644753459
hgb_synth,ags_no_prune,1,2,10,0.014151390644753459
hgb_synth,ags_no_prune,1,3,15,0.014151390644753459
hgb_synth,ags_no_prune,1,4,20,0.011852085967130055
hgb_synth,ags_no_prune,1,5,25,0.011852085967130055
hgb_synth,ags_no_prune,1,6,30,0.011852085967130055
hgb_synth,ags_no_prune,1,7,35,0.005025284450063228
hgb_synth,ags_no_prune,1,8,40,0.005025284450063228
hgb_synth,ags_no_prune,1,9,45,0.005025284450063228
hgb_synth,ags_no_prune,1,10,50,0.005025284450063228
hgb_synth,ags_no_prune,1,11,55,0.005025284450063228
hgb_synth,ags_no_prune,1,12,60,0.005025284450063228
hgb_synth,ags_no_prune,1,13,65,0.005025284450063228
hgb_synth,ags_no_prune,1,14,70,0.005025284450063228
hgb_synth,ags_no_prune,1,15,75,0.005025284450063228
hgb_synth,ags_no_prune,1,16,80,0.005025284450063228
hgb_synth,ags_no_prune,1,17,85,0.005025284450063228
hgb_synth,ags_no_prune,1,18,90,0.005025284450063228
hgb_synth,ags_no_prune,1,19,95,0.005025284450063228
hgb_synth,ags_no_prune,1,20,100,0.005025284450063228
hgb_synth,ags_no_prune,1,21,105,0.005025284450063228
hgb_synth,ags_no_prune,1,22,110,0.005025284450063228
hgb_synth,ags_no_prune,1,23,115,0.005025284450063228
hgb_synth,ags_no_prune,1,24,120,0.005025284450063228
hgb_synth,ags_no_prune,1,25,125,0.005025284450063228
hgb_synth,ags_no_prune,1,26,130,0.005025284450063228
hgb_synth,ags_no_prune,1,27,135,0.005025284450063228
hgb_synth,ags_no_prune,1,28,140,0.005025284450063228
hgb_synth,ags_no_prune,1,29,145,0.005025284450063228
hgb_synth,ags_no_prune,1,30,150,0.005025284450063228
hgb_synth,ags_no_prune,1,31,155,0.005025284450063228
hgb_synth,ags_no_prune,1,32,160,0.005025284450063228
hgb_synth,ags_no_prune,1,33,165,0.005025284450063228
hgb_synth,ags_no_prune,1,34,170,0.005025284450063228
hgb_synth,ags_no_prune,1,35,175,0.005025284450063228
hgb_synth,ags_no_prune,1,36,180,0.005025284450063228
hgb_synth,ags_no_prune,1,37,185,0.005025284450063228
hgb_synth,ags_no_prune,1,38,190,0.005025284450063228
hgb_synth,ags_no_prune,1,39,195,0.005025284450063228
hgb_synth,ags_no_prune,1,40,200,0.005025284450063228
hgb_synth,ags_no_prune,2,1,5,0.010050568900126455
hgb_synth,ags_no_prune,2,2,10,0.010050568900126455
hgb_synth,ags_no_prune,2,3,15,0.010050568900126455
hgb_synth,ags_no_prune,2,4,20,0.007806573957016449
hgb_synth,ags_no_prune,2,5,25,0.007806573957016449
hgb_synth,ags_no_prune,2,6,30,0.007806573957016449
hgb_synth,ags_no_prune,2,7,35,0.00839127686472807
hgb_synth,ags_no_prune,2,8,40,0.00839127686472807
hgb_synth,ags_no_prune,2,9,45,0.00839127686472807
hgb_synth,ags_no_prune,2,10,50,0.00839127686472807
hgb_synth,ags_no_prune,2,11,55,0.00839127686472807
hgb_synth,ags_no_prune,2,12,60,0.00839127686472807
hgb_synth,ags_no_prune,2,13,65,0.00839127686472807
hgb_synth,ags_no_prune,2,14,70,0.00839127686472807
hgb_synth,ags_no_prune,2,15,75,0.00651074589127687
hgb_synth,ags_no_prune,2,16,80,0.00651074589127687
hgb_synth,ags_no_prune,2,17,85,0.00651074589127687
hgb_synth,ags_no_prune,2,18,90,0.00651074589127687
hgb_synth,ags_no_prune,2,19,95,0.00651074589127687
hgb_synth,ags_no_prune,2,20,100,0.00651074589127687
hgb_synth,ags_no_prune,2,21,105,0.00651074589127687
hgb_synth,ags_no_prune,2,22,110,0.00651074589127687
hgb_synth,ags_no_prune,2,23,115,0.00651074589127687
hgb_synth,ags_no_prune,2,24,120,0.00651074589127687
hgb_synth,ags_no_prune,2,25,125,0.00651074589127687
hgb_synth,ags_no_prune,2,26,130,0.00651074589127687
hgb_synth,ags_no_prune,2,27,135,0.00651074589127687
hgb_synth,ags_no_prune,2,28,140,0.00651074589127687
hgb_synth,ags_no_prune,2,29,145,0.00651074589127687
hgb_synth,ags_no_prune,2,30,150,0.00651074589127687
hgb_synth,ags_no_prune,2,31,155,0.00651074589127687
hgb_synth,ags_no_prune,2,32,160,0.00651074589127687
hgb_synth,ags_no_prune,2,33,165,0.00651074589127687
hgb_synth,ags_no_prune,2,34,170,0.00651074589127687
hgb_synth,ags_no_prune,2,35,175,0.00651074589127687
hgb_synth,ags_no_prune,2,36,180,0.00651074589127687
hgb_synth,ags_no_prune,2,37,185,0.00651074589127687
hgb_synth,ags_no_prune,2,38,190,0.00651074589127687
hgb_synth,ags_no_prune,2,39,195,0.00651074589127687
hgb_synth,ags_no_prune,2,40,200,0.00651074589127687
hgb_synth,ags_no_prune,3,1,5,0.02084386852085962
hgb_synth,ags_no_prune,3,2,10,0.01774652338811622
hgb_synth,ags_no_prune,3,3,15,0.01774652338811622
hgb_synth,ags_no_prune,3,4,20,0.019516434892541068
hgb_synth,ags_no_prune,3,5,25,0.019516434892541068
hgb_synth,ags_no_prune,3,6,30,0.019516434892541068
hgb_synth,ags_no_prune,3,7,35,0.012183944374209665
hgb_synth,ags_no_prune,3,8,40,0.012183944374209665
hgb_synth,ags_no_prune,3,9,45,0.012183944374209665
hgb_synth,ags_no_prune,3,10,50,0.012183944374209665
hgb_synth,ags_no_prune,3,11,55,0.012183944374209665
hgb_synth,ags_no_prune,3,12,60,0.012183944374209665
hgb_synth,ags_no_prune,3,13,65,0.012183944374209665
hgb_synth,ags_no_prune,3,14,70,0.012183944374209665
hgb_synth,ags_no_prune,3,15,75,0.012183944374209665
hgb_synth,ags_no_prune,3,16,80,0.012183944374209665
hgb_synth,ags_no_prune,3,17,85,0.012183944374209665
hgb_synth,ags_no_prune,3,18,90,0.012183944374209665
hgb_synth,ags_no_prune,3,19,95,0.012183944374209665
hgb_synth,ags_no_prune,3,20,100,0.012183944374209665
hgb_synth,ags_no_prune,3,21,105,0.012183944374209665
hgb_synth,ags_no_prune,3,22,110,0.012183944374209665
hgb_synth,ags_no_prune,3,23,115,0.012183944374209665
hgb_synth,ags_no_prune,3,24,120,0.012183944374209665
hgb_synth,ags_no_prune,3,25,125,0.012183944374209665
hgb_synth,ags_no_prune,3,26,130,0.012183944374209665
hgb_synth,ags_no_prune,3,27,135,0.012183944374209665
hgb_synth,ags_no_prune,3,28,140,0.012183944374209665
hgb_synth,ags_no_prune,3,29,145,0.012183944374209665
hgb_synth,ags_no_prune,3,30,150,0.004851453855878485
hgb_synth,ags_no_prune,3,31,155,0.004851453855878485
hgb_synth,ags_no_prune,3,32,160,0.004851453855878485
hgb_synth,ags_no_prune,3,33,165,0.004851453855878485
hgb_synth,ags_no_prune,3,34,170,0.004851453855878485
hgb_synth,ags_no_prune,3,35,175,0.004851453855878485
hgb_synth,ags_no_prune,3,36,180,0.004851453855878485
hgb_synth,ags_no_prune,3,37,185,0.004851453855878485
hgb_synth,ags_no_prune,3,38,190,0.004851453855878485
hgb_synth,ags_no_prune,3,39,195,0.004851453855878485
hgb_synth,ags_no_prune,3,40,200,0.004851453855878485
hgb_synth,ags_no_prune,4,1,5,0.004156131479140401
hgb_synth,ags_no_prune,4,2,10,0.004156131479140401
hgb_synth,ags_no_prune,4,3,15,0.004156131479140401
hgb_synth,ags_no_prune,4,4,20,0.004156131479140401
hgb_synth,ags_no_prune,4,5,25,0.004156131479140401
hgb_synth,ags_no_prune,4,6,30,0.004156131479140401
hgb_synth,ags_no_prune,4,7,35,0.004156131479140401
hgb_synth,ags_no_prune,4,8,40,0.004156131479140401
hgb_synth,ags_no_prune,4,9,45,0.004156131479140401
hgb_synth,ags_no_prune,4,10,50,0.004156131479140401
hgb_synth,ags_no_prune,4,11,55,0.004156131479140401
hgb_synth,ags_no_prune,4,12,60,0.004156131479140401
hgb_synth,ags_no_prune,4,13,65,0.004156131479140401
hgb_synth,ags_no_prune,4,14,70,0.004156131479140401
hgb_synth,ags_no_prune,4,15,75,0.004156131479140401
hgb_synth,ags_no_prune,4,16,80,0.004156131479140401
hgb_synth,ags_no_prune,4,17,85,0.004156131479140401
hgb_synth,ags_no_prune,4,18,90,0.004156131479140401
hgb_synth,ags_no_prune,4,19,95,0.004156131479140401
hgb_synth,ags_no_prune,4,20,100,0.004156131479140401
hgb_synth,ags_no_prune,4,21,105,0.004156131479140401
hgb_synth,ags_no_prune,4,22,110,0.004156131479140401
hgb_synth,ags_no_prune,4,23,115,0.004156131479140401
hgb_synth,ags_no_prune,4,24,120,0.004156131479140401
hgb_synth,ags_no_prune,4,25,125,0.004156131479140401
hgb_synth,ags_no_prune,4,26,130,0.004156131479140401
hgb_synth,ags_no_prune,4,27,135,0.004156131479140401
hgb_synth,ags_no_prune,4,28,140,0.004156131479140401
hgb_synth,ags_no_prune,4,29,145,0.004156131479140401
hgb_synth,ags_no_prune,4,30,150,0.004156131479140401
hgb_synth,ags_no_prune,4,31,155,0.004156131479140401
hgb_synth,ags_no_prune,4,32,160,0.004156131479140401
hgb_synth,ags_no_prune,4,33,165,0.004156131479140401
hgb_synth,ags_no_prune,4,34,170,0.004156131479140401
hgb_synth,ags_no_prune,4,35,175,0.004156131479140401
hgb_synth,ags_no_prune,4,36,180,0.004156131479140401
hgb_synth,ags_no_prune,4,37,185,0.004156131479140401
hgb_synth,ags_no_prune,4,38,190,0.004156131479140401
hgb_synth,ags_no_prune,4,39,195,0.004156131479140401
hgb_synth,ags_no_prune,4,40,200,0.004156131479140401
hgb_synth,ags_no_prune,5,1,5,0.008707332490518471
hgb_synth,ags_no_prune,5,2,10,0.008707332490518471
hgb_synth,ags_no_prune,5,3,15,0.008707332490518471
hgb_synth,ags_no_prune,5,4,20,0.008707332490518471
hgb_synth,ags_no_prune,5,5,25,0.008707332490518471
hgb_synth,ags_no_prune,5,6,30,0.008707332490518471
hgb_synth,ags_no_prune,5,7,35,0.004661820480404422
hgb_synth,ags_no_prune,5,8,40,0.004661820480404422
hgb_synth,ags_no_prune,5,9,45,0.004661820480404422
hgb_synth,ags_no_prune,5,10,50,0.004661820480404422
hgb_synth,ags_no_prune,5,11,55,0.004661820480404422
hgb_synth,ags_no_prune,5,12,60,0.004661820480404422
hgb_synth,ags_no_prune,5,13,65,0.004661820480404422
hgb_synth,ags_no_prune,5,14,70,0.004661820480404422
hgb_synth,ags_no_prune,5,15,75,0.004661820480404422
hgb_synth,ags_no_prune,5,16,80,0.004661820480404422
hgb_synth,ags_no_prune,5,17,85,0.011409608091023982
hgb_synth,ags_no_prune,5,18,90,0.011409608091023982
hgb_synth,ags_no_prune,5,19,95,0.0015012642225031847
hgb_synth,ags_no_prune,5,20,100,0.0015012642225031847
hgb_synth,ags_no_prune,5,21,105,0.0015012642225031847
hgb_synth,ags_no_prune,5,22,110,0.0015012642225031847
hgb_synth,ags_no_prune,5,23,115,0.0015012642225031847
hgb_synth,ags_no_prune,5,24,120,0.0015012642225031847
hgb_synth,ags_no_prune,5,25,125,0.0015012642225031847
hgb_synth,ags_no_prune,5,26,130,0.0015012642225031847
hgb_synth,ags_no_prune,5,27,135,0.0015012642225031847
hgb_synth,ags_no_prune,5,28,140,0.0015012642225031847
hgb_synth,ags_no_prune,5,29,145,0.0015012642225031847
hgb_synth,ags_no_prune,5,30,150,0.0015012642225031847
hgb_synth,ags_no_prune,5,31,155,0.0015012642225031847
hgb_synth,ags_no_prune,5,32,160,0.0015012642225031847
hgb_synth,ags_no_prune,5,33,165,0.0015012642225031847
hgb_synth,ags_no_prune,5,34,170,0.0015012642225031847
hgb_synth,ags_no_prune,5,35,175,0.0015012642225031847
hgb_synth,ags_no_prune,5,36,180,0.0015012642225031847
hgb_synth,ags_no_prune,5,37,185,0.0015012642225031847
hgb_synth,ags_no_prune,5,38,190,0.0015012642225031847
hgb_synth,ags_no_prune,5,39,195,0.0015012642225031847
hgb_synth,ags_no_prune,5,40,200,0.0015012642225031847
hgb_synth,ags_no_prune,6,1,5,0.007032237673830655
hgb_synth,ags_no_prune,6,2,10,0.007032237673830655
hgb_synth,ags_no_prune,6,3,15,0.007032237673830655
hgb_synth,ags_no_prune,6,4,20,0.006005056890012628
hgb_synth,ags_no_prune,6,5,25,0.006005056890012628
hgb_synth,ags_no_prune,6,6,30,0.006005056890012628
hgb_synth,ags_no_prune,6,7,35,0.01035082174462687
hgb_synth,ags_no_prune,6,8,40,0.01035082174462687
hgb_synth,ags_no_prune,6,9,45,0.01035082174462687
hgb_synth,ags_no_prune,6,10,50,0.01035082174462687
hgb_synth,ags_no_prune,6,11,55,0.01035082174462687
hgb_synth,ags_no_prune,6,12,60,0.01035082174462687
hgb_synth,ags_no_prune,6,13,65,0.01035082174462687
hgb_synth,ags_no_prune,6,14,70,0.01035082174462687
hgb_synth,ags_no_prune,6,15,75,0.01035082174462687
hgb_synth,ags_no_prune,6,16,80,0.01035082174462687
hgb_synth,ags_no_prune,6,17,85,0.01035082174462687
hgb_synth,ags_no_prune,6,18,90,0.01035082174462687
hgb_synth,ags_no_prune,6,19,95,0.01035082174462687
hgb_synth,ags_no_prune,6,20,100,0.01035082174462687
hgb_synth,ags_no_prune,6,21,105,0.01035082174462687
hgb_synth,ags_no_prune,6,22,110,0.01035082174462687
hgb_synth,ags_no_prune,6,23,115,0.01035082174462687
hgb_synth,ags_no_prune,6,24,120,0.01035082174462687
hgb_synth,ags_no_prune,6,25,125,0.01035082174462687
hgb_synth,ags_no_prune,6,26,130,0.01035082174462687
hgb_synth,ags_no_prune,6,27,135,0.01035082174462687
hgb_synth,ags_no_prune,6,28,140,0.01035082174462687
hgb_synth,ags_no_prune,6,29,145,0.01035082174462687
hgb_synth,ags_no_prune,6,30,150,0.01035082174462687
hgb_synth,ags_no_prune,6,31,155,0.01035082174462687
hgb_synth,ags_no_prune,6,32,160,0.01035082174462687
hgb_synth,ags_no_prune,6,33,165,0.01035082174462687
hgb_synth,ags_no_prune,6,34,170,0.01035082174462687
hgb_synth,ags_no_prune,6,35,175,0.01035082174462687
hgb_synth,ags_no_prune,6,36,180,0.01035082174462687
hgb_synth,ags_no_prune,6,37,185,0.01035082174462687
hgb_synth,ags_no_prune,6,38,190,0.01035082174462687
hgb_synth,ags_no_prune,6,39,195,0.01035082174462687
hgb_synth,ags_no_prune,6,40,200,0.01035082174462687
hgb_synth,ags_no_prune,7,1,5,0.008375474083438417
hgb_synth,ags_no_prune,7,2,10,0.008375474083438417
hgb_synth,ags_no_prune,7,3,15,0.008375474083438417
hgb_synth,ags_no_prune,7,4,20,0.003286978508217464
hgb_synth,ags_no_prune,7,5,25,0.003286978508217464
hgb_synth,ags_no_prune,7,6,30,0.003286978508217464
hgb_synth,ags_no_prune,7,7,35,0.003286978508217464
hgb_synth,ags_no_prune,7,8,40,0.003286978508217464
hgb_synth,ags_no_prune,7,9,45,0.002986725663716827
hgb_synth,ags_no_prune,7,10,50,0.002986725663716827
hgb_synth,ags_no_prune,7,11,55,0.002986725663716827
hgb_synth,ags_no_prune,7,12,60,0.002986725663716827
hgb_synth,ags_no_prune,7,13,65,0.002986725663716827
hgb_synth,ags_no_prune,7,14,70,0.002986725663716827
hgb_synth,ags_no_prune,7,15,75,0.002986725663716827
hgb_synth,ags_no_prune,7,16,80,0.002986725663716827
hgb_synth,ags_no_prune,7,17,85,0.002986725663716827
hgb_synth,ags_no_prune,7,18,90,0.002986725663716827
hgb_synth,ags_no_prune,7,19,95,0.002986725663716827
hgb_synth,ags_no_prune,7,20,100,0.002986725663716827
hgb_synth,ags_no_prune,7,21,105,0.002986725663716827
hgb_synth,ags_no_prune,7,22,110,0.002986725663716827
hgb_synth,ags_no_prune,7,23,115,0.002986725663716827
hgb_synth,ags_no_prune,7,24,120,0.0038558786346396534
hgb_synth,ags_no_prune,7,25,125,0.0038558786346396534
hgb_synth,ags_no_prune,7,26,130,0.0038558786346396534
hgb_synth,ags_no_prune,7,27,135,0.0038558786346396534
hgb_synth,ags_no_prune,7,28,140,0.0038558786346396534
hgb_synth,ags_no_prune,7,29,145,0.0038558786346396534
hgb_synth,ags_no_prune,7,30,150,0.0038558786346396534
hgb_synth,ags_no_prune,7,31,155,0.0038558786346396534
hgb_synth,ags_no_prune,7,32,160,0.0038558786346396534
hgb_synth,ags_no_prune,7,33,165,0.0038558786346396534
hgb_synth,ags_no_prune,7,34,170,0.0038558786346396534
hgb_synth,ags_no_prune,7,35,175,0.0038558786346396534
hgb_synth,ags_no_prune,7,36,180,0.0038558786346396534
hgb_synth,ags_no_prune,7,37,185,0.0038558786346396534
hgb_synth,ags_no_prune,7,38,190,0.0038558786346396534
hgb_synth,ags_no_prune,7,39,195,0.0038558786346396534
hgb_synth,ags_no_prune,7,40,200,0.0038558786346396534
hgb_synth,ags_no_prune,8,1,5,0.002560050568900074
hgb_synth,ags_no_prune,8,2,10,0.002560050568900074
hgb_synth,ags_no_prune,8,3,15,0.002560050568900074
hgb_synth,ags_no_prune,8,4,20,0.002560050568900074
hgb_synth,ags_no_prune,8,5,25,0.002560050568900074
hgb_synth,ags_no_prune,8,6,30,0.002560050568900074
hgb_synth,ags_no_prune,8,7,35,0.002560050568900074
hgb_synth,ags_no_prune,8,8,40,0.002560050568900074
hgb_synth,ags_no_prune,8,9,45,0.002560050568900074
hgb_synth,ags_no_prune,8,10,50,0.002560050568900074
hgb_synth,ags_no_prune,8,11,55,0.002560050568900074
hgb_synth,ags_no_prune,8,12,60,0.002560050568900074
hgb_synth,ags_no_prune,8,13,65,0.002560050568900074
hgb_synth,ags_no_prune,8,14,70,0.002560050568900074
hgb_synth,ags_no_prune,8,15,75,0.002560050568900074
hgb_synth,ags_no_prune,8,16,80,0.002560050568900074
hgb_synth,ags_no_prune,8,17,85,0.002560050568900074
hgb_synth,ags_no_prune,8,18,90,0.002560050568900074
hgb_synth,ags_no_prune,8,19,95,0.002560050568900074
hgb_synth,ags_no_prune,8,20,100,0.002560050568900074
hgb_synth,ags_no_prune,8,21,105,0.002560050568900074
hgb_synth,ags_no_prune,8,22,110,0.002560050568900074
hgb_synth,ags_no_prune,8,23,115,0.002560050568900074
hgb_synth,ags_no_prune,8,24,120,0.002560050568900074
hgb_synth,ags_no_prune,8,25,125,0.002560050568900074
hgb_synth,ags_no_prune,8,26,130,0.002560050568900074
hgb_synth,ags_no_prune,8,27,135,0.002560050568900074
hgb_synth,ags_no_prune,8,28,140,0.002560050568900074
hgb_synth,ags_no_prune,8,29,145,0.002560050568900074
hgb_synth,ags_no_prune,8,30,150,0.002560050568900074
hgb_synth,ags_no_prune,8,31,155,0.002560050568900074
hgb_synth,ags_no_prune,8,32,160,0.002560050568900074
hgb_synth,ags_no_prune,8,33,165,0.002560050568900074
hgb_synth,ags_no_prune,8,34,170,0.002560050568900074
hgb_synth,ags_no_prune,8,35,175,0.002560050568900074
hgb_synth,ags_no_prune,8,36,180,0.002560050568900074
hgb_synth,ags_no_prune,8,37,185,0.002560050568900074
hgb_synth,ags_no_prune,8,38,190,0.002560050568900074
hgb_synth,ags_no_prune,8,39,195,0.002560050568900074
hgb_synth,ags_no_prune,8,40,200,0.002560050568900074
hgb_synth,ags_no_prune,9,1,5,0.019974715549936795
hgb_synth,ags_no_prune,9,2,10,0.012579013906447445
hgb_synth,ags_no_prune,9,3,15,0.007948798988621997
hgb_synth,ags_no_prune,9,4,20,0.007948798988621997
hgb_synth,ags_no_prune,9,5,25,0.007948798988621997
hgb_synth,ags_no_prune,9,6,30,0.007364096080910043
hgb_synth,ags_no_prune,9,7,35,0.007364096080910043
hgb_synth,ags_no_prune,9,8,40,0.002496839443742016
hgb_synth,ags_no_prune,9,9,45,0.002496839443742016
hgb_synth,ags_no_prune,9,10,50,0.002496839443742016
hgb_synth,ags_no_prune,9,11,55,0.004061314791403259
hgb_synth,ags_no_prune,9,12,60,0.004061314791403259
hgb_synth,ags_no_prune,9,13,65,0.004061314791403259
hgb_synth,ags_no_prune,9,14,70,0.004061314791403259
hgb_synth,ags_no_prune,9,15,75,0.004061314791403259
hgb_synth,ags_no_prune,9,16,80,0.004061314791403259
hgb_synth,ags_no_prune,9,17,85,0.004061314791403259
hgb_synth,ags_no_prune,9,18,90,0.004061314791403259
hgb_synth,ags_no_prune,9,19,95,0.004061314791403259
hgb_synth,ags_no_prune,9,20,100,0.004061314791403259
hgb_synth,ags_no_prune,9,21,105,0.004061314791403259
hgb_synth,ags_no_prune,9,22,110,0.004061314791403259
hgb_synth,ags_no_prune,9,23,115,0.004061314791403259
hgb_synth,ags_no_prune,9,24,120,0.004061314791403259
hgb_synth,ags_no_prune,9,25,125,0.004061314791403259
hgb_synth,ags_no_prune,9,26,130,0.004061314791403259
hgb_synth,ags_no_prune,9,27,135,0.004061314791403259
hgb_synth,ags_no_prune,9,28,140,0.0047724399494312175
hgb_synth,ags_no_prune,9,29,145,0.0047724399494312175
hgb_synth,ags_no_prune,9,30,150,0.0047724399494312175
hgb_synth,ags_no_prune,9,31,155,0.0047724399494312175
hgb_synth,ags_no_prune,9,32,160,0.0047724399494312175
hgb_synth,ags_no_prune,9,33,165,0.0047724399494312175
hgb_synth,ags_no_prune,9,34,170,0.0047724399494312175
hgb_synth,ags_no_prune,9,35,175,0.0047724399494312175
hgb_synth,ags_no_prune,9,36,180,0.0047724399494312175
hgb_synth,ags_no_prune,9,37,185,0.0047724399494312175
hgb_synth,ags_no_prune,9,38,190,0.0047724399494312175
hgb_synth,ags_no_prune,9,39,195,0.0047724399494312175
hgb_synth,ags_no_prune,9,40,200,0.0047724399494312175
hgb_synth,ags_gp,0,1,5,0.019516434892541068
hgb_synth,ags_gp,0,2,10,0.019516434892541068
hgb_synth,ags_gp,0,3,15,0.019516434892541068
hgb_synth,ags_gp,0,4,20,0.012183944374209665
hgb_synth,ags_gp,0,5,25,0.012183944374209665
hgb_synth,ags_gp,0,6,30,0.012183944374209665
hgb_synth,ags_gp,0,7,35,0.01035082174462687
hgb_synth,ags_gp,0,8,40,0.003397597977244038
hgb_synth,ags_gp,0,9,45,0.003397597977244038
hgb_synth,ags_gp,0,10,50,0.003397597977244038
hgb_synth,ags_gp,0,11,55,0.0054993678887483854
hgb_synth,ags_gp,0,12,60,0.0054993678887483854
hgb_synth,ags_gp,0,13,65,0.0054993678887483854
hgb_synth,ags_gp,0,14,70,0.0054993678887483854
hgb_synth,ags_gp,0,15,75,0.0054993678887483854
hgb_synth,ags_gp,0,16,80,0.0054993678887483854
hgb_synth,ags_gp,0,17,85,0.0054993678887483854
hgb_synth,ags_gp,0,18,90,0.0054993678887483854
hgb_synth,ags_gp,0,19,95,0.00292351453855888
hgb_synth,ags_gp,0,20,100,0.003761061946902844
hgb_synth,ags_gp,0,21,105,0.003761061946902844
hgb_synth,ags_gp,0,22,110,0.003761061946902844
hgb_synth,ags_gp,0,23,115,0.003761061946902844
hgb_synth,ags_gp,0,24,120,0.003761061946902844
hgb_synth,ags_gp,0,25,125,0.003761061946902844
hgb_synth,ags_gp,0,26,130,0.003761061946902844
hgb_synth,ags_gp,0,27,135,0.003761061946902844
hgb_synth,ags_gp,0,28,140,0.003761061946902844
hgb_synth,ags_gp,0,29,145,0.003761061946902844
hgb_synth,ags_gp,0,30,150,0.003761061946902844
hgb_synth,ags_gp,0,31,152,0.003761061946902844
hgb_synth,ags_gp,0,32,154,0.003761061946902844
hgb_synth,ags_gp,0,33,156,0.003761061946902844
hgb_synth,ags_gp,0,34,158,0.003761061946902844
hgb_synth,ags_gp,0,35,160,0.003761061946902844
hgb_synth,ags_gp,0,36,162,0.003761061946902844
hgb_synth,ags_gp,0,37,164,0.003761061946902844
hgb_synth,ags_gp,0,38,167,0.003761061946902844
hgb_synth,ags_gp,0,39,170,0.003761061946902844
hgb_synth,ags_gp,0,40,173,0.003761061946902844
hgb_synth,ags_gp,1,1,5,0.014151390644753459
hgb_synth,ags_gp,1,2,10,0.014151390644753459
hgb_synth,ags_gp,1,3,15,0.014151390644753459
hgb_synth,ags_gp,1,4,20,0.014151390644753459
hgb_synth,ags_gp,1,5,25,0.006226295828065664
hgb_synth,ags_gp,1,6,30,0.006084070796460228
hgb_synth,ags_gp,1,7,35,0.006084070796460228
hgb_synth,ags_gp,1,8,40,0.002496839443742016
hgb_synth,ags_gp,1,9,45,0.002496839443742016
hgb_synth,ags_gp,1,10,50,0.002496839443742016
hgb_synth,ags_gp,1,11,55,0.002496839443742016
hgb_synth,ags_gp,1,12,60,0.002496839443742016
hgb_synth,ags_gp,1,13,65,0.002496839443742016
hgb_synth,ags_gp,1,14,70,0.002496839443742016
hgb_synth,ags_gp,1,15,75,0.00651074589127687
hgb_synth,ags_gp,1,16,80,0.00651074589127687
hgb_synth,ags_gp,1,17,85,0.00651074589127687
hgb_synth,ags_gp,1,18,90,0.00651074589127687
hgb_synth,ags_gp,1,19,92,0.00651074589127687
hgb_synth,ags_gp,1,20,97,0.00651074589127687
hgb_synth,ags_gp,1,21,102,0.00651074589127687
hgb_synth,ags_gp,1,22,107,0.00651074589127687
hgb_synth,ags_gp,1,23,112,0.00651074589127687
hgb_synth,ags_gp,1,24,114,0.00651074589127687
hgb_synth,ags_gp,1,25,116,0.00651074589127687
hgb_synth,ags_gp,1,26,121,0.00651074589127687
hgb_synth,ags_gp,1,27,126,0.00651074589127687
hgb_synth,ags_gp,1,28,131,0.00651074589127687
hgb_synth,ags_gp,1,29,136,0.00651074589127687
hgb_synth,ags_gp,1,30,138,0.00651074589127687
hgb_synth,ags_gp,1,31,143,0.00651074589127687
hgb_synth,ags_gp,1,32,148,0.00651074589127687
hgb_synth,ags_gp,1,33,151,0.00651074589127687
hgb_synth,ags_gp,1,34,153,0.00651074589127687
hgb_synth,ags_gp,1,35,158,0.00651074589127687
hgb_synth,ags_gp,1,36,163,0.00651074589127687
hgb_synth,ags_gp,1,37,168,0.00651074589127687
hgb_synth,ags_gp,1,38,173,0.006795195954487854
hgb_synth,ags_gp,1,39,175,0.006795195954487854
hgb_synth,ags_gp,1,40,180,0.006795195954487854
hgb_synth,ags_gp,2,1,5,0.010050568900126455
hgb_synth,ags_gp,2,2,10,0.010050568900126455
hgb_synth,ags_gp,2,3,15,0.010050568900126455
hgb_synth,ags_gp,2,4,20,0.010050568900126455
hgb_synth,ags_gp,2,5,25,0.010050568900126455
hgb_synth,ags_gp,2,6,30,0.010050568900126455
hgb_synth,ags_gp,2,7,35,0.009450063211125292
hgb_synth,ags_gp,2,8,40,0.006068268015170686
hgb_synth,ags_gp,2,9,45,0.006068268015170686
hgb_synth,ags_gp,2,10,50,0.006068268015170686
hgb_synth,ags_gp,2,11,55,0.00472503160556248
hgb_synth,ags_gp,2,12,60,0.00472503160556248
hgb_synth,ags_gp,2,13,65,0.00472503160556248
hgb_synth,ags_gp,2,14,70,0.00121681415929209
hgb_synth,ags_gp,2,15,75,0.00651074589127687
hgb_synth,ags_gp,2,16,80,0.00651074589127687
hgb_synth,ags_gp,2,17,85,0.003761061946902844
hgb_synth,ags_gp,2,18,90,0.003761061946902844
hgb_synth,ags_gp,2,19,95,0.003761061946902844
hgb_synth,ags_gp,2,20,100,0.003950695322376796
hgb_synth,ags_gp,2,21,105,0.0010113780025282626
hgb_synth,ags_gp,2,22,110,0.0010113780025282626
hgb_synth,ags_gp,2,23,115,0.0010113780025282626
hgb_synth,ags_gp,2,24,120,0.0010113780025282626
hgb_synth,ags_gp,2,25,125,0.0010113780025282626
hgb_synth,ags_gp,2,26,130,0.0010113780025282626
hgb_synth,ags_gp,2,27,135,0.0034292035398232334
hgb_synth,ags_gp,2,28,140,0.0034292035398232334
hgb_synth,ags_gp,2,29,145,0.0034292035398232334
hgb_synth,ags_gp,2,30,150,0.0034292035398232334
hgb_synth,ags_gp,2,31,152,0.0034292035398232334
hgb_synth,ags_gp,2,32,157,0.0034292035398232334
hgb_synth,ags_gp,2,33,162,0.0034292035398232334
hgb_synth,ags_gp,2,34,167,0.0034292035398232334
hgb_synth,ags_gp,2,35,172,0.0034292035398232334
hgb_synth,ags_gp,2,36,177,0.0034292035398232334
hgb_synth,ags_gp,2,37,179,0.0034292035398232334
hgb_synth,ags_gp,2,38,184,0.0034292035398232334
hgb_synth,ags_gp,2,39,189,0.0034292035398232334
hgb_synth,ags_gp,2,40,194,0.0034292035398232334
hgb_synth,ags_gp,3,1,5,0.02084386852085962
hgb_synth,ags_gp,3,2,10,0.01774652338811622
hgb_synth,ags_gp,3,3,15,0.01774652338811622
hgb_synth,ags_gp,3,4,20,0.012586915297092438
hgb_synth,ags_gp,3,5,25,0.008636219974715642
hgb_synth,ags_gp,3,6,30,0.008636219974715642
hgb_synth,ags_gp,3,7,35,0.008636219974715642
hgb_synth,ags_gp,3,8,40,0.003397597977244038
hgb_synth,ags_gp,3,9,45,0.003397597977244038
hgb_synth,ags_gp,3,10,50,0.003397597977244038
hgb_synth,ags_gp,3,11,55,0.003397597977244038
hgb_synth,ags_gp,3,12,60,0.003397597977244038
hgb_synth,ags_gp,3,13,62,0.003397597977244038
hgb_synth,ags_gp,3,14,67,0.003397597977244038
hgb_synth,ags_gp,3,15,72,0.003397597977244038
hgb_synth,ags_gp,3,16,74,0.003397597977244038
hgb_synth,ags_gp,3,17,79,0.0054993678887483854
hgb_synth,ags_gp,3,18,84,0.0054993678887483854
hgb_synth,ags_gp,3,19,89,0.0054993678887483854
hgb_synth,ags_gp,3,20,94,0.0054993678887483854
hgb_synth,ags_gp,3,21,99,0.0054993678887483854
hgb_synth,ags_gp,3,22,104,0.0054993678887483854
hgb_synth,ags_gp,3,23,109,0.0054993678887483854
hgb_synth,ags_gp,3,24,114,0.0054993678887483854
hgb_synth,ags_gp,3,25,119,0.0054993678887483854
hgb_synth,ags_gp,3,26,124,0.0054993678887483854
hgb_synth,ags_gp,3,27,129,0.0054993678887483854
hgb_synth,ags_gp,3,28,134,0.0054993678887483854
hgb_synth,ags_gp,3,29,139,0.0054993678887483854
hgb_synth,ags_gp,3,30,144,0.0054993678887483854
hgb_synth,ags_gp,3,31,146,0.0054993678887483854
hgb_synth,ags_gp,3,32,151,0.0054993678887483854
hgb_synth,ags_gp,3,33,156,0.0054993678887483854
hgb_synth,ags_gp,3,34,161,0.0054993678887483854
hgb_synth,ags_gp,3,35,166,0.0054993678887483854
hgb_synth,ags_gp,3,36,168,0.0054993678887483854
hgb_synth,ags_gp,3,37,173,0.0054993678887483854
hgb_synth,ags_gp,3,38,176,0.0054993678887483854
hgb_synth,ags_gp,3,39,181,0.0054993678887483854
hgb_synth,ags_gp,3,40,186,0.0054993678887483854
hgb_synth,ags_gp,4,1,5,0.004156131479140401
hgb_synth,ags_gp,4,2,10,0.004156131479140401
hgb_synth,ags_gp,4,3,15,0.004156131479140401
hgb_synth,ags_gp,4,4,20,0.004156131479140401
hgb_synth,ags_gp,4,5,25,0.004156131479140401
hgb_synth,ags_gp,4,6,30,0.004156131479140401
hgb_synth,ags_gp,4,7,35,0.004156131479140401
hgb_synth,ags_gp,4,8,40,0.004156131479140401
hgb_synth,ags_gp,4,9,45,0.004156131479140401
hgb_synth,ags_gp,4,10,50,0.004156131479140401
hgb_synth,ags_gp,4,11,55,0.004156131479140401
hgb_synth,ags_gp,4,12,60,0.004156131479140401
hgb_synth,ags_gp,4,13,62,0.004156131479140401
hgb_synth,ags_gp,4,14,67,0.004156131479140401
hgb_synth,ags_gp,4,15,72,0.003286978508217464
hgb_synth,ags_gp,4,16,77,0.003286978508217464
hgb_synth,ags_gp,4,17,82,0.003286978508217464
hgb_synth,ags_gp,4,18,87,0.003286978508217464
hgb_synth,ags_gp,4,19,92,0.003286978508217464
hgb_synth,ags_gp,4,20,97,0.003286978508217464
hgb_synth,ags_gp,4,21,102,0.003286978508217464
hgb_synth,ags_gp,4,22,107,0.003286978508217464
hgb_synth,ags_gp,4,23,112,0.003286978508217464
hgb_synth,ags_gp,4,24,117,0.003286978508217464
hgb_synth,ags_gp,4,25,119,0.003286978508217464
hgb_synth,ags_gp,4,26,124,0.003286978508217464
hgb_synth,ags_gp,4,27,129,0.003286978508217464
hgb_synth,ags_gp,4,28,134,0.003286978508217464
hgb_synth,ags_gp,4,29,139,0.003286978508217464
hgb_synth,ags_gp,4,30,141,0.003286978508217464
hgb_synth,ags_gp,4,31,146,0.003286978508217464
hgb_synth,ags_gp,4,32,151,0.0015012642225031847
hgb_synth,ags_gp,4,33,156,0.0015012642225031847
hgb_synth,ags_gp,4,34,161,0.0015012642225031847
hgb_synth,ags_gp,4,35,166,0.0015012642225031847
hgb_synth,ags_gp,4,36,171,0.0015012642225031847
hgb_synth,ags_gp,4,37,176,0.0015012642225031847
hgb_synth,ags_gp,4,38,181,0.0015012642225031847
hgb_synth,ags_gp,4,39,186,0.0015012642225031847
hgb_synth,ags_gp,4,40,191,0.0015012642225031847
hgb_synth,ags_gp,5,1,5,0.008707332490518471
hgb_synth,ags_gp,5,2,10,0.008707332490518471
hgb_synth,ags_gp,5,3,15,0.008707332490518471
hgb_synth,ags_gp,5,4,20,0.012831858407079677
hgb_synth,ags_gp,5,5,25,0.012831858407079677
hgb_synth,ags_gp,5,6,30,0.012831858407079677
hgb_synth,ags_gp,5,7,35,0.012831858407079677
hgb_synth,ags_gp,5,8,40,0.002496839443742016
hgb_synth,ags_gp,5,9,45,0.002496839443742016
hgb_synth,ags_gp,5,10,50,0.002496839443742016
hgb_synth,ags_gp,5,11,55,0.0
hgb_synth,ags_gp,5,12,60,0.0
hgb_synth,ags_gp,5,13,65,0.0
hgb_synth,ags_gp,5,14,70,0.0015012642225031847
hgb_synth,ags_gp,5,15,75,0.0015012642225031847
hgb_synth,ags_gp,5,16,77,0.0015012642225031847
hgb_synth,ags_gp,5,17,82,0.0015012642225031847
hgb_synth,ags_gp,5,18,87,0.0015012642225031847
hgb_synth,ags_gp,5,19,92,0.0015012642225031847
hgb_synth,ags_gp,5,20,97,0.0015012642225031847
hgb_synth,ags_gp,5,21,99,0.0015012642225031847
hgb_synth,ags_gp,5,22,104,0.0015012642225031847
hgb_synth,ags_gp,5,23,109,0.0015012642225031847
hgb_synth,ags_gp,5,24,111,0.0015012642225031847
hgb_synth,ags_gp,5,25,113,0.0015012642225031847
hgb_synth,ags_gp,5,26,118,0.0015012642225031847
hgb_synth,ags_gp,5,27,123,0.0015012642225031847
hgb_synth,ags_gp,5,28,125,0.0015012642225031847
hgb_synth,ags_gp,5,29,130,0.0015012642225031847
hgb_synth,ags_gp,5,30,132,0.0015012642225031847
hgb_synth,ags_gp,5,31,137,0.0015012642225031847
hgb_synth,ags_gp,5,32,139,0.0015012642225031847
hgb_synth,ags_gp,5,33,141,0.0015012642225031847
hgb_synth,ags_gp,5,34,143,0.0015012642225031847
hgb_synth,ags_gp,5,35,146,0.0015012642225031847
hgb_synth,ags_gp,5,36,151,0.0015012642225031847
hgb_synth,ags_gp,5,37,154,0.0015012642225031847
hgb_synth,ags_gp,5,38,159,0.0015012642225031847
hgb_synth,ags_gp,5,39,161,0.0015012642225031847
hgb_synth,ags_gp,5,40,164,0.0015012642225031847
hgb_synth,ags_gp,6,1,5,0.007032237673830655
hgb_synth,ags_gp,6,2,10,0.007032237673830655
hgb_synth,ags_gp,6,3,15,0.007032237673830655
hgb_synth,ags_gp,6,4,20,0.007032237673830655
hgb_synth,ags_gp,6,5,25,0.007032237673830655
hgb_synth,ags_gp,6,6,30,0.007032237673830655
hgb_synth,ags_gp,6,7,35,0.007032237673830655
hgb_synth,ags_gp,6,8,40,0.007032237673830655
hgb_synth,ags_gp,6,9,45,0.007032237673830655
hgb_synth,ags_gp,6,10,50,0.007032237673830655
hgb_synth,ags_gp,6,11,55,0.007032237673830655
hgb_synth,ags_gp,6,12,60,0.007032237673830655
hgb_synth,ags_gp,6,13,62,0.007032237673830655
hgb_synth,ags_gp,6,14,64,0.007032237673830655
hgb_synth,ags_gp,6,15,69,0.007032237673830655
hgb_synth,ags_gp,6,16,74,0.007032237673830655
hgb_synth,ags_gp,6,17,76,0.007032237673830655
hgb_synth,ags_gp,6,18,81,0.007032237673830655
hgb_synth,ags_gp,6,19,86,0.007032237673830655
hgb_synth,ags_gp,6,20,91,0.007032237673830655
hgb_synth,ags_gp,6,21,96,0.007032237673830655
hgb_synth,ags_gp,6,22,101,0.007032237673830655
hgb_synth,ags_gp,6,23,106,0.007032237673830655
hgb_synth,ags_gp,6,24,111,0.007032237673830655
hgb_synth,ags_gp,6,25,116,0.0034292035398232334
hgb_synth,ags_gp,6,26,121,0.0034292035398232334
hgb_synth,ags_gp,6,27,126,0.0034292035398232334
hgb_synth,ags_gp,6,28,131,0.0034292035398232334
hgb_synth,ags_gp,6,29,136,0.0034292035398232334
hgb_synth,ags_gp,6,30,141,0.0034292035398232334
hgb_synth,ags_gp,6,31,146,0.0034292035398232334
hgb_synth,ags_gp,6,32,151,0.0034292035398232334
hgb_synth,ags_gp,6,33,156,0.0034292035398232334
hgb_synth,ags_gp,6,34,158,0.0034292035398232334
hgb_synth,ags_gp,6,35,163,0.0034292035398232334
hgb_synth,ags_gp,6,36,168,0.0034292035398232334
hgb_synth,ags_gp,6,37,170,0.0034292035398232334
hgb_synth,ags_gp,6,38,175,0.0034292035398232334
hgb_synth,ags_gp,6,39,180,0.0034292035398232334
hgb_synth,ags_gp,6,40,185,0.0034292035398232334
hgb_synth,ags_gp,7,1,5,0.008375474083438417
hgb_synth,ags_gp,7,2,10,0.008375474083438417
hgb_synth,ags_gp,7,3,15,0.008375474083438417
hgb_synth,ags_gp,7,4,20,0.003286978508217464
hgb_synth,ags_gp,7,5,25,0.003286978508217464
hgb_synth,ags_gp,7,6,30,0.003286978508217464
hgb_synth,ags_gp,7,7,35,0.0034292035398232334
hgb_synth,ags_gp,7,8,40,0.0034292035398232334
hgb_synth,ags_gp,7,9,45,0.0034292035398232334
hgb_synth,ags_gp,7,10,50,0.0028919089759796845
hgb_synth,ags_gp,7,11,55,0.0028919089759796845
hgb_synth,ags_gp,7,12,60,0.0028919089759796845
hgb_synth,ags_gp,7,13,65,0.0028919089759796845
hgb_synth,ags_gp,7,14,70,0.0028919089759796845
hgb_synth,ags_gp,7,15,75,0.0028919089759796845
hgb_synth,ags_gp,7,16,80,0.006795195954487854
hgb_synth,ags_gp,7,17,85,0.006795195954487854
hgb_synth,ags_gp,7,18,90,0.006795195954487854
hgb_synth,ags_gp,7,19,95,0.006795195954487854
hgb_synth,ags_gp,7,20,100,0.006795195954487854
hgb_synth,ags_gp,7,21,105,0.006795195954487854
hgb_synth,ags_gp,7,22,107,0.006795195954487854
hgb_synth,ags_gp,7,23,112,0.006795195954487854
hgb_synth,ags_gp,7,24,116,0.006795195954487854
hgb_synth,ags_gp,7,25,121,0.006795195954487854
hgb_synth,ags_gp,7,26,126,0.006795195954487854
hgb_synth,ags_gp,7,27,128,0.006795195954487854
hgb_synth,ags_gp,7,28,130,0.006795195954487854
hgb_synth,ags_gp,7,29,135,0.006795195954487854
hgb_synth,ags_gp,7,30,140,0.006795195954487854
hgb_synth,ags_gp,7,31,145,0.00292351453855888
hgb_synth,ags_gp,7,32,150,0.00292351453855888
hgb_synth,ags_gp,7,33,152,0.00292351453855888
hgb_synth,ags_gp,7,34,157,0.00292351453855888
hgb_synth,ags_gp,7,35,162,0.00292351453855888
hgb_synth,ags_gp,7,36,164,0.00292351453855888
hgb_synth,ags_gp,7,37,169,0.00292351453855888
hgb_synth,ags_gp,7,38,174,0.00292351453855888
hgb_synth,ags_gp,7,39,177,0.00292351453855888
hgb_synth,ags_gp,7,40,182,0.00292351453855888
hgb_synth,ags_gp,8,1,5,0.002560050568900074
hgb_synth,ags_gp,8,2,10,0.002560050568900074
hgb_synth,ags_gp,8,3,15,0.002560050568900074
hgb_synth,ags_gp,8,4,20,0.002560050568900074
hgb_synth,ags_gp,8,5,25,0.002560050568900074
hgb_synth,ags_gp,8,6,30,0.002560050568900074
hgb_synth,ags_gp,8,7,35,0.002560050568900074
hgb_synth,ags_gp,8,8,40,0.002560050568900074
hgb_synth,ags_gp,8,9,45,0.002560050568900074
hgb_synth,ags_gp,8,10,50,0.002560050568900074
hgb_synth,ags_gp,8,11,55,0.002560050568900074
hgb_synth,ags_gp,8,12,60,0.002560050568900074
hgb_synth,ags_gp,8,13,64,0.002560050568900074
hgb_synth,ags_gp,8,14,69,0.002560050568900074
hgb_synth,ags_gp,8,15,74,0.002560050568900074
hgb_synth,ags_gp,8,16,79,0.002560050568900074
hgb_synth,ags_gp,8,17,84,0.002560050568900074
hgb_synth,ags_gp,8,18,89,0.002560050568900074
hgb_synth,ags_gp,8,19,94,0.002560050568900074
hgb_synth,ags_gp,8,20,99,0.002560050568900074
hgb_synth,ags_gp,8,21,104,0.002560050568900074
hgb_synth,ags_gp,8,22,109,0.0068426042983564805
hgb_synth,ags_gp,8,23,114,0.0068426042983564805
hgb_synth,ags_gp,8,24,119,0.0068426042983564805
hgb_synth,ags_gp,8,25,124,0.0068426042983564805
hgb_synth,ags_gp,8,26,129,0.0068426042983564805
hgb_synth,ags_gp,8,27,134,0.0068426042983564805
hgb_synth,ags_gp,8,28,139,0.0068426042983564805
hgb_synth,ags_gp,8,29,144,0.0068426042983564805
hgb_synth,ags_gp,8,30,149,0.0068426042983564805
hgb_synth,ags_gp,8,31,151,0.0068426042983564805
hgb_synth,ags_gp,8,32,156,0.0068426042983564805
hgb_synth,ags_gp,8,33,161,0.0068426042983564805
hgb_synth,ags_gp,8,34,163,0.0068426042983564805
hgb_synth,ags_gp,8,35,165,0.0068426042983564805
hgb_synth,ags_gp,8,36,167,0.0068426042983564805
hgb_synth,ags_gp,8,37,172,0.0068426042983564805
hgb_synth,ags_gp,8,38,174,0.0068426042983564805
hgb_synth,ags_gp,8,39,176,0.0068426042983564805
hgb_synth,ags_gp,8,40,181,0.0068426042983564805
hgb_synth,ags_gp,9,1,5,0.019974715549936795
hgb_synth,ags_gp,9,2,10,0.012579013906447445
hgb_synth,ags_gp,9,3,15,0.007948798988621997
hgb_synth,ags_gp,9,4,20,0.007948798988621997
hgb_synth,ags_gp,9,5,25,0.007948798988621997
hgb_synth,ags_gp,9,6,30,0.007948798988621997
hgb_synth,ags_gp,9,7,35,0.007948798988621997
hgb_synth,ags_gp,9,8,40,0.002496839443742016
hgb_synth,ags_gp,9,9,45,0.0034292035398232334
hgb_synth,ags_gp,9,10,50,0.0034292035398232334
hgb_synth,ags_gp,9,11,55,0.003966498103666227
hgb_synth,ags_gp,9,12,60,0.003966498103666227
hgb_synth,ags_gp,9,13,65,0.003966498103666227
hgb_synth,ags_gp,9,14,70,0.003966498103666227
hgb_synth,ags_gp,9,15,75,0.003966498103666227
hgb_synth,ags_gp,9,16,80,0.003966498103666227
hgb_synth,ags_gp,9,17,85,0.003966498103666227
hgb_synth,ags_gp,9,18,90,0.003966498103666227
hgb_synth,ags_gp,9,19,94,0.003966498103666227
hgb_synth,ags_gp,9,20,99,0.003966498103666227
hgb_synth,ags_gp,9,21,104,0.003966498103666227
hgb_synth,ags_gp,9,22,106,0.003966498103666227
hgb_synth,ags_gp,9,23,108,0.003966498103666227
hgb_synth,ags_gp,9,24,110,0.003966498103666227
hgb_synth,ags_gp,9,25,115,0.003966498103666227
hgb_synth,ags_gp,9,26,120,0.003966498103666227
hgb_synth,ags_gp,9,27,123,0.003966498103666227
hgb_synth,ags_gp,9,28,128,0.003966498103666227
hgb_synth,ags_gp,9,29,133,0.003966498103666227
hgb_synth,ags_gp,9,30,138,0.003966498103666227
hgb_synth,ags_gp,9,31,140,0.003966498103666227
hgb_synth,ags_gp,9,32,145,0.0010113780025282626
hgb_synth,ags_gp,9,33,150,0.0010113780025282626
hgb_synth,ags_gp,9,34,155,0.004029709228824285
hgb_synth,ags_gp,9,35,160,0.004029709228824285
hgb_synth,ags_gp,9,36,162,0.004029709228824285
hgb_synth,ags_gp,9,37,167,0.004029709228824285
hgb_synth,ags_gp,9,38,172,0.004029709228824285
hgb_synth,ags_gp,9,39,176,0.004029709228824285
hgb_synth,ags_gp,9,40,181,0.004029709228824285
hgb_synth,random,0,1,5,0.015692161820480388
hgb_synth,random,0,2,10,0.00463021491782567
hgb_synth,random,0,3,15,0.00463021491782567
hgb_synth,random,0,4,20,0.0047724399494312175
hgb_synth,random,0,5,25,0.0033027812895067843
hgb_synth,random,0,6,30,0.0033027812895067843
hgb_synth,random,0,7,35,0.0033027812895067843
hgb_synth,random,0,8,40,0.0033027812895067843
hgb_synth,random,0,9,45,0.0033027812895067843
hgb_synth,random,0,10,50,0.0033027812895067843
hgb_synth,random,0,11,55,0.0033027812895067843
hgb_synth,random,0,12,60,0.0033027812895067843
hgb_synth,random,0,13,65,0.0033027812895067843
hgb_synth,random,0,14,70,0.0033027812895067843
hgb_synth,random,0,15,75,0.0033027812895067843
hgb_synth,random,0,16,80,0.0033027812895067843
hgb_synth,random,0,17,85,0.0033027812895067843
hgb_synth,random,0,18,90,0.0033027812895067843
hgb_synth,random,0,19,95,0.0033027812895067843
hgb_synth,random,0,20,100,0.0033027812895067843
hgb_synth,random,0,21,105,0.0033027812895067843
hgb_synth,random,0,22,110,0.0033027812895067843
hgb_synth,random,0,23,115,0.0033027812895067843
hgb_synth,random,0,24,120,0.0033027812895067843
hgb_synth,random,0,25,125,0.0033027812895067843
hgb_synth,random,0,26,130,0.0033027812895067843
hgb_synth,random,0,27,135,0.0033027812895067843
hgb_synth,random,0,28,140,0.0033027812895067843
hgb_synth,random,0,29,145,0.0033027812895067843
hgb_synth,random,0,30,150,0.0033027812895067843
hgb_synth,random,0,31,155,0.0033027812895067843
hgb_synth,random,0,32,160,0.0033027812895067843
hgb_synth,random,0,33,165,0.0033027812895067843
hgb_synth,random,0,34,170,0.0033027812895067843
hgb_synth,random,0,35,175,0.0033027812895067843
hgb_synth,random,0,36,180,0.0033027812895067843
hgb_synth,random,0,37,185,0.0033027812895067843
hgb_synth,random,0,38,190,0.0033027812895067843
hgb_synth,random,0,39,195,0.0033027812895067843
hgb_synth,random,0,40,200,0.0033027812895067843
hgb_synth,random,1,1,5,0.012191845764854659
hgb_synth,random,1,2,10,0.010390328697850837
hgb_synth,random,1,3,15,0.010390328697850837
hgb_synth,random,1,4,20,0.010390328697850837
hgb_synth,random,1,5,25,0.010390328697850837
hgb_synth,random,1,6,30,0.010390328697850837
hgb_synth,random,1,7,35,0.010390328697850837
hgb_synth,random,1,8,40,0.010390328697850837
hgb_synth,random,1,9,45,0.010390328697850837
hgb_synth,random,1,10,50,0.010390328697850837
hgb_synth,random,1,11,55,0.0044721871049304696
hgb_synth,random,1,12,60,0.0044721871049304696
hgb_synth,random,1,13,65,0.0044721871049304696
hgb_synth,random,1,14,70,0.0044721871049304696
hgb_synth,random,1,15,75,0.0044721871049304696
hgb_synth,random,1,16,80,0.0044721871049304696
hgb_synth,random,1,17,85,0.006400126422250074
hgb_synth,random,1,18,90,0.006400126422250074
hgb_synth,random,1,19,95,0.006400126422250074
hgb_synth,random,1,20,100,0.006400126422250074
hgb_synth,random,1,21,105,0.006400126422250074
hgb_synth,random,1,22,110,0.006400126422250074
hgb_synth,random,1,23,115,0.006400126422250074
hgb_synth,random,1,24,120,0.006400126422250074
hgb_synth,random,1,25,125,0.006400126422250074
hgb_synth,random,1,26,130,0.0024652338811630425
hgb_synth,random,1,27,135,0.0024652338811630425
hgb_synth,random,1,28,140,0.0024652338811630425
hgb_synth,random,1,29,145,0.0024652338811630425
hgb_synth,random,1,30,150,0.0024652338811630425
hgb_synth,random,1,31,155,0.0024652338811630425
hgb_synth,random,1,32,160,0.0024652338811630425
hgb_synth,random,1,33,165,0.0024652338811630425
hgb_synth,random,1,34,170,0.0024652338811630425
hgb_synth,random,1,35,175,0.0024652338811630425
hgb_synth,random,1,36,180,0.0024652338811630425
hgb_synth,random,1,37,185,0.0024652338811630425
hgb_synth,random,1,38,190,0.0024652338811630425
hgb_synth,random,1,39,195,0.0024652338811630425
hgb_synth,random,1,40,200,0.0024652338811630425
hgb_synth,random,2,1,5,0.035832806573957265
hgb_synth,random,2,2,10,0.0015012642225031847
hgb_synth,random,2,3,15,0.0015012642225031847
hgb_synth,random,2,4,20,0.0015012642225031847
hgb_synth,random,2,5,25,0.0015012642225031847
hgb_synth,random,2,6,30,0.0015012642225031847
hgb_synth,random,2,7,35,0.0015012642225031847
hgb_synth,random,2,8,40,0.0015012642225031847
hgb_synth,random,2,9,45,0.0015012642225031847
hgb_synth,random,2,10,50,0.0015012642225031847
hgb_synth,random,2,11,55,0.0015012642225031847
hgb_synth,random,2,12,60,0.0015012642225031847
hgb_synth,random,2,13,65,0.0015012642225031847
hgb_synth,random,2,14,70,0.0015012642225031847
hgb_synth,random,2,15,75,0.0015012642225031847
hgb_synth,random,2,16,80,0.0015012642225031847
hgb_synth,random,2,17,85,0.0015012642225031847
hgb_synth,random,2,18,90,0.0015012642225031847
hgb_synth,random,2,19,95,0.0015012642225031847
hgb_synth,random,2,20,100,0.0015012642225031847
hgb_synth,random,2,21,105,0.0015012642225031847
hgb_synth,random,2,22,110,0.0015012642225031847
hgb_synth,random,2,23,115,0.0015012642225031847
hgb_synth,random,2,24,120,0.0015012642225031847
hgb_synth,random,2,25,125,0.0015012642225031847
hgb_synth,random,2,26,130,0.0015012642225031847
hgb_synth,random,2,27,135,0.0015012642225031847
hgb_synth,random,2,28,140,0.0015012642225031847
hgb_synth,random,2,29,145,0.0015012642225031847
hgb_synth,random,2,30,150,0.0015012642225031847
hgb_synth,random,2,31,155,0.0015012642225031847
hgb_synth,random,2,32,160,0.0015012642225031847
hgb_synth,random,2,33,165,0.0015012642225031847
hgb_synth,random,2,34,170,0.0015012642225031847
hgb_synth,random,2,35,175,0.0015012642225031847
hgb_synth,random,2,36,180,0.0015012642225031847
hgb_synth,random,2,37,185,0.0015012642225031847
hgb_synth,random,2,38,190,0.0015012642225031847
hgb_synth,random,2,39,195,0.0015012642225031847
hgb_synth,random,2,40,200,0.0015012642225031847
hgb_synth,random,3,1,5,0.010050568900126455
hgb_synth,random,3,2,10,0.009244627054361687
hgb_synth,random,3,3,15,0.009244627054361687
hgb_synth,random,3,4,20,0.009244627054361687
hgb_synth,random,3,5,25,0.009244627054361687
hgb_synth,random,3,6,30,0.009244627054361687
hgb_synth,random,3,7,35,0.009244627054361687
hgb_synth,random,3,8,40,0.009244627054361687
hgb_synth,random,3,9,45,0.006226295828065664
hgb_synth,random,3,10,50,0.006226295828065664
hgb_synth,random,3,11,55,0.006226295828065664
hgb_synth,random,3,12,60,0.006226295828065664
hgb_synth,random,3,13,65,0.006226295828065664
hgb_synth,random,3,14,70,0.006226295828065664
hgb_synth,random,3,15,75,0.006226295828065664
hgb_synth,random,3,16,80,0.006226295828065664
hgb_synth,random,3,17,85,0.006226295828065664
hgb_synth,random,3,18,90,0.006226295828065664
hgb_synth,random,3,19,95,0.006226295828065664
hgb_synth,random,3,20,100,0.006226295828065664
hgb_synth,random,3,21,105,0.006226295828065664
hgb_synth,random,3,22,110,0.006226295828065664
hgb_synth,random,3,23,115,0.006226295828065664
hgb_synth,random,3,24,120,0.006226295828065664
hgb_synth,random,3,25,125,0.006226295828065664
hgb_synth,random,3,26,130,0.006226295828065664
hgb_synth,random,3,27,135,0.006226295828065664
hgb_synth,random,3,28,140,0.006226295828065664
hgb_synth,random,3,29,145,0.006226295828065664
hgb_synth,random,3,30,150,0.006226295828065664
hgb_synth,random,3,31,155,0.006226295828065664
hgb_synth,random,3,32,160,0.006226295828065664
hgb_synth,random,3,33,165,0.006226295828065664
hgb_synth,random,3,34,170,0.006226295828065664
hgb_synth,random,3,35,175,0.006226295828065664
hgb_synth,random,3,36,180,0.006226295828065664
hgb_synth,random,3,37,185,0.006226295828065664
hgb_synth,random,3,38,190,0.006226295828065664
hgb_synth,random,3,39,195,0.006226295828065664
hgb_synth,random,3,40,200,0.006226295828065664
hgb_synth,random,4,1,5,0.009750316055625818
hgb_synth,random,4,2,10,0.009750316055625818
hgb_synth,random,4,3,15,0.009750316055625818
hgb_synth,random,4,4,20,0.009750316055625818
hgb_synth,random,4,5,25,0.009750316055625818
hgb_synth,random,4,6,30,0.009750316055625818
hgb_synth,random,4,7,35,0.009750316055625818
hgb_synth,random,4,8,40,0.009750316055625818
hgb_synth,random,4,9,45,0.009750316055625818
hgb_synth,random,4,10,50,0.009750316055625818
hgb_synth,random,4,11,55,0.009750316055625818
hgb_synth,random,4,12,60,0.009750316055625818
hgb_synth,random,4,13,65,0.009750316055625818
hgb_synth,random,4,14,70,0.009750316055625818
hgb_synth,random,4,15,75,0.009750316055625818
hgb_synth,random,4,16,80,0.009750316055625818
hgb_synth,random,4,17,85,0.009750316055625818
hgb_synth,random,4,18,90,0.009750316055625818
hgb_synth,random,4,19,95,0.009750316055625818
hgb_synth,random,4,20,100,0.009750316055625818
hgb_synth,random,4,21,105,0.009750316055625818
hgb_synth,random,4,22,110,0.009750316055625818
hgb_synth,random,4,23,115,0.009750316055625818
hgb_synth,random,4,24,120,0.009750316055625818
hgb_synth,random,4,25,125,0.009750316055625818
hgb_synth,random,4,26,130,0.009750316055625818
hgb_synth,random,4,27,135,0.009750316055625818
hgb_synth,random,4,28,140,0.009750316055625818
hgb_synth,random,4,29,145,0.009750316055625818
hgb_synth,random,4,30,150,0.009750316055625818
hgb_synth,random,4,31,155,0.009750316055625818
hgb_synth,random,4,32,160,0.009750316055625818
hgb_synth,random,4,33,165,0.009750316055625818
hgb_synth,random,4,34,170,0.006400126422250074
hgb_synth,random,4,35,175,0.006400126422250074
hgb_synth,random,4,36,180,0.006400126422250074
hgb_synth,random,4,37,185,0.006400126422250074
hgb_synth,random,4,38,190,0.006400126422250074
hgb_synth,random,4,39,195,0.006400126422250074
hgb_synth,random,4,40,200,0.006400126422250074
hgb_synth,random,5,1,5,0.03146333754740849
hgb_synth,random,5,2,10,0.03874051833122649
hgb_synth,random,5,3,15,0.008612515802781218
hgb_synth,random,5,4,20,0.008612515802781218
hgb_synth,random,5,5,25,0.005451959544880092
hgb_synth,random,5,6,30,0.005451959544880092
hgb_synth,random,5,7,35,0.005451959544880092
hgb_synth,random,5,8,40,0.010050568900126455
hgb_synth,random,5,9,45,0.0068426042983564805
hgb_synth,random,5,10,50,0.0068426042983564805
hgb_synth,random,5,11,55,0.0068426042983564805
hgb_synth,random,5,12,60,0.0068426042983564805
hgb_synth,random,5,13,65,0.0068426042983564805
hgb_synth,random,5,14,70,0.0068426042983564805
hgb_synth,random,5,15,75,0.0068426042983564805
hgb_synth,random,5,16,80,0.0068426042983564805
hgb_synth,random,5,17,85,0.0068426042983564805
hgb_synth,random,5,18,90,0.0068426042983564805
hgb_synth,random,5,19,95,0.0068426042983564805
hgb_synth,random,5,20,100,0.0068426042983564805
hgb_synth,random,5,21,105,0.0068426042983564805
hgb_synth,random,5,22,110,0.0068426042983564805
hgb_synth,random,5,23,115,0.0068426042983564805
hgb_synth,random,5,24,120,0.0068426042983564805
hgb_synth,random,5,25,125,0.0028919089759796845
hgb_synth,random,5,26,130,0.0028919089759796845
hgb_synth,random,5,27,135,0.0028919089759796845
hgb_synth,random,5,28,140,0.0028919089759796845
hgb_synth,random,5,29,145,0.0028919089759796845
hgb_synth,random,5,30,150,0.0028919089759796845
hgb_synth,random,5,31,155,0.0028919089759796845
hgb_synth,random,5,32,160,0.0028919089759796845
hgb_synth,random,5,33,165,0.0028919089759796845
hgb_synth,random,5,34,170,0.0028919089759796845
hgb_synth,random,5,35,175,0.0028919089759796845
hgb_synth,random,5,36,180,0.0028919089759796845
hgb_synth,random,5,37,185,0.0028919089759796845
hgb_synth,random,5,38,190,0.0028919089759796845
hgb_synth,random,5,39,195,0.0028919089759796845
hgb_synth,random,5,40,200,0.0028919089759796845
hgb_synth,random,6,1,5,0.008928571428571397
hgb_synth,random,6,2,10,0.004851453855878485
hgb_synth,random,6,3,15,0.005609987357774848
hgb_synth,random,6,4,20,0.005609987357774848
hgb_synth,random,6,5,25,0.005609987357774848
hgb_synth,random,6,6,30,0.00121681415929209
hgb_synth,random,6,7,35,0.008912768647281855
hgb_synth,random,6,8,40,0.008912768647281855
hgb_synth,random,6,9,45,0.008912768647281855
hgb_synth,random,6,10,50,0.008912768647281855
hgb_synth,random,6,11,55,0.008912768647281855
hgb_synth,random,6,12,60,0.008912768647281855
hgb_synth,random,6,13,65,0.008912768647281855
hgb_synth,random,6,14,70,0.008912768647281855
hgb_synth,random,6,15,75,0.008912768647281855
hgb_synth,random,6,16,80,0.008912768647281855
hgb_synth,random,6,17,85,0.008912768647281855
hgb_synth,random,6,18,90,0.003286978508217464
hgb_synth,random,6,19,95,0.003286978508217464
hgb_synth,random,6,20,100,0.003286978508217464
hgb_synth,random,6,21,105,0.003286978508217464
hgb_synth,random,6,22,110,0.003286978508217464
hgb_synth,random,6,23,115,0.003286978508217464
hgb_synth,random,6,24,120,0.003286978508217464
hgb_synth,random,6,25,125,0.003286978508217464
hgb_synth,random,6,26,130,0.003286978508217464
hgb_synth,random,6,27,135,0.003286978508217464
hgb_synth,random,6,28,140,0.003286978508217464
hgb_synth,random,6,29,145,0.003286978508217464
hgb_synth,random,6,30,150,0.003286978508217464
hgb_synth,random,6,31,155,0.003286978508217464
hgb_synth,random,6,32,160,0.003286978508217464
hgb_synth,random,6,33,165,0.003286978508217464
hgb_synth,random,6,34,170,0.003286978508217464
hgb_synth,random,6,35,175,0.003286978508217464
hgb_synth,random,6,36,180,0.003286978508217464
hgb_synth,random,6,37,185,0.003286978508217464
hgb_synth,random,6,38,190,0.003286978508217464
hgb_synth,random,6,39,195,0.003286978508217464
hgb_synth,random,6,40,200,0.003286978508217464
hgb_synth,random,7,1,5,0.03968868520859681
hgb_synth,random,7,2,10,0.008628318584070871
hgb_synth,random,7,3,15,0.008628318584070871
hgb_synth,random,7,4,20,0.00121681415929209
hgb_synth,random,7,5,25,0.007095448798988602
hgb_synth,random,7,6,30,0.007095448798988602
hgb_synth,random,7,7,35,0.007095448798988602
hgb_synth,random,7,8,40,0.007095448798988602
hgb_synth,random,7,9,45,0.007095448798988602
hgb_synth,random,7,10,50,0.007095448798988602
hgb_synth,random,7,11,55,0.007095448798988602
hgb_synth,random,7,12,60,0.007095448798988602
hgb_synth,random,7,13,65,0.007095448798988602
hgb_synth,random,7,14,70,0.007095448798988602
hgb_synth,random,7,15,75,0.007095448798988602
hgb_synth,random,7,16,80,0.007095448798988602
hgb_synth,random,7,17,85,0.007095448798988602
hgb_synth,random,7,18,90,0.007095448798988602
hgb_synth,random,7,19,95,0.007095448798988602
hgb_synth,random,7,20,100,0.007095448798988602
hgb_synth,random,7,21,105,0.007095448798988602
hgb_synth,random,7,22,110,0.007095448798988602
hgb_synth,random,7,23,115,0.007095448798988602
hgb_synth,random,7,24,120,0.007095448798988602
hgb_synth,random,7,25,125,0.007095448798988602
hgb_synth,random,7,26,130,0.007095448798988602
hgb_synth,random,7,27,135,0.007095448798988602
hgb_synth,random,7,28,140,0.007095448798988602
hgb_synth,random,7,29,145,0.007095448798988602
hgb_synth,random,7,30,150,0.007095448798988602
hgb_synth,random,7,31,155,0.007095448798988602
hgb_synth,random,7,32,160,0.00651074589127687
hgb_synth,random,7,33,165,0.00651074589127687
hgb_synth,random,7,34,170,0.00651074589127687
hgb_synth,random,7,35,175,0.00651074589127687
hgb_synth,random,7,36,180,0.00651074589127687
hgb_synth,random,7,37,185,0.004029709228824285
hgb_synth,random,7,38,190,0.004029709228824285
hgb_synth,random,7,39,195,0.004029709228824285
hgb_synth,random,7,40,200,0.004029709228824285
hgb_synth,random,8,1,5,0.01701959544879883
hgb_synth,random,8,2,10,0.010975031605562457
hgb_synth,random,8,3,15,0.010975031605562457
hgb_synth,random,8,4,20,0.010975031605562457
hgb_synth,random,8,5,25,0.005704804045511991
hgb_synth,random,8,6,30,0.005704804045511991
hgb_synth,random,8,7,35,0.005704804045511991
hgb_synth,random,8,8,40,0.005704804045511991
hgb_synth,random,8,9,45,0.005704804045511991
hgb_synth,random,8,10,50,0.005704804045511991
hgb_synth,random,8,11,55,0.006400126422250074
hgb_synth,random,8,12,60,0.006400126422250074
hgb_synth,random,8,13,65,0.006400126422250074
hgb_synth,random,8,14,70,0.006400126422250074
hgb_synth,random,8,15,75,0.006400126422250074
hgb_synth,random,8,16,80,0.006400126422250074
hgb_synth,random,8,17,85,0.006400126422250074
hgb_synth,random,8,18,90,0.006400126422250074
hgb_synth,random,8,19,95,0.006400126422250074
hgb_synth,random,8,20,100,0.006400126422250074
hgb_synth,random,8,21,105,0.006400126422250074
hgb_synth,random,8,22,110,0.006400126422250074
hgb_synth,random,8,23,115,0.006400126422250074
hgb_synth,random,8,24,120,0.006400126422250074
hgb_synth,random,8,25,125,0.006400126422250074
hgb_synth,random,8,26,130,0.006400126422250074
hgb_synth,random,8,27,135,0.006400126422250074
hgb_synth,random,8,28,140,0.006400126422250074
hgb_synth,random,8,29,145,0.006400126422250074
hgb_synth,random,8,30,150,0.006400126422250074
hgb_synth,random,8,31,155,0.006400126422250074
hgb_synth,random,8,32,160,0.006400126422250074
hgb_synth,random,8,33,165,0.006400126422250074
hgb_synth,random,8,34,170,0.006400126422250074
hgb_synth,random,8,35,175,0.006400126422250074
hgb_synth,random,8,36,180,0.0034292035398232334
hgb_synth,random,8,37,185,0.0034292035398232334
hgb_synth,random,8,38,190,0.0034292035398232334
hgb_synth,random,8,39,195,0.0034292035398232334
hgb_synth,random,8,40,200,0.0034292035398232334
hgb_synth,random,9,1,5,0.0047724399494312175
hgb_synth,random,9,2,10,0.0047724399494312175
hgb_synth,random,9,3,15,0.0047724399494312175
hgb_synth,random,9,4,20,0.0047724399494312175
hgb_synth,random,9,5,25,0.0047724399494312175
hgb_synth,random,9,6,30,0.0047724399494312175
hgb_synth,random,9,7,35,0.0047724399494312175
hgb_synth,random,9,8,40,0.0047724399494312175
hgb_synth,random,9,9,45,0.0047724399494312175
hgb_synth,random,9,10,50,0.0047724399494312175
hgb_synth,random,9,11,55,0.0047724399494312175
hgb_synth,random,9,12,60,0.0047724399494312175
hgb_synth,random,9,13,65,0.0047724399494312175
hgb_synth,random,9,14,70,0.0047724399494312175
hgb_synth,random,9,15,75,0.0047724399494312175
hgb_synth,random,9,16,80,0.0047724399494312175
hgb_synth,random,9,17,85,0.0047724399494312175
hgb_synth,random,9,18,90,0.0047724399494312175
hgb_synth,random,9,19,95,0.0047724399494312175
hgb_synth,random,9,20,100,0.0047724399494312175
hgb_synth,random,9,21,105,0.0047724399494312175
hgb_synth,random,9,22,110,0.0047724399494312175
hgb_synth,random,9,23,115,0.0047724399494312175
hgb_synth,random,9,24,120,0.0047724399494312175
hgb_synth,random,9,25,125,0.0047724399494312175
hgb_synth,random,9,26,130,0.0047724399494312175
hgb_synth,random,9,27,135,0.0047724399494312175
hgb_synth,random,9,28,140,0.0047724399494312175
hgb_synth,random,9,29,145,0.0047724399494312175
hgb_synth,random,9,30,150,0.0047724399494312175
hgb_synth,random,9,31,155,0.0047724399494312175
hgb_synth,random,9,32,160,0.0047724399494312175
hgb_synth,random,9,33,165,0.0047724399494312175
hgb_synth,random,9,34,170,0.0047724399494312175
hgb_synth,random,9,35,175,0.0047724399494312175
hgb_synth,random,9,36,180,0.0047724399494312175
hgb_synth,random,9,37,185,0.0047724399494312175
hgb_synth,random,9,38,190,0.0047724399494312175
hgb_synth,random,9,39,195,0.0047724399494312175
hgb_synth,random,9,40,200,0.0047724399494312175
hgb_synth,optuna_tpe,0,1,5,0.004946270543615627
hgb_synth,optuna_tpe,0,2,10,0.0034292035398232334
hgb_synth,optuna_tpe,0,3,15,0.0034292035398232334
hgb_synth,optuna_tpe,0,4,20,0.0034292035398232334
hgb_synth,optuna_tpe,0,5,25,0.0034292035398232334
hgb_synth,optuna_tpe,0,6,30,0.0034292035398232334
hgb_synth,optuna_tpe,0,7,35,0.0034292035398232334
hgb_synth,optuna_tpe,0,8,40,0.0034292035398232334
hgb_synth,optuna_tpe,0,9,45,0.0034292035398232334
hgb_synth,optuna_tpe,0,10,50,0.0034292035398232334
hgb_synth,optuna_tpe,0,11,55,0.0034292035398232334
hgb_synth,optuna_tpe,0,12,60,0.0034292035398232334
hgb_synth,optuna_tpe,0,13,65,0.0034292035398232334
hgb_synth,optuna_tpe,0,14,70,0.0034292035398232334
hgb_synth,optuna_tpe,0,15,75,0.0034292035398232334
hgb_synth,optuna_tpe,0,16,80,0.0034292035398232334
hgb_synth,optuna_tpe,0,17,85,0.0034292035398232334
hgb_synth,optuna_tpe,0,18,90,0.0034292035398232334
hgb_synth,optuna_tpe,0,19,95,0.0034292035398232334
hgb_synth,optuna_tpe,0,20,100,0.0034292035398232334
hgb_synth,optuna_tpe,0,21,105,0.0034292035398232334
hgb_synth,optuna_tpe,0,22,110,0.0034292035398232334
hgb_synth,optuna_tpe,0,23,115,0.0034292035398232334
hgb_synth,optuna_tpe,0,24,120,0.0034292035398232334
hgb_synth,optuna_tpe,0,25,125,0.0034292035398232334
hgb_synth,optuna_tpe,0,26,130,0.0034292035398232334
hgb_synth,optuna_tpe,0,27,135,0.0034292035398232334
hgb_synth,optuna_tpe,0,28,140,0.0034292035398232334
hgb_synth,optuna_tpe,0,29,145,0.0034292035398232334
hgb_synth,optuna_tpe,0,30,150,0.0034292035398232334
hgb_synth,optuna_tpe,0,31,155,0.0034292035398232334
hgb_synth,optuna_tpe,0,32,160,0.0034292035398232334
hgb_synth,optuna_tpe,0,33,165,0.0034292035398232334
hgb_synth,optuna_tpe,0,34,170,0.0034292035398232334
hgb_synth,optuna_tpe,0,35,175,0.0034292035398232334
hgb_synth,optuna_tpe,0,36,180,0.0034292035398232334
hgb_synth,optuna_tpe,0,37,185,0.0034292035398232334
hgb_synth,optuna_tpe,0,38,190,0.0034292035398232334
hgb_synth,optuna_tpe,0,39,195,0.0034292035398232334
hgb_synth,optuna_tpe,0,40,200,0.0034292035398232334
hgb_synth,optuna_tpe,1,1,5,0.005847029077117649
hgb_synth,optuna_tpe,1,2,10,0.005847029077117649
hgb_synth,optuna_tpe,1,3,15,0.00765644753476602
hgb_synth,optuna_tpe,1,4,20,0.006226295828065664
hgb_synth,optuna_tpe,1,5,25,0.006226295828065664
hgb_synth,optuna_tpe,1,6,30,0.005609987357774848
hgb_synth,optuna_tpe,1,7,35,0.005609987357774848
hgb_synth,optuna_tpe,1,8,40,0.005609987357774848
hgb_synth,optuna_tpe,1,9,45,0.005609987357774848
hgb_synth,optuna_tpe,1,10,50,0.0
hgb_synth,optuna_tpe,1,11,55,0.0
hgb_synth,optuna_tpe,1,12,60,0.0
hgb_synth,optuna_tpe,1,13,65,0.0010113780025282626
hgb_synth,optuna_tpe,1,14,70,0.0010113780025282626
hgb_synth,optuna_tpe,1,15,75,0.0010113780025282626
hgb_synth,optuna_tpe,1,16,80,0.0010113780025282626
hgb_synth,optuna_tpe,1,17,85,0.0010113780025282626
hgb_synth,optuna_tpe,1,18,90,0.0010113780025282626
hgb_synth,optuna_tpe,1,19,95,0.0010113780025282626
hgb_synth,optuna_tpe,1,20,100,0.0010113780025282626
hgb_synth,optuna_tpe,1,21,105,0.0010113780025282626
hgb_synth,optuna_tpe,1,22,110,0.0010113780025282626
hgb_synth,optuna_tpe,1,23,115,0.0010113780025282626
hgb_synth,optuna_tpe,1,24,120,0.0010113780025282626
hgb_synth,optuna_tpe,1,25,125,0.0010113780025282626
hgb_synth,optuna_tpe,1,26,130,0.0010113780025282626
hgb_synth,optuna_tpe,1,27,135,0.0010113780025282626
hgb_synth,optuna_tpe,1,28,140,0.0010113780025282626
hgb_synth,optuna_tpe,1,29,145,0.0010113780025282626
hgb_synth,optuna_tpe,1,30,150,0.0010113780025282626
hgb_synth,optuna_tpe,1,31,155,0.0010113780025282626
hgb_synth,optuna_tpe,1,32,160,0.0010113780025282626
hgb_synth,optuna_tpe,1,33,165,0.0010113780025282626
hgb_synth,optuna_tpe,1,34,170,0.0010113780025282626
hgb_synth,optuna_tpe,1,35,175,0.0010113780025282626
hgb_synth,optuna_tpe,1,36,180,0.0010113780025282626
hgb_synth,optuna_tpe,1,37,185,0.0010113780025282626
hgb_synth,optuna_tpe,1,38,190,0.0010113780025282626
hgb_synth,optuna_tpe,1,39,195,0.0010113780025282626
hgb_synth,optuna_tpe,1,40,200,0.0010113780025282626
hgb_synth,optuna_tpe,2,1,5,0.012002212389380484
hgb_synth,optuna_tpe,2,2,10,0.007032237673830655
hgb_synth,optuna_tpe,2,3,15,0.007032237673830655
hgb_synth,optuna_tpe,2,4,20,0.007032237673830655
hgb_synth,optuna_tpe,2,5,25,0.008881163084702881
hgb_synth,optuna_tpe,2,6,30,0.008881163084702881
hgb_synth,optuna_tpe,2,7,35,0.008881163084702881
hgb_synth,optuna_tpe,2,8,40,0.008881163084702881
hgb_synth,optuna_tpe,2,9,45,0.008881163084702881
hgb_synth,optuna_tpe,2,10,50,0.008881163084702881
hgb_synth,optuna_tpe,2,11,55,0.008881163084702881
hgb_synth,optuna_tpe,2,12,60,0.008881163084702881
hgb_synth,optuna_tpe,2,13,65,0.008881163084702881
hgb_synth,optuna_tpe,2,14,70,0.008881163084702881
hgb_synth,optuna_tpe,2,15,75,0.008881163084702881
hgb_synth,optuna_tpe,2,16,80,0.008881163084702881
hgb_synth,optuna_tpe,2,17,85,0.008881163084702881
hgb_synth,optuna_tpe,2,18,90,0.008881163084702881
hgb_synth,optuna_tpe,2,19,95,0.008881163084702881
hgb_synth,optuna_tpe,2,20,100,0.007364096080910043
hgb_synth,optuna_tpe,2,21,105,0.007364096080910043
hgb_synth,optuna_tpe,2,22,110,0.007364096080910043
hgb_synth,optuna_tpe,2,23,115,0.007364096080910043
hgb_synth,optuna_tpe,2,24,120,0.007364096080910043
hgb_synth,optuna_tpe,2,25,125,0.007364096080910043
hgb_synth,optuna_tpe,2,26,130,0.007364096080910043
hgb_synth,optuna_tpe,2,27,135,0.007364096080910043
hgb_synth,optuna_tpe,2,28,140,0.007364096080910043
hgb_synth,optuna_tpe,2,29,145,0.007364096080910043
hgb_synth,optuna_tpe,2,30,150,0.007364096080910043
hgb_synth,optuna_tpe,2,31,155,0.007364096080910043
hgb_synth,optuna_tpe,2,32,160,0.007364096080910043
hgb_synth,optuna_tpe,2,33,165,0.007364096080910043
hgb_synth,optuna_tpe,2,34,170,0.007364096080910043
hgb_synth,optuna_tpe,2,35,175,0.007364096080910043
hgb_synth,optuna_tpe,2,36,180,0.007364096080910043
hgb_synth,optuna_tpe,2,37,185,0.007364096080910043
hgb_synth,optuna_tpe,2,38,190,0.007364096080910043
hgb_synth,optuna_tpe,2,39,195,0.007364096080910043
hgb_synth,optuna_tpe,2,40,200,0.007364096080910043
hgb_synth,optuna_tpe,3,1,5,0.0047724399494312175
hgb_synth,optuna_tpe,3,2,10,0.0047724399494312175
hgb_synth,optuna_tpe,3,3,15,0.0047724399494312175
hgb_synth,optuna_tpe,3,4,20,0.0047724399494312175
hgb_synth,optuna_tpe,3,5,25,0.0047724399494312175
hgb_synth,optuna_tpe,3,6,30,0.0047724399494312175
hgb_synth,optuna_tpe,3,7,35,0.0047724399494312175
hgb_synth,optuna_tpe,3,8,40,0.0047724399494312175
hgb_synth,optuna_tpe,3,9,45,0.0047724399494312175
hgb_synth,optuna_tpe,3,10,50,0.0047724399494312175
hgb_synth,optuna_tpe,3,11,55,0.0047724399494312175
hgb_synth,optuna_tpe,3,12,60,0.0047724399494312175
hgb_synth,optuna_tpe,3,13,65,0.0047724399494312175
hgb_synth,optuna_tpe,3,14,70,0.005341340075853407
hgb_synth,optuna_tpe,3,15,75,0.0054993678887483854
hgb_synth,optuna_tpe,3,16,80,0.0054993678887483854
hgb_synth,optuna_tpe,3,17,85,0.0054993678887483854
hgb_synth,optuna_tpe,3,18,90,0.0054993678887483854
hgb_synth,optuna_tpe,3,19,95,0.0054993678887483854
hgb_synth,optuna_tpe,3,20,100,0.0054993678887483854
hgb_synth,optuna_tpe,3,21,105,0.0054993678887483854
hgb_synth,optuna_tpe,3,22,110,0.0054993678887483854
hgb_synth,optuna_tpe,3,23,115,0.0054993678887483854
hgb_synth,optuna_tpe,3,24,120,0.0054993678887483854
hgb_synth,optuna_tpe,3,25,125,0.0054993678887483854
hgb_synth,optuna_tpe,3,26,130,0.0054993678887483854
hgb_synth,optuna_tpe,3,27,135,0.0054993678887483854
hgb_synth,optuna_tpe,3,28,140,0.0054993678887483854
hgb_synth,optuna_tpe,3,29,145,0.0054993678887483854
hgb_synth,optuna_tpe,3,30,150,0.0054993678887483854
hgb_synth,optuna_tpe,3,31,155,0.0054993678887483854
hgb_synth,optuna_tpe,3,32,160,0.0054993678887483854
hgb_synth,optuna_tpe,3,33,165,0.0054993678887483854
hgb_synth,optuna_tpe,3,34,170,0.0054993678887483854
hgb_synth,optuna_tpe,3,35,175,0.0054993678887483854
hgb_synth,optuna_tpe,3,36,180,0.0054993678887483854
hgb_synth,optuna_tpe,3,37,185,0.0054993678887483854
hgb_synth,optuna_tpe,3,38,190,0.0054993678887483854
hgb_synth,optuna_tpe,3,39,195,0.0054993678887483854
hgb_synth,optuna_tpe,3,40,200,0.0054993678887483854
hgb_synth,optuna_tpe,4,1,5,0.007364096080910043
hgb_synth,optuna_tpe,4,2,10,0.008707332490518471
hgb_synth,optuna_tpe,4,3,15,0.008707332490518471
hgb_synth,optuna_tpe,4,4,20,0.008707332490518471
hgb_synth,optuna_tpe,4,5,25,0.008707332490518471
hgb_synth,optuna_tpe,4,6,30,0.003397597977244038
hgb_synth,optuna_tpe,4,7,35,0.003397597977244038
hgb_synth,optuna_tpe,4,8,40,0.003397597977244038
hgb_synth,optuna_tpe,4,9,45,0.003397597977244038
hgb_synth,optuna_tpe,4,10,50,0.003397597977244038
hgb_synth,optuna_tpe,4,11,55,0.003397597977244038
hgb_synth,optuna_tpe,4,12,60,0.003397597977244038
hgb_synth,optuna_tpe,4,13,65,0.003397597977244038
hgb_synth,optuna_tpe,4,14,70,0.003397597977244038
hgb_synth,optuna_tpe,4,15,75,0.003397597977244038
hgb_synth,optuna_tpe,4,16,80,0.003397597977244038
hgb_synth,optuna_tpe,4,17,85,0.003397597977244038
hgb_synth,optuna_tpe,4,18,90,0.003397597977244038
hgb_synth,optuna_tpe,4,19,95,0.0034292035398232334
hgb_synth,optuna_tpe,4,20,100,0.0034292035398232334
hgb_synth,optuna_tpe,4,21,105,0.0034292035398232334
hgb_synth,optuna_tpe,4,22,110,0.003286978508217464
hgb_synth,optuna_tpe,4,23,115,0.003286978508217464
hgb_synth,optuna_tpe,4,24,120,0.003286978508217464
hgb_synth,optuna_tpe,4,25,125,0.003286978508217464
hgb_synth,optuna_tpe,4,26,130,0.003286978508217464
hgb_synth,optuna_tpe,4,27,135,0.003286978508217464
hgb_synth,optuna_tpe,4,28,140,0.003286978508217464
hgb_synth,optuna_tpe,4,29,145,0.003286978508217464
hgb_synth,optuna_tpe,4,30,150,0.003286978508217464
hgb_synth,optuna_tpe,4,31,155,0.003286978508217464
hgb_synth,optuna_tpe,4,32,160,0.003286978508217464
hgb_synth,optuna_tpe,4,33,165,0.003286978508217464
hgb_synth,optuna_tpe,4,34,170,0.003286978508217464
hgb_synth,optuna_tpe,4,35,175,0.003286978508217464
hgb_synth,optuna_tpe,4,36,180,0.003286978508217464
hgb_synth,optuna_tpe,4,37,185,0.003286978508217464
hgb_synth,optuna_tpe,4,38,190,0.003286978508217464
hgb_synth,optuna_tpe,4,39,195,0.003286978508217464
hgb_synth,optuna_tpe,4,40,200,0.003286978508217464
hgb_synth,optuna_tpe,5,1,5,0.006226295828065664
hgb_synth,optuna_tpe,5,2,10,0.006226295828065664
hgb_synth,optuna_tpe,5,3,15,0.006226295828065664
hgb_synth,optuna_tpe,5,4,20,0.006226295828065664
hgb_synth,optuna_tpe,5,5,25,0.005025284450063228
hgb_synth,optuna_tpe,5,6,30,0.005025284450063228
hgb_synth,optuna_tpe,5,7,35,0.005025284450063228
hgb_synth,optuna_tpe,5,8,40,0.004156131479140401
hgb_synth,optuna_tpe,5,9,45,0.004156131479140401
hgb_synth,optuna_tpe,5,10,50,0.004156131479140401
hgb_synth,optuna_tpe,5,11,55,0.004156131479140401
hgb_synth,optuna_tpe,5,12,60,0.004156131479140401
hgb_synth,optuna_tpe,5,13,65,0.004156131479140401
hgb_synth,optuna_tpe,5,14,70,0.004156131479140401
hgb_synth,optuna_tpe,5,15,75,0.004156131479140401
hgb_synth,optuna_tpe,5,16,80,0.004156131479140401
hgb_synth,optuna_tpe,5,17,85,0.0015012642225031847
hgb_synth,optuna_tpe,5,18,90,0.0015012642225031847
hgb_synth,optuna_tpe,5,19,95,0.0015012642225031847
hgb_synth,optuna_tpe,5,20,100,0.0015012642225031847
hgb_synth,optuna_tpe,5,21,105,0.0015012642225031847
hgb_synth,optuna_tpe,5,22,110,0.0015012642225031847
hgb_synth,optuna_tpe,5,23,115,0.0015012642225031847
hgb_synth,optuna_tpe,5,24,120,0.0015012642225031847
hgb_synth,optuna_tpe,5,25,125,0.0015012642225031847
hgb_synth,optuna_tpe,5,26,130,0.0015012642225031847
hgb_synth,optuna_tpe,5,27,135,0.0015012642225031847
hgb_synth,optuna_tpe,5,28,140,0.0015012642225031847
hgb_synth,optuna_tpe,5,29,145,0.0015012642225031847
hgb_synth,optuna_tpe,5,30,150,0.0015012642225031847
hgb_synth,optuna_tpe,5,31,155,0.0015012642225031847
hgb_synth,optuna_tpe,5,32,160,0.0015012642225031847
hgb_synth,optuna_tpe,5,33,165,0.0015012642225031847
hgb_synth,optuna_tpe,5,34,170,0.0015012642225031847
hgb_synth,optuna_tpe,5,35,175,0.0015012642225031847
hgb_synth,optuna_tpe,5,36,180,0.0015012642225031847
hgb_synth,optuna_tpe,5,37,185,0.0015012642225031847
hgb_synth,optuna_tpe,5,38,190,0.0015012642225031847
hgb_synth,optuna_tpe,5,39,195,0.0015012642225031847
hgb_synth,optuna_tpe,5,40,200,0.0015012642225031847
hgb_synth,optuna_tpe,6,1,5,0.012831858407079677
hgb_synth,optuna_tpe,6,2,10,0.012831858407079677
hgb_synth,optuna_tpe,6,3,15,0.005341340075853407
hgb_synth,optuna_tpe,6,4,20,0.00292351453855888
hgb_synth,optuna_tpe,6,5,25,0.00292351453855888
hgb_synth,optuna_tpe,6,6,30,0.00292351453855888
hgb_synth,optuna_tpe,6,7,35,0.00292351453855888
hgb_synth,optuna_tpe,6,8,40,0.00292351453855888
hgb_synth,optuna_tpe,6,9,45,0.00292351453855888
hgb_synth,optuna_tpe,6,10,50,0.00292351453855888
hgb_synth,optuna_tpe,6,11,55,0.00292351453855888
hgb_synth,optuna_tpe,6,12,60,0.00292351453855888
hgb_synth,optuna_tpe,6,13,65,0.00292351453855888
hgb_synth,optuna_tpe,6,14,70,0.00292351453855888
hgb_synth,optuna_tpe,6,15,75,0.00292351453855888
hgb_synth,optuna_tpe,6,16,80,0.00292351453855888
hgb_synth,optuna_tpe,6,17,85,0.0034292035398232334
hgb_synth,optuna_tpe,6,18,90,0.0034292035398232334
hgb_synth,optuna_tpe,6,19,95,0.0034292035398232334
hgb_synth,optuna_tpe,6,20,100,0.0034292035398232334
hgb_synth,optuna_tpe,6,21,105,0.0034292035398232334
hgb_synth,optuna_tpe,6,22,110,0.0034292035398232334
hgb_synth,optuna_tpe,6,23,115,0.0034292035398232334
hgb_synth,optuna_tpe,6,24,120,0.0034292035398232334
hgb_synth,optuna_tpe,6,25,125,0.0034292035398232334
hgb_synth,optuna_tpe,6,26,130,0.0034292035398232334
hgb_synth,optuna_tpe,6,27,135,0.0034292035398232334
hgb_synth,optuna_tpe,6,28,140,0.0034292035398232334
hgb_synth,optuna_tpe,6,29,145,0.0034292035398232334
hgb_synth,optuna_tpe,6,30,150,0.0034292035398232334
hgb_synth,optuna_tpe,6,31,155,0.0034292035398232334
hgb_synth,optuna_tpe,6,32,160,0.0034292035398232334
hgb_synth,optuna_tpe,6,33,165,0.0034292035398232334
hgb_synth,optuna_tpe,6,34,170,0.0034292035398232334
hgb_synth,optuna_tpe,6,35,175,0.0034292035398232334
hgb_synth,optuna_tpe,6,36,180,0.0034292035398232334
hgb_synth,optuna_tpe,6,37,185,0.0034292035398232334
hgb_synth,optuna_tpe,6,38,190,0.0034292035398232334
hgb_synth,optuna_tpe,6,39,195,0.0034292035398232334
hgb_synth,optuna_tpe,6,40,200,0.0034292035398232334
hgb_synth,optuna_tpe,7,1,5,0.01259481668773721
hgb_synth,optuna_tpe,7,2,10,0.004819848293299622
hgb_synth,optuna_tpe,7,3,15,0.006329013906447467
hgb_synth,optuna_tpe,7,4,20,0.006329013906447467
hgb_synth,optuna_tpe,7,5,25,0.006329013906447467
hgb_synth,optuna_tpe,7,6,30,0.00121681415929209
hgb_synth,optuna_tpe,7,7,35,0.00121681415929209
hgb_synth,optuna_tpe,7,8,40,0.007095448798988602
hgb_synth,optuna_tpe,7,9,45,0.007095448798988602
hgb_synth,optuna_tpe,7,10,50,0.0038558786346396534
hgb_synth,optuna_tpe,7,11,55,0.0038558786346396534
hgb_synth,optuna_tpe,7,12,60,0.0038558786346396534
hgb_synth,optuna_tpe,7,13,65,0.0038558786346396534
hgb_synth,optuna_tpe,7,14,70,0.0038558786346396534
hgb_synth,optuna_tpe,7,15,75,0.0038558786346396534
hgb_synth,optuna_tpe,7,16,80,0.0038558786346396534
hgb_synth,optuna_tpe,7,17,85,0.0038558786346396534
hgb_synth,optuna_tpe,7,18,90,0.0038558786346396534
hgb_synth,optuna_tpe,7,19,95,0.0038558786346396534
hgb_synth,optuna_tpe,7,20,100,0.0038558786346396534
hgb_synth,optuna_tpe,7,21,105,0.0038558786346396534
hgb_synth,optuna_tpe,7,22,110,0.0038558786346396534
hgb_synth,optuna_tpe,7,23,115,0.004029709228824285
hgb_synth,optuna_tpe,7,24,120,0.004029709228824285
hgb_synth,optuna_tpe,7,25,125,0.004029709228824285
hgb_synth,optuna_tpe,7,26,130,0.004029709228824285
hgb_synth,optuna_tpe,7,27,135,0.004029709228824285
hgb_synth,optuna_tpe,7,28,140,0.004029709228824285
hgb_synth,optuna_tpe,7,29,145,0.004029709228824285
hgb_synth,optuna_tpe,7,30,150,0.004029709228824285
hgb_synth,optuna_tpe,7,31,155,0.004029709228824285
hgb_synth,optuna_tpe,7,32,160,0.004029709228824285
hgb_synth,optuna_tpe,7,33,165,0.004029709228824285
hgb_synth,optuna_tpe,7,34,170,0.004029709228824285
hgb_synth,optuna_tpe,7,35,175,0.004029709228824285
hgb_synth,optuna_tpe,7,36,180,0.004029709228824285
hgb_synth,optuna_tpe,7,37,185,0.004029709228824285
hgb_synth,optuna_tpe,7,38,190,0.004029709228824285
hgb_synth,optuna_tpe,7,39,195,0.004029709228824285
hgb_synth,optuna_tpe,7,40,200,0.004029709228824285
hgb_synth,optuna_tpe,8,1,5,0.008912768647281855
hgb_synth,optuna_tpe,8,2,10,0.008912768647281855
hgb_synth,optuna_tpe,8,3,15,0.00480404551201008
hgb_synth,optuna_tpe,8,4,20,0.003286978508217464
hgb_synth,optuna_tpe,8,5,25,0.003286978508217464
hgb_synth,optuna_tpe,8,6,30,0.003286978508217464
hgb_synth,optuna_tpe,8,7,35,0.003286978508217464
hgb_synth,optuna_tpe,8,8,40,0.003286978508217464
hgb_synth,optuna_tpe,8,9,45,0.003286978508217464
hgb_synth,optuna_tpe,8,10,50,0.003286978508217464
hgb_synth,optuna_tpe,8,11,55,0.003286978508217464
hgb_synth,optuna_tpe,8,12,60,0.0034292035398232334
hgb_synth,optuna_tpe,8,13,65,0.0034292035398232334
hgb_synth,optuna_tpe,8,14,70,0.0034292035398232334
hgb_synth,optuna_tpe,8,15,75,0.0034292035398232334
hgb_synth,optuna_tpe,8,16,80,0.0054993678887483854
hgb_synth,optuna_tpe,8,17,85,0.0054993678887483854
hgb_synth,optuna_tpe,8,18,90,0.0054993678887483854
hgb_synth,optuna_tpe,8,19,95,0.0054993678887483854
hgb_synth,optuna_tpe,8,20,100,0.0054993678887483854
hgb_synth,optuna_tpe,8,21,105,0.0054993678887483854
hgb_synth,optuna_tpe,8,22,110,0.0054993678887483854
hgb_synth,optuna_tpe,8,23,115,0.0054993678887483854
hgb_synth,optuna_tpe,8,24,120,0.0054993678887483854
hgb_synth,optuna_tpe,8,25,125,0.0054993678887483854
hgb_synth,optuna_tpe,8,26,130,0.0054993678887483854
hgb_synth,optuna_tpe,8,27,135,0.0054993678887483854
hgb_synth,optuna_tpe,8,28,140,0.0054993678887483854
hgb_synth,optuna_tpe,8,29,145,0.0054993678887483854
hgb_synth,optuna_tpe,8,30,150,0.0054993678887483854
hgb_synth,optuna_tpe,8,31,155,0.0054993678887483854
hgb_synth,optuna_tpe,8,32,160,0.0054993678887483854
hgb_synth,optuna_tpe,8,33,165,0.002986725663716827
hgb_synth,optuna_tpe,8,34,170,0.002986725663716827
hgb_synth,optuna_tpe,8,35,175,0.002986725663716827
hgb_synth,optuna_tpe,8,36,180,0.002986725663716827
hgb_synth,optuna_tpe,8,37,185,0.002986725663716827
hgb_synth,optuna_tpe,8,38,190,0.002986725663716827
hgb_synth,optuna_tpe,8,39,195,0.002986725663716827
hgb_synth,optuna_tpe,8,40,200,0.002986725663716827
hgb_synth,optuna_tpe,9,1,5,0.036235777496839594
hgb_synth,optuna_tpe,9,2,10,0.036235777496839594
hgb_synth,optuna_tpe,9,3,15,0.02253476611883687
hgb_synth,optuna_tpe,9,4,20,0.014902022756005051
hgb_synth,optuna_tpe,9,5,25,0.008628318584070871
hgb_synth,optuna_tpe,9,6,30,0.008628318584070871
hgb_synth,optuna_tpe,9,7,35,0.010761694058154414
hgb_synth,optuna_tpe,9,8,40,0.0054993678887483854
hgb_synth,optuna_tpe,9,9,45,0.0054993678887483854
hgb_synth,optuna_tpe,9,10,50,0.0054993678887483854
hgb_synth,optuna_tpe,9,11,55,0.0054993678887483854
hgb_synth,optuna_tpe,9,12,60,0.003966498103666227
hgb_synth,optuna_tpe,9,13,65,0.003966498103666227
hgb_synth,optuna_tpe,9,14,70,0.003966498103666227
hgb_synth,optuna_tpe,9,15,75,0.003966498103666227
hgb_synth,optuna_tpe,9,16,80,0.003966498103666227
hgb_synth,optuna_tpe,9,17,85,0.003966498103666227
hgb_synth,optuna_tpe,9,18,90,0.0015012642225031847
hgb_synth,optuna_tpe,9,19,95,0.0015012642225031847
hgb_synth,optuna_tpe,9,20,100,0.0015012642225031847
hgb_synth,optuna_tpe,9,21,105,0.0015012642225031847
hgb_synth,optuna_tpe,9,22,110,0.0015012642225031847
hgb_synth,optuna_tpe,9,23,115,0.0015012642225031847
hgb_synth,optuna_tpe,9,24,120,0.0015012642225031847
hgb_synth,optuna_tpe,9,25,125,0.004029709228824285
hgb_synth,optuna_tpe,9,26,130,0.004029709228824285
hgb_synth,optuna_tpe,9,27,135,0.004029709228824285
hgb_synth,optuna_tpe,9,28,140,0.004029709228824285
hgb_synth,optuna_tpe,9,29,145,0.004029709228824285
hgb_synth,optuna_tpe,9,30,150,0.004029709228824285
hgb_synth,optuna_tpe,9,31,155,0.004029709228824285
hgb_synth,optuna_tpe,9,32,160,0.004029709228824285
hgb_synth,optuna_tpe,9,33,165,0.004029709228824285
hgb_synth,optuna_tpe,9,34,170,0.004029709228824285
hgb_synth,optuna_tpe,9,35,175,0.004029709228824285
hgb_synth,optuna_tpe,9,36,180,0.004029709228824285
hgb_synth,optuna_tpe,9,37,185,0.004029709228824285
hgb_synth,optuna_tpe,9,38,190,0.004029709228824285
hgb_synth,optuna_tpe,9,39,195,0.004029709228824285
hgb_synth,optuna_tpe,9,40,200,0.004029709228824285
knn_housing,ags_default,0,1,5,0.14122457715412845
knn_housing,ags_default,0,2,10,0.14122457715412845
knn_housing,ags_default,0,3,15,0.006871161467357778
knn_housing,ags_default,0,4,20,0.006871161467357778
knn_housing,ags_default,0,5,25,0.006871161467357778
knn_housing,ags_default,0,6,30,0.006871161467357778
knn_housing,ags_default,0,7,35,0.006871161467357778
knn_housing,ags_default,0,8,40,0.006871161467357778
knn_housing,ags_default,0,9,45,0.006871161467357778
knn_housing,ags_default,0,10,50,0.006871161467357778
knn_housing,ags_default,0,11,55,0.006871161467357778
knn_housing,ags_default,0,12,60,0.006871161467357778
knn_housing,ags_default,0,13,65,0.006871161467357778
knn_housing,ags_default,0,14,70,0.006871161467357778
knn_housing,ags_default,0,15,75,0.006871161467357778
knn_housing,ags_default,0,16,80,0.006871161467357778
knn_housing,ags_default,0,17,85,0.006871161467357778
knn_housing,ags_default,0,18,90,0.006871161467357778
knn_housing,ags_default,0,19,95,0.006871161467357778
knn_housing,ags_default,0,20,100,0.006871161467357778
knn_housing,ags_default,0,21,105,0.006871161467357778
knn_housing,ags_default,0,22,110,0.006871161467357778
knn_housing,ags_default,0,23,115,0.006871161467357778
knn_housing,ags_default,0,24,120,0.006871161467357778
knn_housing,ags_default,1,1,5,0.006828127086274671
knn_housing,ags_default,1,2,10,0.006828127086274671
knn_housing,ags_default,1,3,15,0.006828127086274671
knn_housing,ags_default,1,4,20,0.006828127086274671
knn_housing,ags_default,1,5,25,0.006828127086274671
knn_housing,ags_default,1,6,30,0.006828127086274671
knn_housing,ags_default,1,7,35,0.006828127086274671
knn_housing,ags_default,1,8,40,0.006828127086274671
knn_housing,ags_default,1,9,45,0.006828127086274671
knn_housing,ags_default,1,10,50,0.006828127086274671
knn_housing,ags_default,1,11,55,0.006828127086274671
knn_housing,ags_default,1,12,60,0.006828127086274671
knn_housing,ags_default,1,13,65,0.006828127086274671
knn_housing,ags_default,1,14,70,0.006828127086274671
knn_housing,ags_default,1,15,75,0.006828127086274671
knn_housing,ags_default,1,16,80,0.006828127086274671
knn_housing,ags_default,1,17,85,0.006828127086274671
knn_housing,ags_default,1,18,90,0.006828127086274671
knn_housing,ags_default,1,19,95,0.006828127086274671
knn_housing,ags_default,1,20,100,0.006828127086274671
knn_housing,ags_default,1,21,105,0.006828127086274671
knn_housing,ags_default,1,22,110,0.006828127086274671
knn_housing,ags_default,1,23,115,0.006828127086274671
knn_housing,ags_default,1,24,117,0.006828127086274671
knn_housing,ags_default,2,1,5,0.14122457715412845
knn_housing,ags_default,2,2,10,0.14122457715412845
knn_housing,ags_default,2,3,15,0.006871161467357778
knn_housing,ags_default,2,4,20,0.006871161467357778
knn_housing,ags_default,2,5,25,0.006871161467357778
knn_housing,ags_default,2,6,30,0.006871161467357778
knn_housing,ags_default,2,7,35,0.006871161467357778
knn_housing,ags_default,2,8,40,0.006871161467357778
knn_housing,ags_default,2,9,45,0.006871161467357778
knn_housing,ags_default,2,10,50,0.006871161467357778
knn_housing,ags_default,2,11,55,0.006871161467357778
knn_housing,ags_default,2,12,60,0.006871161467357778
knn_housing,ags_default,2,13,65,0.006871161467357778
knn_housing,ags_default,2,14,70,0.006871161467357778
knn_housing,ags_default,2,15,75,0.006871161467357778
knn_housing,ags_default,2,16,80,0.006871161467357778
knn_housing,ags_default,2,17,85,0.006871161467357778
knn_housing,ags_default,2,18,90,0.006871161467357778
knn_housing,ags_default,2,19,95,0.006871161467357778
knn_housing,ags_default,2,20,100,0.006871161467357778
knn_housing,ags_default,2,21,105,0.006871161467357778
knn_housing,ags_default,2,22,110,0.006871161467357778
knn_housing,ags_default,2,23,115,0.006871161467357778
knn_housing,ags_default,2,24,120,0.006871161467357778
knn_housing,ags_default,3,1,5,0.07964579828342322
knn_housing,ags_default,3,2,10,0.07964579828342322
knn_housing,ags_default,3,3,15,0.015402812413925493
knn_housing,ags_default,3,4,20,0.015402812413925493
knn_housing,ags_default,3,5,25,0.015402812413925493
knn_housing,ags_default,3,6,30,0.015402812413925493
knn_housing,ags_default,3,7,35,0.015402812413925493
knn_housing,ags_default,3,8,40,0.015402812413925493
knn_housing,ags_default,3,9,45,0.015402812413925493
knn_housing,ags_default,3,10,50,0.015402812413925493
knn_housing,ags_default,3,11,55,0.015402812413925493
knn_housing,ags_default,3,12,60,0.015402812413925493
knn_housing,ags_default,3,13,62,0.015402812413925493
knn_housing,ags_default,3,14,67,0.015402812413925493
knn_housing,ags_default,3,15,72,0.015402812413925493
knn_housing,ags_default,3,16,77,0.015402812413925493
knn_housing,ags_default,3,17,82,0.015402812413925493
knn_housing,ags_default,3,18,87,0.015402812413925493
knn_housing,ags_default,3,19,92,0.015402812413925493
knn_housing,ags_default,3,20,97,0.015402812413925493
knn_housing,ags_default,3,21,99,0.015402812413925493
knn_housing,ags_default,3,22,104,0.015402812413925493
knn_housing,ags_default,3,23,109,0.006871161467357778
knn_housing,ags_default,3,24,111,0.006871161467357778
knn_housing,ags_default,4,1,5,0.05008712715925362
knn_housing,ags_default,4,2,10,0.05008712715925362
knn_housing,ags_default,4,3,15,0.015402812413925493
knn_housing,ags_default,4,4,20,0.015402812413925493
knn_housing,ags_default,4,5,25,0.015402812413925493
knn_housing,ags_default,4,6,30,0.015402812413925493
knn_housing,ags_default,4,7,35,0.015402812413925493
knn_housing,ags_default,4,8,40,0.015402812413925493
knn_housing,ags_default,4,9,45,0.015402812413925493
knn_housing,ags_default,4,10,50,0.015402812413925493
knn_housing,ags_default,4,11,55,0.015402812413925493
knn_housing,ags_default,4,12,60,0.015402812413925493
knn_housing,ags_default,4,13,65,0.015402812413925493
knn_housing,ags_default,4,14,67,0.015402812413925493
knn_housing,ags_default,4,15,72,0.015402812413925493
knn_housing,ags_default,4,16,74,0.015402812413925493
knn_housing,ags_default,4,17,79,0.015402812413925493
knn_housing,ags_default,4,18,84,0.015402812413925493
knn_housing,ags_default,4,19,86,0.015402812413925493
knn_housing,ags_default,4,20,91,0.015402812413925493
knn_housing,ags_default,4,21,93,0.015402812413925493
knn_housing,ags_default,4,22,98,0.018555151741079023
knn_housing,ags_default,4,23,103,0.018555151741079023
knn_housing,ags_default,4,24,108,0.018555151741079023
knn_housing,ags_default,5,1,5,0.0672987371679753
knn_housing,ags_default,5,2,10,0.0672987371679753
knn_housing,ags_default,5,3,15,0.022180005426240212
knn_housing,ags_default,5,4,20,0.022180005426240212
knn_housing,ags_default,5,5,25,0.022180005426240212
knn_housing,ags_default,5,6,30,0.022180005426240212
knn_housing,ags_default,5,7,35,0.022180005426240212
knn_housing,ags_default,5,8,40,0.022180005426240212
knn_housing,ags_default,5,9,45,0.022180005426240212
knn_housing,ags_default,5,10,50,0.022180005426240212
knn_housing,ags_default,5,11,55,0.022180005426240212
knn_housing,ags_default,5,12,60,0.015402812413925493
knn_housing,ags_default,5,13,63,0.015402812413925493
knn_housing,ags_default,5,14,68,0.015402812413925493
knn_housing,ags_default,5,15,73,0.0
knn_housing,ags_default,5,16,78,0.0
knn_housing,ags_default,5,17,83,0.0
knn_housing,ags_default,5,18,88,0.0
knn_housing,ags_default,5,19,93,0.0
knn_housing,ags_default,5,20,98,0.0
knn_housing,ags_default,5,21,103,0.0
knn_housing,ags_default,5,22,108,0.0
knn_housing,ags_default,5,23,113,0.0
knn_housing,ags_default,5,24,118,0.0
knn_housing,ags_default,6,1,5,0.034854101666787374
knn_housing,ags_default,6,2,10,0.034854101666787374
knn_housing,ags_default,6,3,15,0.034854101666787374
knn_housing,ags_default,6,4,20,0.034854101666787374
knn_housing,ags_default,6,5,25,0.034854101666787374
knn_housing,ags_default,6,6,30,0.034854101666787374
knn_housing,ags_default,6,7,35,0.034854101666787374
knn_housing,ags_default,6,8,40,0.034854101666787374
knn_housing,ags_default,6,9,45,0.034854101666787374
knn_housing,ags_default,6,10,50,0.034854101666787374
knn_housing,ags_default,6,11,55,0.034854101666787374
knn_housing,ags_default,6,12,60,0.034854101666787374
knn_housing,ags_default,6,13,65,0.015402812413925493
knn_housing,ags_default,6,14,70,0.015402812413925493
knn_housing,ags_default,6,15,75,0.015402812413925493
knn_housing,ags_default,6,16,80,0.015402812413925493
knn_housing,ags_default,6,17,85,0.015402812413925493
knn_housing,ags_default,6,18,90,0.015402812413925493
knn_housing,ags_default,6,19,95,0.015402812413925493
knn_housing,ags_default,6,20,100,0.0
knn_housing,ags_default,6,21,105,0.0
knn_housing,ags_default,6,22,110,0.0
knn_housing,ags_default,6,23,115,0.006828127086274671
knn_housing,ags_default,6,24,120,0.006828127086274671
knn_housing,ags_default,7,1,5,0.1950740616934739
knn_housing,ags_default,7,2,10,0.1950740616934739
knn_housing,ags_default,7,3,15,0.032612493315653024
knn_housing,ags_default,7,4,20,0.032612493315653024
knn_housing,ags_default,7,5,25,0.032612493315653024
knn_housing,ags_default,7,6,30,0.032612493315653024
knn_housing,ags_default,7,7,35,0.032612493315653024
knn_housing,ags_default,7,8,40,0.032612493315653024
knn_housing,ags_default,7,9,45,0.032612493315653024
knn_housing,ags_default,7,10,50,0.032612493315653024
knn_housing,ags_default,7,11,55,0.032612493315653024
knn_housing,ags_default,7,12,60,0.032612493315653024
knn_housing,ags_default,7,13,65,0.032612493315653024
knn_housing,ags_default,7,14,70,0.032612493315653024
knn_housing,ags_default,7,15,75,0.032612493315653024
knn_housing,ags_default,7,16,77,0.032612493315653024
knn_housing,ags_default,7,17,82,0.032612493315653024
knn_housing,ags_default,7,18,87,0.032612493315653024
knn_housing,ags_default,7,19,92,0.031207894036804185
knn_housing,ags_default,7,20,97,0.018555151741079023
knn_housing,ags_default,7,21,102,0.018555151741079023
knn_housing,ags_default,7,22,107,0.015402812413925493
knn_housing,ags_default,7,23,112,0.015402812413925493
knn_housing,ags_default,7,24,117,0.015402812413925493
knn_housing,ags_default,8,1,5,0.05008712715925362
knn_housing,ags_default,8,2,10,0.05008712715925362
knn_housing,ags_default,8,3,15,0.015402812413925493
knn_housing,ags_default,8,4,20,0.015402812413925493
knn_housing,ags_default,8,5,25,0.015402812413925493
knn_housing,ags_default,8,6,30,0.015402812413925493
knn_housing,ags_default,8,7,35,0.015402812413925493
knn_housing,ags_default,8,8,40,0.015402812413925493
knn_housing,ags_default,8,9,45,0.015402812413925493
knn_housing,ags_default,8,10,50,0.015402812413925493
knn_housing,ags_default,8,11,55,0.015402812413925493
knn_housing,ags_default,8,12,60,0.015402812413925493
knn_housing,ags_default,8,13,65,0.015402812413925493
knn_housing,ags_default,8,14,70,0.015402812413925493
knn_housing,ags_default,8,15,75,0.015402812413925493
knn_housing,ags_default,8,16,80,0.015402812413925493
knn_housing,ags_default,8,17,85,0.015402812413925493
knn_housing,ags_default,8,18,90,0.015402812413925493
knn_housing,ags_default,8,19,95,0.015402812413925493
knn_housing,ags_default,8,20,100,0.015402812413925493
knn_housing,ags_default,8,21,103,0.015402812413925493
knn_housing,ags_default,8,22,108,0.015402812413925493
knn_housing,ags_default,8,23,110,0.015402812413925493
knn_housing,ags_default,8,24,115,0.015402812413925493
knn_housing,ags_default,9,1,5,0.017130554383139207
knn_housing,ags_default,9,2,10,0.017130554383139207
knn_housing,ags_default,9,3,15,0.017130554383139207
knn_housing,ags_default,9,4,20,0.006871161467357778
knn_housing,ags_default,9,5,25,0.006871161467357778
knn_housing,ags_default,9,6,30,0.006871161467357778
knn_housing,ags_default,9,7,35,0.006871161467357778
knn_housing,ags_default,9,8,40,0.006871161467357778
knn_housing,ags_default,9,9,45,0.006871161467357778
knn_housing,ags_default,9,10,50,0.006871161467357778
knn_housing,ags_default,9,11,55,0.006871161467357778
knn_housing,ags_default,9,12,60,0.006871161467357778
knn_housing,ags_default,9,13,65,0.006871161467357778
knn_housing,ags_default,9,14,70,0.006871161467357778
knn_housing,ags_default,9,15,75,0.006871161467357778
knn_housing,ags_default,9,16,80,0.006871161467357778
knn_housing,ags_default,9,17,85,0.006871161467357778
knn_housing,ags_default,9,18,90,0.006871161467357778
knn_housing,ags_default,9,19,95,0.006871161467357778
knn_housing,ags_default,9,20,100,0.006871161467357778
knn_housing,ags_default,9,21,105,0.006871161467357778
knn_housing,ags_default,9,22,110,0.006871161467357778
knn_housing,ags_default,9,23,115,0.0
knn_housing,ags_default,9,24,120,0.0
knn_housing,ags_1_climber,0,1,5,0.14122457715412845
knn_housing,ags_1_climber,0,2,10,0.1142412146674674
knn_housing,ags_1_climber,0,3,15,0.1142412146674674
knn_housing,ags_1_climber,0,4,20,0.1142412146674674
knn_housing,ags_1_climber,0,5,25,0.1142412146674674
knn_housing,ags_1_climber,0,6,30,0.101375679396977
knn_housing,ags_1_climber,0,7,35,0.101375679396977
knn_housing,ags_1_climber,0,8,40,0.09749934528252857
knn_housing,ags_1_climber,0,9,45,0.07964579828342322
knn_housing,ags_1_climber,0,10,50,0.05008712715925362
knn_housing,ags_1_climber,0,11,55,0.05008712715925362
knn_housing,ags_1_climber,0,12,60,0.05008712715925362
knn_housing,ags_1_climber,0,13,65,0.05008712715925362
knn_housing,ags_1_climber,0,14,70,0.05008712715925362
knn_housing,ags_1_climber,0,15,75,0.05008712715925362
knn_housing,ags_1_climber,0,16,80,0.032857409941245974
knn_housing,ags_1_climber,0,17,85,0.032857409941245974
knn_housing,ags_1_climber,0,18,90,0.031207894036804185
knn_housing,ags_1_climber,0,19,95,0.031207894036804185
knn_housing,ags_1_climber,0,20,100,0.031207894036804185
knn_housing,ags_1_climber,0,21,105,0.018555151741079023
knn_housing,ags_1_climber,0,22,110,0.006828127086274671
knn_housing,ags_1_climber,0,23,115,0.006828127086274671
knn_housing,ags_1_climber,0,24,120,0.006828127086274671
knn_housing,ags_1_climber,1,1,5,0.006828127086274671
knn_housing,ags_1_climber,1,2,10,0.006828127086274671
knn_housing,ags_1_climber,1,3,15,0.006828127086274671
knn_housing,ags_1_climber,1,4,20,0.006828127086274671
knn_housing,ags_1_climber,1,5,25,0.006828127086274671
knn_housing,ags_1_climber,1,6,30,0.006828127086274671
knn_housing,ags_1_climber,1,7,35,0.006828127086274671
knn_housing,ags_1_climber,1,8,40,0.006828127086274671
knn_housing,ags_1_climber,1,9,45,0.006828127086274671
knn_housing,ags_1_climber,1,10,50,0.006828127086274671
knn_housing,ags_1_climber,1,11,55,0.006828127086274671
knn_housing,ags_1_climber,1,12,60,0.006828127086274671
knn_housing,ags_1_climber,1,13,65,0.006828127086274671
knn_housing,ags_1_climber,1,14,70,0.006828127086274671
knn_housing,ags_1_climber,1,15,75,0.006828127086274671
knn_housing,ags_1_climber,1,16,77,0.006828127086274671
knn_housing,ags_1_climber,1,17,82,0.006828127086274671
knn_housing,ags_1_climber,1,18,87,0.006828127086274671
knn_housing,ags_1_climber,1,19,92,0.006828127086274671
knn_housing,ags_1_climber,1,20,97,0.006828127086274671
knn_housing,ags_1_climber,1,21,102,0.006828127086274671
knn_housing,ags_1_climber,1,22,107,0.006828127086274671
knn_housing,ags_1_climber,1,23,112,0.006828127086274671
knn_housing,ags_1_climber,1,24,114,0.006828127086274671
knn_housing,ags_1_climber,2,1,5,0.14122457715412845
knn_housing,ags_1_climber,2,2,10,0.14122457715412845
knn_housing,ags_1_climber,2,3,15,0.14122457715412845
knn_housing,ags_1_climber,2,4,20,0.1142412146674674
knn_housing,ags_1_climber,2,5,25,0.1142412146674674
knn_housing,ags_1_climber,2,6,30,0.1142412146674674
knn_housing,ags_1_climber,2,7,35,0.1142412146674674
knn_housing,ags_1_climber,2,8,40,0.1142412146674674
knn_housing,ags_1_climber,2,9,45,0.1142412146674674
knn_housing,ags_1_climber,2,10,50,0.101375679396977
knn_housing,ags_1_climber,2,11,55,0.07964579828342322
knn_housing,ags_1_climber,2,12,60,0.07964579828342322
knn_housing,ags_1_climber,2,13,65,0.0742744172208234
knn_housing,ags_1_climber,2,14,70,0.0742744172208234
knn_housing,ags_1_climber,2,15,75,0.0672987371679753
knn_housing,ags_1_climber,2,16,80,0.05008712715925362
knn_housing,ags_1_climber,2,17,85,0.032857409941245974
knn_housing,ags_1_climber,2,18,90,0.032857409941245974
knn_housing,ags_1_climber,2,19,95,0.032857409941245974
knn_housing,ags_1_climber,2,20,100,0.032857409941245974
knn_housing,ags_1_climber,2,21,105,0.032857409941245974
knn_housing,ags_1_climber,2,22,110,0.032857409941245974
knn_housing,ags_1_climber,2,23,115,0.018555151741079023
knn_housing,ags_1_climber,2,24,120,0.018555151741079023
knn_housing,ags_1_climber,3,1,5,0.07964579828342322
knn_housing,ags_1_climber,3,2,10,0.05008712715925362
knn_housing,ags_1_climber,3,3,15,0.032857409941245974
knn_housing,ags_1_climber,3,4,20,0.032857409941245974
knn_housing,ags_1_climber,3,5,25,0.032857409941245974
knn_housing,ags_1_climber,3,6,30,0.032857409941245974
knn_housing,ags_1_climber,3,7,35,0.032857409941245974
knn_housing,ags_1_climber,3,8,40,0.032857409941245974
knn_housing,ags_1_climber,3,9,45,0.018555151741079023
knn_housing,ags_1_climber,3,10,50,0.018555151741079023
knn_housing,ags_1_climber,3,11,55,0.017130554383139207
knn_housing,ags_1_climber,3,12,60,0.017130554383139207
knn_housing,ags_1_climber,3,13,65,0.017130554383139207
knn_housing,ags_1_climber,3,14,70,0.017130554383139207
knn_housing,ags_1_climber,3,15,75,0.017130554383139207
knn_housing,ags_1_climber,3,16,80,0.017130554383139207
knn_housing,ags_1_climber,3,17,84,0.017130554383139207
knn_housing,ags_1_climber,3,18,89,0.017130554383139207
knn_housing,ags_1_climber,3,19,91,0.017130554383139207
knn_housing,ags_1_climber,3,20,93,0.017130554383139207
knn_housing,ags_1_climber,3,21,95,0.017130554383139207
knn_housing,ags_1_climber,3,22,97,0.017130554383139207
knn_housing,ags_1_climber,3,23,99,0.017130554383139207
knn_housing,ags_1_climber,3,24,104,0.017130554383139207
knn_housing,ags_1_climber,4,1,5,0.05008712715925362
knn_housing,ags_1_climber,4,2,10,0.05008712715925362
knn_housing,ags_1_climber,4,3,15,0.05008712715925362
knn_housing,ags_1_climber,4,4,20,0.05008712715925362
knn_housing,ags_1_climber,4,5,25,0.05008712715925362
knn_housing,ags_1_climber,4,6,30,0.05008712715925362
knn_housing,ags_1_climber,4,7,35,0.05008712715925362
knn_housing,ags_1_climber,4,8,40,0.022180005426240212
knn_housing,ags_1_climber,4,9,45,0.022180005426240212
knn_housing,ags_1_climber,4,10,50,0.022180005426240212
knn_housing,ags_1_climber,4,11,55,0.022180005426240212
knn_housing,ags_1_climber,4,12,60,0.031207894036804185
knn_housing,ags_1_climber,4,13,65,0.031207894036804185
knn_housing,ags_1_climber,4,14,70,0.031207894036804185
knn_housing,ags_1_climber,4,15,75,0.031207894036804185
knn_housing,ags_1_climber,4,16,77,0.031207894036804185
knn_housing,ags_1_climber,4,17,82,0.031207894036804185
knn_housing,ags_1_climber,4,18,84,0.031207894036804185
knn_housing,ags_1_climber,4,19,86,0.031207894036804185
knn_housing,ags_1_climber,4,20,88,0.031207894036804185
knn_housing,ags_1_climber,4,21,93,0.015402812413925493
knn_housing,ags_1_climber,4,22,98,0.015402812413925493
knn_housing,ags_1_climber,4,23,100,0.015402812413925493
knn_housing,ags_1_climber,4,24,102,0.015402812413925493
knn_housing,ags_1_climber,5,1,5,0.0672987371679753
knn_housing,ags_1_climber,5,2,10,0.0672987371679753
knn_housing,ags_1_climber,5,3,15,0.0672868530411686
knn_housing,ags_1_climber,5,4,20,0.04766261346181461
knn_housing,ags_1_climber,5,5,25,0.032857409941245974
knn_housing,ags_1_climber,5,6,30,0.032857409941245974
knn_housing,ags_1_climber,5,7,35,0.032857409941245974
knn_housing,ags_1_climber,5,8,40,0.032857409941245974
knn_housing,ags_1_climber,5,9,45,0.032857409941245974
knn_housing,ags_1_climber,5,10,50,0.032857409941245974
knn_housing,ags_1_climber,5,11,55,0.032857409941245974
knn_housing,ags_1_climber,5,12,60,0.032857409941245974
knn_housing,ags_1_climber,5,13,65,0.017130554383139207
knn_housing,ags_1_climber,5,14,70,0.017130554383139207
knn_housing,ags_1_climber,5,15,75,0.017130554383139207
knn_housing,ags_1_climber,5,16,80,0.006828127086274671
knn_housing,ags_1_climber,5,17,85,0.0
knn_housing,ags_1_climber,5,18,90,0.0
knn_housing,ags_1_climber,5,19,95,0.0
knn_housing,ags_1_climber,5,20,97,0.0
knn_housing,ags_1_climber,5,21,102,0.0
knn_housing,ags_1_climber,5,22,107,0.0
knn_housing,ags_1_climber,5,23,112,0.0
knn_housing,ags_1_climber,5,24,117,0.0
knn_housing,ags_1_climber,6,1,5,0.034854101666787374
knn_housing,ags_1_climber,6,2,10,0.024861617443068473
knn_housing,ags_1_climber,6,3,15,0.024861617443068473
knn_housing,ags_1_climber,6,4,20,0.018555151741079023
knn_housing,ags_1_climber,6,5,25,0.006828127086274671
knn_housing,ags_1_climber,6,6,30,0.006828127086274671
knn_housing,ags_1_climber,6,7,35,0.006828127086274671
knn_housing,ags_1_climber,6,8,40,0.006828127086274671
knn_housing,ags_1_climber,6,9,45,0.006828127086274671
knn_housing,ags_1_climber,6,10,50,0.006828127086274671
knn_housing,ags_1_climber,6,11,55,0.006828127086274671
knn_housing,ags_1_climber,6,12,57,0.006828127086274671
knn_housing,ags_1_climber,6,13,59,0.006828127086274671
knn_housing,ags_1_climber,6,14,61,0.006828127086274671
knn_housing,ags_1_climber,6,15,63,0.006828127086274671
knn_housing,ags_1_climber,6,16,68,0.006828127086274671
knn_housing,ags_1_climber,6,17,73,0.006828127086274671
knn_housing,ags_1_climber,6,18,75,0.006828127086274671
knn_housing,ags_1_climber,6,19,77,0.006828127086274671
knn_housing,ags_1_climber,6,20,79,0.006828127086274671
knn_housing,ags_1_climber,6,21,84,0.006828127086274671
knn_housing,ags_1_climber,6,22,87,0.006828127086274671
knn_housing,ags_1_climber,6,23,89,0.006828127086274671
knn_housing,ags_1_climber,6,24,92,0.006828127086274671
knn_housing,ags_1_climber,7,1,5,0.1950740616934739
knn_housing,ags_1_climber,7,2,10,0.164325057258291
knn_housing,ags_1_climber,7,3,15,0.154981804156562
knn_housing,ags_1_climber,7,4,20,0.154981804156562
knn_housing,ags_1_climber,7,5,25,0.14122457715412845
knn_housing,ags_1_climber,7,6,30,0.14122457715412845
knn_housing,ags_1_climber,7,7,35,0.12617038530071262
knn_housing,ags_1_climber,7,8,40,0.1142412146674674
knn_housing,ags_1_climber,7,9,45,0.07964579828342322
knn_housing,ags_1_climber,7,10,50,0.07964579828342322
knn_housing,ags_1_climber,7,11,55,0.07964579828342322
knn_housing,ags_1_climber,7,12,60,0.07964579828342322
knn_housing,ags_1_climber,7,13,65,0.07964579828342322
knn_housing,ags_1_climber,7,14,70,0.0742744172208234
knn_housing,ags_1_climber,7,15,75,0.05008712715925362
knn_housing,ags_1_climber,7,16,80,0.05008712715925362
knn_housing,ags_1_climber,7,17,85,0.04766261346181461
knn_housing,ags_1_climber,7,18,90,0.04766261346181461
knn_housing,ags_1_climber,7,19,95,0.04766261346181461
knn_housing,ags_1_climber,7,20,100,0.032857409941245974
knn_housing,ags_1_climber,7,21,105,0.018555151741079023
knn_housing,ags_1_climber,7,22,110,0.018555151741079023
knn_housing,ags_1_climber,7,23,115,0.018555151741079023
knn_housing,ags_1_climber,7,24,120,0.018555151741079023
knn_housing,ags_1_climber,8,1,5,0.05008712715925362
knn_housing,ags_1_climber,8,2,10,0.05008712715925362
knn_housing,ags_1_climber,8,3,15,0.05008712715925362
knn_housing,ags_1_climber,8,4,20,0.05008712715925362
knn_housing,ags_1_climber,8,5,25,0.05008712715925362
knn_housing,ags_1_climber,8,6,30,0.05008712715925362
knn_housing,ags_1_climber,8,7,35,0.05008712715925362
knn_housing,ags_1_climber,8,8,40,0.05008712715925362
knn_housing,ags_1_climber,8,9,45,0.05008712715925362
knn_housing,ags_1_climber,8,10,50,0.05008712715925362
knn_housing,ags_1_climber,8,11,55,0.0523324489603062
knn_housing,ags_1_climber,8,12,60,0.0523324489603062
knn_housing,ags_1_climber,8,13,65,0.04766261346181461
knn_housing,ags_1_climber,8,14,70,0.032857409941245974
knn_housing,ags_1_climber,8,15,75,0.018555151741079023
knn_housing,ags_1_climber,8,16,80,0.018555151741079023
knn_housing,ags_1_climber,8,17,85,0.018555151741079023
knn_housing,ags_1_climber,8,18,90,0.018555151741079023
knn_housing,ags_1_climber,8,19,95,0.018555151741079023
knn_housing,ags_1_climber,8,20,100,0.018555151741079023
knn_housing,ags_1_climber,8,21,105,0.006871161467357778
knn_housing,ags_1_climber,8,22,110,0.006871161467357778
knn_housing,ags_1_climber,8,23,115,0.006871161467357778
knn_housing,ags_1_climber,8,24,120,0.006871161467357778
knn_housing,ags_1_climber,9,1,5,0.017130554383139207
knn_housing,ags_1_climber,9,2,10,0.017130554383139207
knn_housing,ags_1_climber,9,3,15,0.017130554383139207
knn_housing,ags_1_climber,9,4,20,0.006828127086274671
knn_housing,ags_1_climber,9,5,25,0.006828127086274671
knn_housing,ags_1_climber,9,6,30,0.006828127086274671
knn_housing,ags_1_climber,9,7,35,0.006828127086274671
knn_housing,ags_1_climber,9,8,40,0.006828127086274671
knn_housing,ags_1_climber,9,9,45,0.006828127086274671
knn_housing,ags_1_climber,9,10,50,0.006828127086274671
knn_housing,ags_1_climber,9,11,52,0.006828127086274671
knn_housing,ags_1_climber,9,12,54,0.006828127086274671
knn_housing,ags_1_climber,9,13,56,0.006828127086274671
knn_housing,ags_1_climber,9,14,58,0.006828127086274671
knn_housing,ags_1_climber,9,15,60,0.006828127086274671
knn_housing,ags_1_climber,9,16,65,0.006828127086274671
knn_housing,ags_1_climber,9,17,68,0.006828127086274671
knn_housing,ags_1_climber,9,18,73,0.006828127086274671
knn_housing,ags_1_climber,9,19,75,0.006828127086274671
knn_housing,ags_1_climber,9,20,77,0.006828127086274671
knn_housing,ags_1_climber,9,21,81,0.006828127086274671
knn_housing,ags_1_climber,9,22,84,0.006828127086274671
knn_housing,ags_1_climber,9,23,86,0.006828127086274671
knn_housing,ags_1_climber,9,24,88,0.006828127086274671
knn_housing,ags_no_prune,0,1,5,0.14122457715412845
knn_housing,ags_no_prune,0,2,10,0.14122457715412845
knn_housing,ags_no_prune,0,3,15,0.006871161467357778
knn_housing,ags_no_prune,0,4,20,0.006871161467357778
knn_housing,ags_no_prune,0,5,25,0.006871161467357778
knn_housing,ags_no_prune,0,6,30,0.006871161467357778
knn_housing,ags_no_prune,0,7,35,0.006871161467357778
knn_housing,ags_no_prune,0,8,40,0.006871161467357778
knn_housing,ags_no_prune,0,9,45,0.006871161467357778
knn_housing,ags_no_prune,0,10,50,0.006871161467357778
knn_housing,ags_no_prune,0,11,55,0.006871161467357778
knn_housing,ags_no_prune,0,12,60,0.006871161467357778
knn_housing,ags_no_prune,0,13,65,0.006871161467357778
knn_housing,ags_no_prune,0,14,70,0.006871161467357778
knn_housing,ags_no_prune,0,15,75,0.006871161467357778
knn_housing,ags_no_prune,0,16,80,0.006871161467357778
knn_housing,ags_no_prune,0,17,85,0.006871161467357778
knn_housing,ags_no_prune,0,18,90,0.006871161467357778
knn_housing,ags_no_prune,0,19,95,0.006871161467357778
knn_housing,ags_no_prune,0,20,100,0.006871161467357778
knn_housing,ags_no_prune,0,21,105,0.006871161467357778
knn_housing,ags_no_prune,0,22,110,0.006871161467357778
knn_housing,ags_no_prune,0,23,115,0.006871161467357778
knn_housing,ags_no_prune,0,24,120,0.006871161467357778
knn_housing,ags_no_prune,1,1,5,0.006828127086274671
knn_housing,ags_no_prune,1,2,10,0.006828127086274671
knn_housing,ags_no_prune,1,3,15,0.006828127086274671
knn_housing,ags_no_prune,1,4,20,0.006828127086274671
knn_housing,ags_no_prune,1,5,25,0.006828127086274671
knn_housing,ags_no_prune,1,6,30,0.006828127086274671
knn_housing,ags_no_prune,1,7,35,0.006828127086274671
knn_housing,ags_no_prune,1,8,40,0.006828127086274671
knn_housing,ags_no_prune,1,9,45,0.006828127086274671
knn_housing,ags_no_prune,1,10,50,0.006828127086274671
knn_housing,ags_no_prune,1,11,55,0.006828127086274671
knn_housing,ags_no_prune,1,12,60,0.006828127086274671
knn_housing,ags_no_prune,1,13,65,0.006828127086274671
knn_housing,ags_no_prune,1,14,70,0.006828127086274671
knn_housing,ags_no_prune,1,15,75,0.006828127086274671
knn_housing,ags_no_prune,1,16,80,0.006828127086274671
knn_housing,ags_no_prune,1,17,85,0.006828127086274671
knn_housing,ags_no_prune,1,18,90,0.006828127086274671
knn_housing,ags_no_prune,1,19,95,0.006828127086274671
knn_housing,ags_no_prune,1,20,100,0.006828127086274671
knn_housing,ags_no_prune,1,21,105,0.006828127086274671
knn_housing,ags_no_prune,1,22,110,0.006828127086274671
knn_housing,ags_no_prune,1,23,115,0.006828127086274671
knn_housing,ags_no_prune,1,24,120,0.006828127086274671
knn_housing,ags_no_prune,2,1,5,0.14122457715412845
knn_housing,ags_no_prune,2,2,10,0.14122457715412845
knn_housing,ags_no_prune,2,3,15,0.006871161467357778
knn_housing,ags_no_prune,2,4,20,0.006871161467357778
knn_housing,ags_no_prune,2,5,25,0.006871161467357778
knn_housing,ags_no_prune,2,6,30,0.006871161467357778
knn_housing,ags_no_prune,2,7,35,0.006871161467357778
knn_housing,ags_no_prune,2,8,40,0.006871161467357778
knn_housing,ags_no_prune,2,9,45,0.006871161467357778
knn_housing,ags_no_prune,2,10,50,0.006871161467357778
knn_housing,ags_no_prune,2,11,55,0.006871161467357778
knn_housing,ags_no_prune,2,12,60,0.006871161467357778
knn_housing,ags_no_prune,2,13,65,0.006871161467357778
knn_housing,ags_no_prune,2,14,70,0.006871161467357778
knn_housing,ags_no_prune,2,15,75,0.006871161467357778
knn_housing,ags_no_prune,2,16,80,0.006871161467357778
knn_housing,ags_no_prune,2,17,85,0.006871161467357778
knn_housing,ags_no_prune,2,18,90,0.006871161467357778
knn_housing,ags_no_prune,2,19,95,0.006871161467357778
knn_housing,ags_no_prune,2,20,100,0.006871161467357778
knn_housing,ags_no_prune,2,21,105,0.006871161467357778
knn_housing,ags_no_prune,2,22,110,0.006871161467357778
knn_housing,ags_no_prune,2,23,115,0.006871161467357778
knn_housing,ags_no_prune,2,24,120,0.006871161467357778
knn_housing,ags_no_prune,3,1,5,0.07964579828342322
knn_housing,ags_no_prune,3,2,10,0.07964579828342322
knn_housing,ags_no_prune,3,3,15,0.015402812413925493
knn_housing,ags_no_prune,3,4,20,0.015402812413925493
knn_housing,ags_no_prune,3,5,25,0.015402812413925493
knn_housing,ags_no_prune,3,6,30,0.015402812413925493
knn_housing,ags_no_prune,3,7,35,0.015402812413925493
knn_housing,ags_no_prune,3,8,40,0.015402812413925493
knn_housing,ags_no_prune,3,9,45,0.015402812413925493
knn_housing,ags_no_prune,3,10,50,0.015402812413925493
knn_housing,ags_no_prune,3,11,55,0.015402812413925493
knn_housing,ags_no_prune,3,12,60,0.015402812413925493
knn_housing,ags_no_prune,3,13,65,0.015402812413925493
knn_housing,ags_no_prune,3,14,70,0.015402812413925493
knn_housing,ags_no_prune,3,15,75,0.015402812413925493
knn_housing,ags_no_prune,3,16,80,0.015402812413925493
knn_housing,ags_no_prune,3,17,85,0.015402812413925493
knn_housing,ags_no_prune,3,18,90,0.015402812413925493
knn_housing,ags_no_prune,3,19,95,0.015402812413925493
knn_housing,ags_no_prune,3,20,100,0.015402812413925493
knn_housing,ags_no_prune,3,21,105,0.015402812413925493
knn_housing,ags_no_prune,3,22,110,0.015402812413925493
knn_housing,ags_no_prune,3,23,115,0.006871161467357778
knn_housing,ags_no_prune,3,24,120,0.006871161467357778
knn_housing,ags_no_prune,4,1,5,0.05008712715925362
knn_housing,ags_no_prune,4,2,10,0.05008712715925362
knn_housing,ags_no_prune,4,3,15,0.015402812413925493
knn_housing,ags_no_prune,4,4,20,0.015402812413925493
knn_housing,ags_no_prune,4,5,25,0.015402812413925493
knn_housing,ags_no_prune,4,6,30,0.015402812413925493
knn_housing,ags_no_prune,4,7,35,0.015402812413925493
knn_housing,ags_no_prune,4,8,40,0.015402812413925493
knn_housing,ags_no_prune,4,9,45,0.015402812413925493
knn_housing,ags_no_prune,4,10,50,0.015402812413925493
knn_housing,ags_no_prune,4,11,55,0.015402812413925493
knn_housing,ags_no_prune,4,12,60,0.015402812413925493
knn_housing,ags_no_prune,4,13,65,0.015402812413925493
knn_housing,ags_no_prune,4,14,70,0.015402812413925493
knn_housing,ags_no_prune,4,15,75,0.015402812413925493
knn_housing,ags_no_prune,4,16,80,0.015402812413925493
knn_housing,ags_no_prune,4,17,85,0.015402812413925493
knn_housing,ags_no_prune,4,18,90,0.015402812413925493
knn_housing,ags_no_prune,4,19,95,0.015402812413925493
knn_housing,ags_no_prune,4,20,100,0.015402812413925493
knn_housing,ags_no_prune,4,21,105,0.015402812413925493
knn_housing,ags_no_prune,4,22,110,0.018555151741079023
knn_housing,ags_no_prune,4,23,115,0.018555151741079023
knn_housing,ags_no_prune,4,24,120,0.018555151741079023
knn_housing,ags_no_prune,5,1,5,0.0672987371679753
knn_housing,ags_no_prune,5,2,10,0.0672987371679753
knn_housing,ags_no_prune,5,3,15,0.022180005426240212
knn_housing,ags_no_prune,5,4,20,0.022180005426240212
knn_housing,ags_no_prune,5,5,25,0.022180005426240212
knn_housing,ags_no_prune,5,6,30,0.022180005426240212
knn_housing,ags_no_prune,5,7,35,0.022180005426240212
knn_housing,ags_no_prune,5,8,40,0.022180005426240212
knn_housing,ags_no_prune,5,9,45,0.022180005426240212
knn_housing,ags_no_prune,5,10,50,0.022180005426240212
knn_housing,ags_no_prune,5,11,55,0.022180005426240212
knn_housing,ags_no_prune,5,12,60,0.015402812413925493
knn_housing,ags_no_prune,5,13,65,0.015402812413925493
knn_housing,ags_no_prune,5,14,70,0.015402812413925493
knn_housing,ags_no_prune,5,15,75,0.0
knn_housing,ags_no_prune,5,16,80,0.0
knn_housing,ags_no_prune,5,17,85,0.0
knn_housing,ags_no_prune,5,18,90,0.0
knn_housing,ags_no_prune,5,19,95,0.0
knn_housing,ags_no_prune,5,20,100,0.0
knn_housing,ags_no_prune,5,21,105,0.0
knn_housing,ags_no_prune,5,22,110,0.0
knn_housing,ags_no_prune,5,23,115,0.0
knn_housing,ags_no_prune,5,24,120,0.0
knn_housing,ags_no_prune,6,1,5,0.034854101666787374
knn_housing,ags_no_prune,6,2,10,0.034854101666787374
knn_housing,ags_no_prune,6,3,15,0.034854101666787374
knn_housing,ags_no_prune,6,4,20,0.034854101666787374
knn_housing,ags_no_prune,6,5,25,0.034854101666787374
knn_housing,ags_no_prune,6,6,30,0.034854101666787374
knn_housing,ags_no_prune,6,7,35,0.034854101666787374
knn_housing,ags_no_prune,6,8,40,0.034854101666787374
knn_housing,ags_no_prune,6,9,45,0.034854101666787374
knn_housing,ags_no_prune,6,10,50,0.034854101666787374
knn_housing,ags_no_prune,6,11,55,0.034854101666787374
knn_housing,ags_no_prune,6,12,60,0.034854101666787374
knn_housing,ags_no_prune,6,13,65,0.015402812413925493
knn_housing,ags_no_prune,6,14,70,0.015402812413925493
knn_housing,ags_no_prune,6,15,75,0.015402812413925493
knn_housing,ags_no_prune,6,16,80,0.015402812413925493
knn_housing,ags_no_prune,6,17,85,0.015402812413925493
knn_housing,ags_no_prune,6,18,90,0.015402812413925493
knn_housing,ags_no_prune,6,19,95,0.015402812413925493
knn_housing,ags_no_prune,6,20,100,0.0
knn_housing,ags_no_prune,6,21,105,0.0
knn_housing,ags_no_prune,6,22,110,0.0
knn_housing,ags_no_prune,6,23,115,0.006828127086274671
knn_housing,ags_no_prune,6,24,120,0.006828127086274671
knn_housing,ags_no_prune,7,1,5,0.1950740616934739
knn_housing,ags_no_prune,7,2,10,0.1950740616934739
knn_housing,ags_no_prune,7,3,15,0.032612493315653024
knn_housing,ags_no_prune,7,4,20,0.032612493315653024
knn_housing,ags_no_prune,7,5,25,0.032612493315653024
knn_housing,ags_no_prune,7,6,30,0.032612493315653024
knn_housing,ags_no_prune,7,7,35,0.032612493315653024
knn_housing,ags_no_prune,7,8,40,0.032612493315653024
knn_housing,ags_no_prune,7,9,45,0.032612493315653024
knn_housing,ags_no_prune,7,10,50,0.032612493315653024
knn_housing,ags_no_prune,7,11,55,0.032612493315653024
knn_housing,ags_no_prune,7,12,60,0.032612493315653024
knn_housing,ags_no_prune,7,13,65,0.032612493315653024
knn_housing,ags_no_prune,7,14,70,0.032612493315653024
knn_housing,ags_no_prune,7,15,75,0.032612493315653024
knn_housing,ags_no_prune,7,16,80,0.032612493315653024
knn_housing,ags_no_prune,7,17,85,0.032612493315653024
knn_housing,ags_no_prune,7,18,90,0.032612493315653024
knn_housing,ags_no_prune,7,19,95,0.031207894036804185
knn_housing,ags_no_prune,7,20,100,0.018555151741079023
knn_housing,ags_no_prune,7,21,105,0.018555151741079023
knn_housing,ags_no_prune,7,22,110,0.015402812413925493
knn_housing,ags_no_prune,7,23,115,0.015402812413925493
knn_housing,ags_no_prune,7,24,120,0.015402812413925493
knn_housing,ags_no_prune,8,1,5,0.05008712715925362
knn_housing,ags_no_prune,8,2,10,0.05008712715925362
knn_housing,ags_no_prune,8,3,15,0.015402812413925493
knn_housing,ags_no_prune,8,4,20,0.015402812413925493
knn_housing,ags_no_prune,8,5,25,0.015402812413925493
knn_housing,ags_no_prune,8,6,30,0.015402812413925493
knn_housing,ags_no_prune,8,7,35,0.015402812413925493
knn_housing,ags_no_prune,8,8,40,0.015402812413925493
knn_housing,ags_no_prune,8,9,45,0.015402812413925493
knn_housing,ags_no_prune,8,10,50,0.015402812413925493
knn_housing,ags_no_prune,8,11,55,0.015402812413925493
knn_housing,ags_no_prune,8,12,60,0.015402812413925493
knn_housing,ags_no_prune,8,13,65,0.015402812413925493
knn_housing,ags_no_prune,8,14,70,0.015402812413925493
knn_housing,ags_no_prune,8,15,75,0.015402812413925493
knn_housing,ags_no_prune,8,16,80,0.015402812413925493
knn_housing,ags_no_prune,8,17,85,0.015402812413925493
knn_housing,ags_no_prune,8,18,90,0.015402812413925493
knn_housing,ags_no_prune,8,19,95,0.015402812413925493
knn_housing,ags_no_prune,8,20,100,0.015402812413925493
knn_housing,ags_no_prune,8,21,105,0.015402812413925493
knn_housing,ags_no_prune,8,22,110,0.015402812413925493
knn_housing,ags_no_prune,8,23,115,0.015402812413925493
knn_housing,ags_no_prune,8,24,120,0.015402812413925493
knn_housing,ags_no_prune,9,1,5,0.017130554383139207
knn_housing,ags_no_prune,9,2,10,0.017130554383139207
knn_housing,ags_no_prune,9,3,15,0.017130554383139207
knn_housing,ags_no_prune,9,4,20,0.006871161467357778
knn_housing,ags_no_prune,9,5,25,0.006871161467357778
knn_housing,ags_no_prune,9,6,30,0.006871161467357778
knn_housing,ags_no_prune,9,7,35,0.006871161467357778
knn_housing,ags_no_prune,9,8,40,0.006871161467357778
knn_housing,ags_no_prune,9,9,45,0.006871161467357778
knn_housing,ags_no_prune,9,10,50,0.006871161467357778
knn_housing,ags_no_prune,9,11,55,0.006871161467357778
knn_housing,ags_no_prune,9,12,60,0.006871161467357778
knn_housing,ags_no_prune,9,13,65,0.006871161467357778
knn_housing,ags_no_prune,9,14,70,0.006871161467357778
knn_housing,ags_no_prune,9,15,75,0.006871161467357778
knn_housing,ags_no_prune,9,16,80,0.006871161467357778
knn_housing,ags_no_prune,9,17,85,0.006871161467357778
knn_housing,ags_no_prune,9,18,90,0.006871161467357778
knn_housing,ags_no_prune,9,19,95,0.006871161467357778
knn_housing,ags_no_prune,9,20,100,0.006871161467357778
knn_housing,ags_no_prune,9,21,105,0.006871161467357778
knn_housing,ags_no_prune,9,22,110,0.006871161467357778
knn_housing,ags_no_prune,9,23,115,0.0
knn_housing,ags_no_prune,9,24,120,0.0
knn_housing,ags_gp,0,1,5,0.14122457715412845
knn_housing,ags_gp,0,2,10,0.14122457715412845
knn_housing,ags_gp,0,3,15,0.006871161467357778
knn_housing,ags_gp,0,4,20,0.006871161467357778
knn_housing,ags_gp,0,5,25,0.006871161467357778
knn_housing,ags_gp,0,6,30,0.006871161467357778
knn_housing,ags_gp,0,7,35,0.006871161467357778
knn_housing,ags_gp,0,8,40,0.006871161467357778
knn_housing,ags_gp,0,9,45,0.006871161467357778
knn_housing,ags_gp,0,10,50,0.006871161467357778
knn_housing,ags_gp,0,11,55,0.006871161467357778
knn_housing,ags_gp,0,12,60,0.0
knn_housing,ags_gp,0,13,65,0.0
knn_housing,ags_gp,0,14,70,0.0
knn_housing,ags_gp,0,15,75,0.0
knn_housing,ags_gp,0,16,80,0.0
knn_housing,ags_gp,0,17,85,0.0
knn_housing,ags_gp,0,18,90,0.0
knn_housing,ags_gp,0,19,95,0.0
knn_housing,ags_gp,0,20,100,0.0
knn_housing,ags_gp,0,21,102,0.0
knn_housing,ags_gp,0,22,104,0.0
knn_housing,ags_gp,0,23,109,0.0
knn_housing,ags_gp,0,24,114,0.0
knn_housing,ags_gp,1,1,5,0.006828127086274671
knn_housing,ags_gp,1,2,10,0.006828127086274671
knn_housing,ags_gp,1,3,15,0.006828127086274671
knn_housing,ags_gp,1,4,20,0.006828127086274671
knn_housing,ags_gp,1,5,25,0.006828127086274671
knn_housing,ags_gp,1,6,30,0.006828127086274671
knn_housing,ags_gp,1,7,35,0.006828127086274671
knn_housing,ags_gp,1,8,40,0.006828127086274671
knn_housing,ags_gp,1,9,45,0.006828127086274671
knn_housing,ags_gp,1,10,50,0.006828127086274671
knn_housing,ags_gp,1,11,55,0.006828127086274671
knn_housing,ags_gp,1,12,60,0.006828127086274671
knn_housing,ags_gp,1,13,62,0.006828127086274671
knn_housing,ags_gp,1,14,67,0.006828127086274671
knn_housing,ags_gp,1,15,72,0.006828127086274671
knn_housing,ags_gp,1,16,77,0.006828127086274671
knn_housing,ags_gp,1,17,82,0.006828127086274671
knn_housing,ags_gp,1,18,87,0.006828127086274671
knn_housing,ags_gp,1,19,92,0.006828127086274671
knn_housing,ags_gp,1,20,97,0.006828127086274671
knn_housing,ags_gp,1,21,102,0.006828127086274671
knn_housing,ags_gp,1,22,107,0.006828127086274671
knn_housing,ags_gp,1,23,112,0.006828127086274671
knn_housing,ags_gp,1,24,117,0.006828127086274671
knn_housing,ags_gp,2,1,5,0.14122457715412845
knn_housing,ags_gp,2,2,10,0.14122457715412845
knn_housing,ags_gp,2,3,15,0.006871161467357778
knn_housing,ags_gp,2,4,20,0.006871161467357778
knn_housing,ags_gp,2,5,25,0.006871161467357778
knn_housing,ags_gp,2,6,30,0.006871161467357778
knn_housing,ags_gp,2,7,35,0.006871161467357778
knn_housing,ags_gp,2,8,40,0.006871161467357778
knn_housing,ags_gp,2,9,45,0.006871161467357778
knn_housing,ags_gp,2,10,50,0.006871161467357778
knn_housing,ags_gp,2,11,55,0.006871161467357778
knn_housing,ags_gp,2,12,60,0.0
knn_housing,ags_gp,2,13,65,0.0
knn_housing,ags_gp,2,14,70,0.0
knn_housing,ags_gp,2,15,75,0.0
knn_housing,ags_gp,2,16,80,0.0
knn_housing,ags_gp,2,17,85,0.0
knn_housing,ags_gp,2,18,90,0.0
knn_housing,ags_gp,2,19,95,0.0
knn_housing,ags_gp,2,20,100,0.0
knn_housing,ags_gp,2,21,105,0.0
knn_housing,ags_gp,2,22,107,0.0
knn_housing,ags_gp,2,23,112,0.0
knn_housing,ags_gp,2,24,117,0.0
knn_housing,ags_gp,3,1,5,0.07964579828342322
knn_housing,ags_gp,3,2,10,0.07964579828342322
knn_housing,ags_gp,3,3,15,0.015402812413925493
knn_housing,ags_gp,3,4,20,0.015402812413925493
knn_housing,ags_gp,3,5,25,0.015402812413925493
knn_housing,ags_gp,3,6,30,0.015402812413925493
knn_housing,ags_gp,3,7,35,0.015402812413925493
knn_housing,ags_gp,3,8,40,0.015402812413925493
knn_housing,ags_gp,3,9,45,0.015402812413925493
knn_housing,ags_gp,3,10,50,0.015402812413925493
knn_housing,ags_gp,3,11,55,0.015402812413925493
knn_housing,ags_gp,3,12,60,0.015402812413925493
knn_housing,ags_gp,3,13,62,0.015402812413925493
knn_housing,ags_gp,3,14,67,0.015402812413925493
knn_housing,ags_gp,3,15,72,0.015402812413925493
knn_housing,ags_gp,3,16,77,0.015402812413925493
knn_housing,ags_gp,3,17,82,0.006871161467357778
knn_housing,ags_gp,3,18,84,0.006871161467357778
knn_housing,ags_gp,3,19,86,0.006871161467357778
knn_housing,ags_gp,3,20,91,0.0
knn_housing,ags_gp,3,21,93,0.0
knn_housing,ags_gp,3,22,98,0.006828127086274671
knn_housing,ags_gp,3,23,101,0.006828127086274671
knn_housing,ags_gp,3,24,104,0.006828127086274671
knn_housing,ags_gp,4,1,5,0.05008712715925362
knn_housing,ags_gp,4,2,10,0.05008712715925362
knn_housing,ags_gp,4,3,15,0.015402812413925493
knn_housing,ags_gp,4,4,20,0.015402812413925493
knn_housing,ags_gp,4,5,25,0.015402812413925493
knn_housing,ags_gp,4,6,30,0.015402812413925493
knn_housing,ags_gp,4,7,35,0.018555151741079023
knn_housing,ags_gp,4,8,40,0.018555151741079023
knn_housing,ags_gp,4,9,45,0.018555151741079023
knn_housing,ags_gp,4,10,50,0.018555151741079023
knn_housing,ags_gp,4,11,55,0.018555151741079023
knn_housing,ags_gp,4,12,60,0.018555151741079023
knn_housing,ags_gp,4,13,62,0.018555151741079023
knn_housing,ags_gp,4,14,67,0.018555151741079023
knn_housing,ags_gp,4,15,72,0.018555151741079023
knn_housing,ags_gp,4,16,77,0.018555151741079023
knn_housing,ags_gp,4,17,82,0.018555151741079023
knn_housing,ags_gp,4,18,84,0.018555151741079023
knn_housing,ags_gp,4,19,86,0.018555151741079023
knn_housing,ags_gp,4,20,91,0.0
knn_housing,ags_gp,4,21,93,0.0
knn_housing,ags_gp,4,22,98,0.0
knn_housing,ags_gp,4,23,101,0.0
knn_housing,ags_gp,4,24,104,0.0
knn_housing,ags_gp,5,1,5,0.0672987371679753
knn_housing,ags_gp,5,2,10,0.0672987371679753
knn_housing,ags_gp,5,3,15,0.022180005426240212
knn_housing,ags_gp,5,4,20,0.022180005426240212
knn_housing,ags_gp,5,5,25,0.022180005426240212
knn_housing,ags_gp,5,6,30,0.022180005426240212
knn_housing,ags_gp,5,7,35,0.022180005426240212
knn_housing,ags_gp,5,8,40,0.022180005426240212
knn_housing,ags_gp,5,9,45,0.022180005426240212
knn_housing,ags_gp,5,10,50,0.018555151741079023
knn_housing,ags_gp,5,11,55,0.018555151741079023
knn_housing,ags_gp,5,12,60,0.018555151741079023
knn_housing,ags_gp,5,13,65,0.018555151741079023
knn_housing,ags_gp,5,14,70,0.018555151741079023
knn_housing,ags_gp,5,15,75,0.0
knn_housing,ags_gp,5,16,80,0.0
knn_housing,ags_gp,5,17,85,0.0
knn_housing,ags_gp,5,18,90,0.0
knn_housing,ags_gp,5,19,95,0.0
knn_housing,ags_gp,5,20,100,0.0
knn_housing,ags_gp,5,21,105,0.0
knn_housing,ags_gp,5,22,107,0.0
knn_housing,ags_gp,5,23,112,0.0
knn_housing,ags_gp,5,24,117,0.0
knn_housing,ags_gp,6,1,5,0.034854101666787374
knn_housing,ags_gp,6,2,10,0.034854101666787374
knn_housing,ags_gp,6,3,15,0.034854101666787374
knn_housing,ags_gp,6,4,20,0.034854101666787374
knn_housing,ags_gp,6,5,25,0.034854101666787374
knn_housing,ags_gp,6,6,30,0.034854101666787374
knn_housing,ags_gp,6,7,35,0.024373118161056306
knn_housing,ags_gp,6,8,40,0.024373118161056306
knn_housing,ags_gp,6,9,45,0.024373118161056306
knn_housing,ags_gp,6,10,50,0.0
knn_housing,ags_gp,6,11,55,0.0
knn_housing,ags_gp,6,12,60,0.0
knn_housing,ags_gp,6,13,65,0.006828127086274671
knn_housing,ags_gp,6,14,70,0.006828127086274671
knn_housing,ags_gp,6,15,75,0.006828127086274671
knn_housing,ags_gp,6,16,80,0.006828127086274671
knn_housing,ags_gp,6,17,85,0.006828127086274671
knn_housing,ags_gp,6,18,90,0.006828127086274671
knn_housing,ags_gp,6,19,92,0.006828127086274671
knn_housing,ags_gp,6,20,97,0.006828127086274671
knn_housing,ags_gp,6,21,102,0.006828127086274671
knn_housing,ags_gp,6,22,107,0.006828127086274671
knn_housing,ags_gp,6,23,112,0.006828127086274671
knn_housing,ags_gp,6,24,114,0.006828127086274671
knn_housing,ags_gp,7,1,5,0.1950740616934739
knn_housing,ags_gp,7,2,10,0.1950740616934739
knn_housing,ags_gp,7,3,15,0.032612493315653024
knn_housing,ags_gp,7,4,20,0.032612493315653024
knn_housing,ags_gp,7,5,25,0.032612493315653024
knn_housing,ags_gp,7,6,30,0.032612493315653024
knn_housing,ags_gp,7,7,35,0.032612493315653024
knn_housing,ags_gp,7,8,40,0.032612493315653024
knn_housing,ags_gp,7,9,45,0.03726052575908617
knn_housing,ags_gp,7,10,50,0.03726052575908617
knn_housing,ags_gp,7,11,55,0.015402812413925493
knn_housing,ags_gp,7,12,60,0.015402812413925493
knn_housing,ags_gp,7,13,65,0.015402812413925493
knn_housing,ags_gp,7,14,70,0.0
knn_housing,ags_gp,7,15,72,0.0
knn_housing,ags_gp,7,16,77,0.0
knn_housing,ags_gp,7,17,82,0.0
knn_housing,ags_gp,7,18,87,0.0
knn_housing,ags_gp,7,19,92,0.0
knn_housing,ags_gp,7,20,94,0.0
knn_housing,ags_gp,7,21,99,0.0
knn_housing,ags_gp,7,22,104,0.0
knn_housing,ags_gp,7,23,109,0.0
knn_housing,ags_gp,7,24,111,0.0
knn_housing,ags_gp,8,1,5,0.05008712715925362
knn_housing,ags_gp,8,2,10,0.05008712715925362
knn_housing,ags_gp,8,3,15,0.015402812413925493
knn_housing,ags_gp,8,4,20,0.015402812413925493
knn_housing,ags_gp,8,5,25,0.015402812413925493
knn_housing,ags_gp,8,6,30,0.015402812413925493
knn_housing,ags_gp,8,7,35,0.015402812413925493
knn_housing,ags_gp,8,8,40,0.015402812413925493
knn_housing,ags_gp,8,9,45,0.015402812413925493
knn_housing,ags_gp,8,10,50,0.015402812413925493
knn_housing,ags_gp,8,11,55,0.015402812413925493
knn_housing,ags_gp,8,12,60,0.015402812413925493
knn_housing,ags_gp,8,13,62,0.015402812413925493
knn_housing,ags_gp,8,14,67,0.015402812413925493
knn_housing,ags_gp,8,15,72,0.015402812413925493
knn_housing,ags_gp,8,16,74,0.015402812413925493
knn_housing,ags_gp,8,17,79,0.015402812413925493
knn_housing,ags_gp,8,18,81,0.015402812413925493
knn_housing,ags_gp,8,19,86,0.0
knn_housing,ags_gp,8,20,88,0.0
knn_housing,ags_gp,8,21,91,0.0
knn_housing,ags_gp,8,22,96,0.0
knn_housing,ags_gp,8,23,99,0.0
knn_housing,ags_gp,8,24,102,0.0
knn_housing,ags_gp,9,1,5,0.017130554383139207
knn_housing,ags_gp,9,2,10,0.017130554383139207
knn_housing,ags_gp,9,3,15,0.017130554383139207
knn_housing,ags_gp,9,4,20,0.006871161467357778
knn_housing,ags_gp,9,5,25,0.006871161467357778
knn_housing,ags_gp,9,6,30,0.006871161467357778
knn_housing,ags_gp,9,7,35,0.0
knn_housing,ags_gp,9,8,40,0.0
knn_housing,ags_gp,9,9,45,0.0
knn_housing,ags_gp,9,10,50,0.0
knn_housing,ags_gp,9,11,55,0.0
knn_housing,ags_gp,9,12,60,0.0
knn_housing,ags_gp,9,13,65,0.0
knn_housing,ags_gp,9,14,70,0.0
knn_housing,ags_gp,9,15,75,0.0
knn_housing,ags_gp,9,16,80,0.006828127086274671
knn_housing,ags_gp,9,17,85,0.006828127086274671
knn_housing,ags_gp,9,18,90,0.006828127086274671
knn_housing,ags_gp,9,19,95,0.006828127086274671
knn_housing,ags_gp,9,20,100,0.006828127086274671
knn_housing,ags_gp,9,21,105,0.006828127086274671
knn_housing,ags_gp,9,22,110,0.006828127086274671
knn_housing,ags_gp,9,23,115,0.006828127086274671
knn_housing,ags_gp,9,24,117,0.006828127086274671
knn_housing,random,0,1,5,0.11834635723018722
knn_housing,random,0,2,10,0.11834635723018722
knn_housing,random,0,3,15,0.047920219424683386
knn_housing,random,0,4,20,0.047920219424683386
knn_housing,random,0,5,25,0.047920219424683386
knn_housing,random,0,6,30,0.047920219424683386
knn_housing,random,0,7,35,0.047920219424683386
knn_housing,random,0,8,40,0.047920219424683386
knn_housing,random,0,9,45,0.006828127086274671
knn_housing,random,0,10,50,0.006828127086274671
knn_housing,random,0,11,55,0.006828127086274671
knn_housing,random,0,12,60,0.006828127086274671
knn_housing,random,0,13,65,0.006828127086274671
knn_housing,random,0,14,70,0.006828127086274671
knn_housing,random,0,15,75,0.006828127086274671
knn_housing,random,0,16,80,0.006828127086274671
knn_housing,random,0,17,85,0.006828127086274671
knn_housing,random,0,18,90,0.006828127086274671
knn_housing,random,0,19,95,0.006828127086274671
knn_housing,random,0,20,100,0.006828127086274671
knn_housing,random,0,21,105,0.006828127086274671
knn_housing,random,0,22,110,0.0
knn_housing,random,0,23,115,0.0
knn_housing,random,0,24,120,0.0
knn_housing,random,1,1,5,0.05592717657792351
knn_housing,random,1,2,10,0.047920219424683386
knn_housing,random,1,3,15,0.018555151741079023
knn_housing,random,1,4,20,0.018555151741079023
knn_housing,random,1,5,25,0.018555151741079023
knn_housing,random,1,6,30,0.018555151741079023
knn_housing,random,1,7,35,0.018555151741079023
knn_housing,random,1,8,40,0.018555151741079023
knn_housing,random,1,9,45,0.018555151741079023
knn_housing,random,1,10,50,0.018555151741079023
knn_housing,random,1,11,55,0.018555151741079023
knn_housing,random,1,12,60,0.018555151741079023
knn_housing,random,1,13,65,0.018555151741079023
knn_housing,random,1,14,70,0.018555151741079023
knn_housing,random,1,15,75,0.018555151741079023
knn_housing,random,1,16,80,0.006871161467357778
knn_housing,random,1,17,85,0.006871161467357778
knn_housing,random,1,18,90,0.006871161467357778
knn_housing,random,1,19,95,0.006871161467357778
knn_housing,random,1,20,100,0.006871161467357778
knn_housing,random,1,21,105,0.006871161467357778
knn_housing,random,1,22,110,0.006871161467357778
knn_housing,random,1,23,115,0.006871161467357778
knn_housing,random,1,24,120,0.006871161467357778
knn_housing,random,2,1,5,0.154981804156562
knn_housing,random,2,2,10,0.12307266967124392
knn_housing,random,2,3,15,0.031207894036804185
knn_housing,random,2,4,20,0.006828127086274671
knn_housing,random,2,5,25,0.006828127086274671
knn_housing,random,2,6,30,0.006828127086274671
knn_housing,random,2,7,35,0.006828127086274671
knn_housing,random,2,8,40,0.006828127086274671
knn_housing,random,2,9,45,0.006828127086274671
knn_housing,random,2,10,50,0.006828127086274671
knn_housing,random,2,11,55,0.006828127086274671
knn_housing,random,2,12,60,0.006828127086274671
knn_housing,random,2,13,65,0.006828127086274671
knn_housing,random,2,14,70,0.006828127086274671
knn_housing,random,2,15,75,0.006828127086274671
knn_housing,random,2,16,80,0.006828127086274671
knn_housing,random,2,17,85,0.006828127086274671
knn_housing,random,2,18,90,0.006828127086274671
knn_housing,random,2,19,95,0.006828127086274671
knn_housing,random,2,20,100,0.006828127086274671
knn_housing,random,2,21,105,0.006828127086274671
knn_housing,random,2,22,110,0.006828127086274671
knn_housing,random,2,23,115,0.006828127086274671
knn_housing,random,2,24,120,0.006828127086274671
knn_housing,random,3,1,5,0.22569904866989882
knn_housing,random,3,2,10,0.15130292142462282
knn_housing,random,3,3,15,0.031207894036804185
knn_housing,random,3,4,20,0.031207894036804185
knn_housing,random,3,5,25,0.031207894036804185
knn_housing,random,3,6,30,0.018555151741079023
knn_housing,random,3,7,35,0.017130554383139207
knn_housing,random,3,8,40,0.017130554383139207
knn_housing,random,3,9,45,0.017130554383139207
knn_housing,random,3,10,50,0.017130554383139207
knn_housing,random,3,11,55,0.017130554383139207
knn_housing,random,3,12,60,0.0
knn_housing,random,3,13,65,0.0
knn_housing,random,3,14,70,0.0
knn_housing,random,3,15,75,0.0
knn_housing,random,3,16,80,0.0
knn_housing,random,3,17,85,0.0
knn_housing,random,3,18,90,0.0
knn_housing,random,3,19,95,0.0
knn_housing,random,3,20,100,0.0
knn_housing,random,3,21,105,0.006828127086274671
knn_housing,random,3,22,110,0.006828127086274671
knn_housing,random,3,23,115,0.006828127086274671
knn_housing,random,3,24,120,0.006828127086274671
knn_housing,random,4,1,5,0.11834635723018722
knn_housing,random,4,2,10,0.11834635723018722
knn_housing,random,4,3,15,0.08644901462643717
knn_housing,random,4,4,20,0.0
knn_housing,random,4,5,25,0.0
knn_housing,random,4,6,30,0.0
knn_housing,random,4,7,35,0.0
knn_housing,random,4,8,40,0.0
knn_housing,random,4,9,45,0.0
knn_housing,random,4,10,50,0.0
knn_housing,random,4,11,55,0.0
knn_housing,random,4,12,60,0.0
knn_housing,random,4,13,65,0.0
knn_housing,random,4,14,70,0.0
knn_housing,random,4,15,75,0.0
knn_housing,random,4,16,80,0.0
knn_housing,random,4,17,85,0.0
knn_housing,random,4,18,90,0.0
knn_housing,random,4,19,95,0.0
knn_housing,random,4,20,100,0.0
knn_housing,random,4,21,105,0.0
knn_housing,random,4,22,110,0.0
knn_housing,random,4,23,115,0.0
knn_housing,random,4,24,120,0.0
knn_housing,random,5,1,5,0.2481855420031877
knn_housing,random,5,2,10,0.11834635723018722
knn_housing,random,5,3,15,0.11834635723018722
knn_housing,random,5,4,20,0.0441700600920909
knn_housing,random,5,5,25,0.0441700600920909
knn_housing,random,5,6,30,0.0441700600920909
knn_housing,random,5,7,35,0.0441700600920909
knn_housing,random,5,8,40,0.0441700600920909
knn_housing,random,5,9,45,0.006871161467357778
knn_housing,random,5,10,50,0.006871161467357778
knn_housing,random,5,11,55,0.006871161467357778
knn_housing,random,5,12,60,0.006871161467357778
knn_housing,random,5,13,65,0.006871161467357778
knn_housing,random,5,14,70,0.006871161467357778
knn_housing,random,5,15,75,0.006871161467357778
knn_housing,random,5,16,80,0.006871161467357778
knn_housing,random,5,17,85,0.006871161467357778
knn_housing,random,5,18,90,0.006871161467357778
knn_housing,random,5,19,95,0.006871161467357778
knn_housing,random,5,20,100,0.006828127086274671
knn_housing,random,5,21,105,0.006828127086274671
knn_housing,random,5,22,110,0.006828127086274671
knn_housing,random,5,23,115,0.006828127086274671
knn_housing,random,5,24,120,0.006828127086274671
knn_housing,random,6,1,5,0.03726052575908617
knn_housing,random,6,2,10,0.03726052575908617
knn_housing,random,6,3,15,0.03726052575908617
knn_housing,random,6,4,20,0.015402812413925493
knn_housing,random,6,5,25,0.015402812413925493
knn_housing,random,6,6,30,0.015402812413925493
knn_housing,random,6,7,35,0.015402812413925493
knn_housing,random,6,8,40,0.015402812413925493
knn_housing,random,6,9,45,0.015402812413925493
knn_housing,random,6,10,50,0.015402812413925493
knn_housing,random,6,11,55,0.015402812413925493
knn_housing,random,6,12,60,0.015402812413925493
knn_housing,random,6,13,65,0.015402812413925493
knn_housing,random,6,14,70,0.015402812413925493
knn_housing,random,6,15,75,0.015402812413925493
knn_housing,random,6,16,80,0.015402812413925493
knn_housing,random,6,17,85,0.015402812413925493
knn_housing,random,6,18,90,0.015402812413925493
knn_housing,random,6,19,95,0.015402812413925493
knn_housing,random,6,20,100,0.006828127086274671
knn_housing,random,6,21,105,0.006828127086274671
knn_housing,random,6,22,110,0.006828127086274671
knn_housing,random,6,23,115,0.006828127086274671
knn_housing,random,6,24,120,0.006828127086274671
knn_housing,random,7,1,5,0.0
knn_housing,random,7,2,10,0.0
knn_housing,random,7,3,15,0.0
knn_housing,random,7,4,20,0.0
knn_housing,random,7,5,25,0.0
knn_housing,random,7,6,30,0.0
knn_housing,random,7,7,35,0.0
knn_housing,random,7,8,40,0.0
knn_housing,random,7,9,45,0.0
knn_housing,random,7,10,50,0.0
knn_housing,random,7,11,55,0.0
knn_housing,random,7,12,60,0.0
knn_housing,random,7,13,65,0.0
knn_housing,random,7,14,70,0.0
knn_housing,random,7,15,75,0.0
knn_housing,random,7,16,80,0.0
knn_housing,random,7,17,85,0.0
knn_housing,random,7,18,90,0.0
knn_housing,random,7,19,95,0.0
knn_housing,random,7,20,100,0.0
knn_housing,random,7,21,105,0.0
knn_housing,random,7,22,110,0.0
knn_housing,random,7,23,115,0.0
knn_housing,random,7,24,120,0.0
knn_housing,random,8,1,5,0.18759618657544824
knn_housing,random,8,2,10,0.09235558464875121
knn_housing,random,8,3,15,0.05592717657792351
knn_housing,random,8,4,20,0.05592717657792351
knn_housing,random,8,5,25,0.05592717657792351
knn_housing,random,8,6,30,0.05592717657792351
knn_housing,random,8,7,35,0.05592717657792351
knn_housing,random,8,8,40,0.024861617443068473
knn_housing,random,8,9,45,0.015402812413925493
knn_housing,random,8,10,50,0.015402812413925493
knn_housing,random,8,11,55,0.006871161467357778
knn_housing,random,8,12,60,0.006871161467357778
knn_housing,random,8,13,65,0.006871161467357778
knn_housing,random,8,14,70,0.006871161467357778
knn_housing,random,8,15,75,0.006871161467357778
knn_housing,random,8,16,80,0.006871161467357778
knn_housing,random,8,17,85,0.006871161467357778
knn_housing,random,8,18,90,0.006871161467357778
knn_housing,random,8,19,95,0.006871161467357778
knn_housing,random,8,20,100,0.006871161467357778
knn_housing,random,8,21,105,0.006871161467357778
knn_housing,random,8,22,110,0.006871161467357778
knn_housing,random,8,23,115,0.006871161467357778
knn_housing,random,8,24,120,0.006871161467357778
knn_housing,random,9,1,5,0.034854101666787374
knn_housing,random,9,2,10,0.034854101666787374
knn_housing,random,9,3,15,0.034854101666787374
knn_housing,random,9,4,20,0.034854101666787374
knn_housing,random,9,5,25,0.034854101666787374
knn_housing,random,9,6,30,0.034854101666787374
knn_housing,random,9,7,35,0.006828127086274671
knn_housing,random,9,8,40,0.006828127086274671
knn_housing,random,9,9,45,0.006828127086274671
knn_housing,random,9,10,50,0.006828127086274671
knn_housing,random,9,11,55,0.006828127086274671
knn_housing,random,9,12,60,0.006828127086274671
knn_housing,random,9,13,65,0.006828127086274671
knn_housing,random,9,14,70,0.006828127086274671
knn_housing,random,9,15,75,0.006828127086274671
knn_housing,random,9,16,80,0.006828127086274671
knn_housing,random,9,17,85,0.006828127086274671
knn_housing,random,9,18,90,0.006828127086274671
knn_housing,random,9,19,95,0.006828127086274671
knn_housing,random,9,20,100,0.006828127086274671
knn_housing,random,9,21,105,0.006828127086274671
knn_housing,random,9,22,110,0.006828127086274671
knn_housing,random,9,23,115,0.006828127086274671
knn_housing,random,9,24,120,0.006828127086274671
knn_housing,optuna_tpe,0,1,5,0.03546816943923947
knn_housing,optuna_tpe,0,2,10,0.03546816943923947
knn_housing,optuna_tpe,0,3,15,0.024861617443068473
knn_housing,optuna_tpe,0,4,20,0.024861617443068473
knn_housing,optuna_tpe,0,5,25,0.018555151741079023
knn_housing,optuna_tpe,0,6,30,0.018555151741079023
knn_housing,optuna_tpe,0,7,35,0.018555151741079023
knn_housing,optuna_tpe,0,8,40,0.018555151741079023
knn_housing,optuna_tpe,0,9,45,0.018555151741079023
knn_housing,optuna_tpe,0,10,50,0.018555151741079023
knn_housing,optuna_tpe,0,11,55,0.018555151741079023
knn_housing,optuna_tpe,0,12,60,0.018555151741079023
knn_housing,optuna_tpe,0,13,65,0.006828127086274671
knn_housing,optuna_tpe,0,14,70,0.0
knn_housing,optuna_tpe,0,15,75,0.0
knn_housing,optuna_tpe,0,16,80,0.0
knn_housing,optuna_tpe,0,17,85,0.0
knn_housing,optuna_tpe,0,18,90,0.0
knn_housing,optuna_tpe,0,19,95,0.0
knn_housing,optuna_tpe,0,20,100,0.0
knn_housing,optuna_tpe,0,21,105,0.0
knn_housing,optuna_tpe,0,22,110,0.0
knn_housing,optuna_tpe,0,23,115,0.0
knn_housing,optuna_tpe,0,24,120,0.0
knn_housing,optuna_tpe,1,1,5,0.006828127086274671
knn_housing,optuna_tpe,1,2,10,0.006828127086274671
knn_housing,optuna_tpe,1,3,15,0.006828127086274671
knn_housing,optuna_tpe,1,4,20,0.006828127086274671
knn_housing,optuna_tpe,1,5,25,0.006828127086274671
knn_housing,optuna_tpe,1,6,30,0.006828127086274671
knn_housing,optuna_tpe,1,7,35,0.006828127086274671
knn_housing,optuna_tpe,1,8,40,0.006828127086274671
knn_housing,optuna_tpe,1,9,45,0.006828127086274671
knn_housing,optuna_tpe,1,10,50,0.006828127086274671
knn_housing,optuna_tpe,1,11,55,0.006828127086274671
knn_housing,optuna_tpe,1,12,60,0.006828127086274671
knn_housing,optuna_tpe,1,13,65,0.006828127086274671
knn_housing,optuna_tpe,1,14,70,0.006828127086274671
knn_housing,optuna_tpe,1,15,75,0.006828127086274671
knn_housing,optuna_tpe,1,16,80,0.006828127086274671
knn_housing,optuna_tpe,1,17,85,0.006828127086274671
knn_housing,optuna_tpe,1,18,90,0.006828127086274671
knn_housing,optuna_tpe,1,19,95,0.006828127086274671
knn_housing,optuna_tpe,1,20,100,0.006828127086274671
knn_housing,optuna_tpe,1,21,105,0.006828127086274671
knn_housing,optuna_tpe,1,22,110,0.006828127086274671
knn_housing,optuna_tpe,1,23,115,0.006828127086274671
knn_housing,optuna_tpe,1,24,120,0.006828127086274671
knn_housing,optuna_tpe,2,1,5,0.034854101666787374
knn_housing,optuna_tpe,2,2,10,0.017130554383139207
knn_housing,optuna_tpe,2,3,15,0.017130554383139207
knn_housing,optuna_tpe,2,4,20,0.017130554383139207
knn_housing,optuna_tpe,2,5,25,0.017130554383139207
knn_housing,optuna_tpe,2,6,30,0.017130554383139207
knn_housing,optuna_tpe,2,7,35,0.017130554383139207
knn_housing,optuna_tpe,2,8,40,0.017130554383139207
knn_housing,optuna_tpe,2,9,45,0.017130554383139207
knn_housing,optuna_tpe,2,10,50,0.017130554383139207
knn_housing,optuna_tpe,2,11,55,0.017130554383139207
knn_housing,optuna_tpe,2,12,60,0.017130554383139207
knn_housing,optuna_tpe,2,13,65,0.017130554383139207
knn_housing,optuna_tpe,2,14,70,0.017130554383139207
knn_housing,optuna_tpe,2,15,75,0.017130554383139207
knn_housing,optuna_tpe,2,16,80,0.006871161467357778
knn_housing,optuna_tpe,2,17,85,0.006871161467357778
knn_housing,optuna_tpe,2,18,90,0.006871161467357778
knn_housing,optuna_tpe,2,19,95,0.006871161467357778
knn_housing,optuna_tpe,2,20,100,0.0
knn_housing,optuna_tpe,2,21,105,0.0
knn_housing,optuna_tpe,2,22,110,0.0
knn_housing,optuna_tpe,2,23,115,0.0
knn_housing,optuna_tpe,2,24,120,0.0
knn_housing,optuna_tpe,3,1,5,0.018555151741079023
knn_housing,optuna_tpe,3,2,10,0.018555151741079023
knn_housing,optuna_tpe,3,3,15,0.018555151741079023
knn_housing,optuna_tpe,3,4,20,0.017130554383139207
knn_housing,optuna_tpe,3,5,25,0.017130554383139207
knn_housing,optuna_tpe,3,6,30,0.017130554383139207
knn_housing,optuna_tpe,3,7,35,0.017130554383139207
knn_housing,optuna_tpe,3,8,40,0.017130554383139207
knn_housing,optuna_tpe,3,9,45,0.017130554383139207
knn_housing,optuna_tpe,3,10,50,0.017130554383139207
knn_housing,optuna_tpe,3,11,55,0.017130554383139207
knn_housing,optuna_tpe,3,12,60,0.017130554383139207
knn_housing,optuna_tpe,3,13,65,0.017130554383139207
knn_housing,optuna_tpe,3,14,70,0.006871161467357778
knn_housing,optuna_tpe,3,15,75,0.006871161467357778
knn_housing,optuna_tpe,3,16,80,0.006871161467357778
knn_housing,optuna_tpe,3,17,85,0.006871161467357778
knn_housing,optuna_tpe,3,18,90,0.006871161467357778
knn_housing,optuna_tpe,3,19,95,0.006871161467357778
knn_housing,optuna_tpe,3,20,100,0.006871161467357778
knn_housing,optuna_tpe,3,21,105,0.006871161467357778
knn_housing,optuna_tpe,3,22,110,0.006871161467357778
knn_housing,optuna_tpe,3,23,115,0.0
knn_housing,optuna_tpe,3,24,120,0.006828127086274671
knn_housing,optuna_tpe,4,1,5,0.164325057258291
knn_housing,optuna_tpe,4,2,10,0.05008712715925362
knn_housing,optuna_tpe,4,3,15,0.05008712715925362
knn_housing,optuna_tpe,4,4,20,0.006828127086274671
knn_housing,optuna_tpe,4,5,25,0.006828127086274671
knn_housing,optuna_tpe,4,6,30,0.006828127086274671
knn_housing,optuna_tpe,4,7,35,0.006828127086274671
knn_housing,optuna_tpe,4,8,40,0.006828127086274671
knn_housing,optuna_tpe,4,9,45,0.006828127086274671
knn_housing,optuna_tpe,4,10,50,0.006828127086274671
knn_housing,optuna_tpe,4,11,55,0.006828127086274671
knn_housing,optuna_tpe,4,12,60,0.006828127086274671
knn_housing,optuna_tpe,4,13,65,0.006828127086274671
knn_housing,optuna_tpe,4,14,70,0.006828127086274671
knn_housing,optuna_tpe,4,15,75,0.006871161467357778
knn_housing,optuna_tpe,4,16,80,0.006871161467357778
knn_housing,optuna_tpe,4,17,85,0.0
knn_housing,optuna_tpe,4,18,90,0.0
knn_housing,optuna_tpe,4,19,95,0.0
knn_housing,optuna_tpe,4,20,100,0.0
knn_housing,optuna_tpe,4,21,105,0.0
knn_housing,optuna_tpe,4,22,110,0.0
knn_housing,optuna_tpe,4,23,115,0.0
knn_housing,optuna_tpe,4,24,120,0.0
knn_housing,optuna_tpe,5,1,5,0.04797262379375339
knn_housing,optuna_tpe,5,2,10,0.04797262379375339
knn_housing,optuna_tpe,5,3,15,0.04797262379375339
knn_housing,optuna_tpe,5,4,20,0.04797262379375339
knn_housing,optuna_tpe,5,5,25,0.034854101666787374
knn_housing,optuna_tpe,5,6,30,0.022180005426240212
knn_housing,optuna_tpe,5,7,35,0.022180005426240212
knn_housing,optuna_tpe,5,8,40,0.022180005426240212
knn_housing,optuna_tpe,5,9,45,0.022180005426240212
knn_housing,optuna_tpe,5,10,50,0.022180005426240212
knn_housing,optuna_tpe,5,11,55,0.022180005426240212
knn_housing,optuna_tpe,5,12,60,0.006871161467357778
knn_housing,optuna_tpe,5,13,65,0.006871161467357778
knn_housing,optuna_tpe,5,14,70,0.006871161467357778
knn_housing,optuna_tpe,5,15,75,0.006828127086274671
knn_housing,optuna_tpe,5,16,80,0.006828127086274671
knn_housing,optuna_tpe,5,17,85,0.006828127086274671
knn_housing,optuna_tpe,5,18,90,0.006828127086274671
knn_housing,optuna_tpe,5,19,95,0.006828127086274671
knn_housing,optuna_tpe,5,20,100,0.0
knn_housing,optuna_tpe,5,21,105,0.0
knn_housing,optuna_tpe,5,22,110,0.0
knn_housing,optuna_tpe,5,23,115,0.0
knn_housing,optuna_tpe,5,24,120,0.0
knn_housing,optuna_tpe,6,1,5,0.15130292142462282
knn_housing,optuna_tpe,6,2,10,0.15130292142462282
knn_housing,optuna_tpe,6,3,15,0.031207894036804185
knn_housing,optuna_tpe,6,4,20,0.031207894036804185
knn_housing,optuna_tpe,6,5,25,0.031207894036804185
knn_housing,optuna_tpe,6,6,30,0.031207894036804185
knn_housing,optuna_tpe,6,7,35,0.031207894036804185
knn_housing,optuna_tpe,6,8,40,0.031207894036804185
knn_housing,optuna_tpe,6,9,45,0.031207894036804185
knn_housing,optuna_tpe,6,10,50,0.031207894036804185
knn_housing,optuna_tpe,6,11,55,0.017130554383139207
knn_housing,optuna_tpe,6,12,60,0.017130554383139207
knn_housing,optuna_tpe,6,13,65,0.015402812413925493
knn_housing,optuna_tpe,6,14,70,0.015402812413925493
knn_housing,optuna_tpe,6,15,75,0.015402812413925493
knn_housing,optuna_tpe,6,16,80,0.015402812413925493
knn_housing,optuna_tpe,6,17,85,0.0
knn_housing,optuna_tpe,6,18,90,0.006828127086274671
knn_housing,optuna_tpe,6,19,95,0.006828127086274671
knn_housing,optuna_tpe,6,20,100,0.006828127086274671
knn_housing,optuna_tpe,6,21,105,0.006828127086274671
knn_housing,optuna_tpe,6,22,110,0.006828127086274671
knn_housing,optuna_tpe,6,23,115,0.006828127086274671
knn_housing,optuna_tpe,6,24,120,0.006828127086274671
knn_housing,optuna_tpe,7,1,5,0.22569904866989882
knn_housing,optuna_tpe,7,2,10,0.0742744172208234
knn_housing,optuna_tpe,7,3,15,0.031207894036804185
knn_housing,optuna_tpe,7,4,20,0.024861617443068473
knn_housing,optuna_tpe,7,5,25,0.006871161467357778
knn_housing,optuna_tpe,7,6,30,0.006871161467357778
knn_housing,optuna_tpe,7,7,35,0.006871161467357778
knn_housing,optuna_tpe,7,8,40,0.006871161467357778
knn_housing,optuna_tpe,7,9,45,0.006871161467357778
knn_housing,optuna_tpe,7,10,50,0.006871161467357778
knn_housing,optuna_tpe,7,11,55,0.006871161467357778
knn_housing,optuna_tpe,7,12,60,0.0
knn_housing,optuna_tpe,7,13,65,0.0
knn_housing,optuna_tpe,7,14,70,0.0
knn_housing,optuna_tpe,7,15,75,0.0
knn_housing,optuna_tpe,7,16,80,0.0
knn_housing,optuna_tpe,7,17,85,0.0
knn_housing,optuna_tpe,7,18,90,0.0
knn_housing,optuna_tpe,7,19,95,0.0
knn_housing,optuna_tpe,7,20,100,0.0
knn_housing,optuna_tpe,7,21,105,0.0
knn_housing,optuna_tpe,7,22,110,0.0
knn_housing,optuna_tpe,7,23,115,0.0
knn_housing,optuna_tpe,7,24,120,0.0
knn_housing,optuna_tpe,8,1,5,0.12617038530071262
knn_housing,optuna_tpe,8,2,10,0.031207894036804185
knn_housing,optuna_tpe,8,3,15,0.031207894036804185
knn_housing,optuna_tpe,8,4,20,0.031207894036804185
knn_housing,optuna_tpe,8,5,25,0.031207894036804185
knn_housing,optuna_tpe,8,6,30,0.006871161467357778
knn_housing,optuna_tpe,8,7,35,0.006871161467357778
knn_housing,optuna_tpe,8,8,40,0.006871161467357778
knn_housing,optuna_tpe,8,9,45,0.006871161467357778
knn_housing,optuna_tpe,8,10,50,0.006871161467357778
knn_housing,optuna_tpe,8,11,55,0.006871161467357778
knn_housing,optuna_tpe,8,12,60,0.006871161467357778
knn_housing,optuna_tpe,8,13,65,0.006871161467357778
knn_housing,optuna_tpe,8,14,70,0.006871161467357778
knn_housing,optuna_tpe,8,15,75,0.006871161467357778
knn_housing,optuna_tpe,8,16,80,0.006871161467357778
knn_housing,optuna_tpe,8,17,85,0.006871161467357778
knn_housing,optuna_tpe,8,18,90,0.006871161467357778
knn_housing,optuna_tpe,8,19,95,0.006871161467357778
knn_housing,optuna_tpe,8,20,100,0.006871161467357778
knn_housing,optuna_tpe,8,21,105,0.006871161467357778
knn_housing,optuna_tpe,8,22,110,0.006871161467357778
knn_housing,optuna_tpe,8,23,115,0.0
knn_housing,optuna_tpe,8,24,120,0.0
knn_housing,optuna_tpe,9,1,5,0.22569904866989882
knn_housing,optuna_tpe,9,2,10,0.09891590392677657
knn_housing,optuna_tpe,9,3,15,0.017130554383139207
knn_housing,optuna_tpe,9,4,20,0.017130554383139207
knn_housing,optuna_tpe,9,5,25,0.017130554383139207
knn_housing,optuna_tpe,9,6,30,0.017130554383139207
knn_housing,optuna_tpe,9,7,35,0.017130554383139207
knn_housing,optuna_tpe,9,8,40,0.017130554383139207
knn_housing,optuna_tpe,9,9,45,0.017130554383139207
knn_housing,optuna_tpe,9,10,50,0.017130554383139207
knn_housing,optuna_tpe,9,11,55,0.017130554383139207
knn_housing,optuna_tpe,9,12,60,0.006871161467357778
knn_housing,optuna_tpe,9,13,65,0.006871161467357778
knn_housing,optuna_tpe,9,14,70,0.006871161467357778
knn_housing,optuna_tpe,9,15,75,0.006871161467357778
knn_housing,optuna_tpe,9,16,80,0.006871161467357778
knn_housing,optuna_tpe,9,17,85,0.006871161467357778
knn_housing,optuna_tpe,9,18,90,0.006871161467357778
knn_housing,optuna_tpe,9,19,95,0.006871161467357778
knn_housing,optuna_tpe,9,20,100,0.006871161467357778
knn_housing,optuna_tpe,9,21,105,0.006871161467357778
knn_housing,optuna_tpe,9,22,110,0.0
knn_housing,optuna_tpe,9,23,115,0.0
knn_housing,optuna_tpe,9,24,120,0.0
