task,method,seed,t,folds,regret
svc_digits,ags_default,0,1,5,0.02533333333333332
svc_digits,ags_default,0,2,10,0.02533333333333332
svc_digits,ags_default,0,3,15,0.02533333333333332
svc_digits,ags_default,0,4,20,0.02400000000000002
svc_digits,ags_default,0,5,25,0.02400000000000002
svc_digits,ags_default,0,6,30,0.02400000000000002
svc_digits,ags_default,0,7,35,0.02400000000000002
svc_digits,ags_default,0,8,40,0.0013333333333332975
svc_digits,ags_default,0,9,45,0.0013333333333332975
svc_digits,ags_default,0,10,50,0.0013333333333332975
svc_digits,ags_default,0,11,55,0.0013333333333332975
svc_digits,ags_default,0,12,60,0.0013333333333332975
svc_digits,ags_default,0,13,65,0.00533333333333319
svc_digits,ags_default,0,14,70,0.00533333333333319
svc_digits,ags_default,0,15,75,0.00533333333333319
svc_digits,ags_default,0,16,80,0.00533333333333319
svc_digits,ags_default,0,17,85,0.00533333333333319
svc_digits,ags_default,0,18,90,0.00533333333333319
svc_digits,ags_default,1,1,5,0.010666666666666491
svc_digits,ags_default,1,2,10,0.010666666666666491
svc_digits,ags_default,1,3,15,0.010666666666666491
svc_digits,ags_default,1,4,20,0.010666666666666491
svc_digits,ags_default,1,5,25,0.010666666666666491
svc_digits,ags_default,1,6,30,0.010666666666666491
svc_digits,ags_default,1,7,35,0.010666666666666491
svc_digits,ags_default,1,8,40,0.010666666666666491
svc_digits,ags_default,1,9,45,0.010666666666666491
svc_digits,ags_default,1,10,50,0.010666666666666491
svc_digits,ags_default,1,11,55,0.010666666666666491
svc_digits,ags_default,1,12,60,0.010666666666666491
svc_digits,ags_default,1,13,65,0.010666666666666491
svc_digits,ags_default,2,1,5,0.6013333333333333
svc_digits,ags_default,2,2,10,0.6013333333333333
svc_digits,ags_default,2,3,15,0.0013333333333332975
svc_digits,ags_default,2,4,20,0.0013333333333332975
svc_digits,ags_default,2,5,25,0.0013333333333332975
svc_digits,ags_default,2,6,30,0.0013333333333332975
svc_digits,ags_default,2,7,35,0.0013333333333332975
svc_digits,ags_default,2,8,40,0.0013333333333332975
svc_digits,ags_default,2,9,45,0.0013333333333332975
svc_digits,ags_default,2,10,50,0.00533333333333319
svc_digits,ags_default,2,11,55,0.00533333333333319
svc_digits,ags_default,2,12,60,0.00533333333333319
svc_digits,ags_default,2,13,65,0.00533333333333319
svc_digits,ags_default,2,14,70,0.00533333333333319
svc_digits,ags_default,2,15,75,0.00533333333333319
svc_digits,ags_default,3,1,5,0.2493333333333333
svc_digits,ags_default,3,2,10,0.00533333333333319
svc_digits,ags_default,3,3,15,0.0013333333333332975
svc_digits,ags_default,3,4,20,0.0013333333333332975
svc_digits,ags_default,3,5,25,0.0013333333333332975
svc_digits,ags_default,3,6,30,0.0013333333333332975
svc_digits,ags_default,3,7,35,0.0013333333333332975
svc_digits,ags_default,3,8,40,0.0013333333333332975
svc_digits,ags_default,3,9,45,0.0013333333333332975
svc_digits,ags_default,3,10,50,0.0013333333333332975
svc_digits,ags_default,3,11,55,0.0013333333333332975
svc_digits,ags_default,3,12,60,0.0013333333333332975
svc_digits,ags_default,3,13,65,0.0013333333333332975
svc_digits,ags_default,4,1,5,0.0039999999999998925
svc_digits,ags_default,4,2,10,0.0039999999999998925
svc_digits,ags_default,4,3,15,0.0039999999999998925
svc_digits,ags_default,4,4,20,0.0039999999999998925
svc_digits,ags_default,4,5,25,0.00533333333333319
svc_digits,ags_default,4,6,30,0.00533333333333319
svc_digits,ags_default,4,7,35,0.00533333333333319
svc_digits,ags_default,4,8,40,0.00533333333333319
svc_digits,ags_default,4,9,45,0.0013333333333332975
svc_digits,ags_default,4,10,50,0.0013333333333332975
svc_digits,ags_default,4,11,55,0.0013333333333332975
svc_digits,ags_default,4,12,60,0.0013333333333332975
svc_digits,ags_default,4,13,65,0.0013333333333332975
svc_digits,ags_default,4,14,70,0.0013333333333332975
svc_digits,ags_default,5,1,5,0.00533333333333319
svc_digits,ags_default,5,2,10,0.00533333333333319
svc_digits,ags_default,5,3,15,0.00533333333333319
svc_digits,ags_default,5,4,20,0.00533333333333319
svc_digits,ags_default,5,5,25,0.00533333333333319
svc_digits,ags_default,5,6,30,0.00533333333333319
svc_digits,ags_default,5,7,35,0.00533333333333319
svc_digits,ags_default,5,8,40,0.00533333333333319
svc_digits,ags_default,5,9,45,0.00533333333333319
svc_digits,ags_default,5,10,50,0.00533333333333319
svc_digits,ags_default,5,11,55,0.00533333333333319
svc_digits,ags_default,5,12,60,0.00533333333333319
svc_digits,ags_default,5,13,65,0.00533333333333319
svc_digits,ags_default,6,1,5,0.0039999999999998925
svc_digits,ags_default,6,2,10,0.0039999999999998925
svc_digits,ags_default,6,3,15,0.0039999999999998925
svc_digits,ags_default,6,4,20,0.0039999999999998925
svc_digits,ags_default,6,5,25,0.0039999999999998925
svc_digits,ags_default,6,6,30,0.0
svc_digits,ags_default,6,7,35,0.0
svc_digits,ags_default,6,8,40,0.0
svc_digits,ags_default,6,9,45,0.0
svc_digits,ags_default,6,10,50,0.0
svc_digits,ags_default,6,11,55,0.0
svc_digits,ags_default,6,12,60,0.0013333333333332975
svc_digits,ags_default,6,13,65,0.0013333333333332975
svc_digits,ags_default,6,14,70,0.0013333333333332975
svc_digits,ags_default,6,15,72,0.0013333333333332975
svc_digits,ags_default,6,16,77,0.0013333333333332975
svc_digits,ags_default,6,17,82,0.0013333333333332975
svc_digits,ags_default,7,1,5,0.010666666666666713
svc_digits,ags_default,7,2,10,0.010666666666666713
svc_digits,ags_default,7,3,15,0.010666666666666713
svc_digits,ags_default,7,4,20,0.00533333333333319
svc_digits,ags_default,7,5,25,0.00533333333333319
svc_digits,ags_default,7,6,30,0.00533333333333319
svc_digits,ags_default,7,7,35,0.00533333333333319
svc_digits,ags_default,7,8,40,0.00533333333333319
svc_digits,ags_default,7,9,45,0.00533333333333319
svc_digits,ags_default,7,10,50,0.00533333333333319
svc_digits,ags_default,7,11,55,0.00533333333333319
svc_digits,ags_default,7,12,60,0.00533333333333319
svc_digits,ags_default,7,13,65,0.00533333333333319
svc_digits,ags_default,7,14,70,0.00533333333333319
svc_digits,ags_default,7,15,75,0.00533333333333319
svc_digits,ags_default,7,16,80,0.00533333333333319
svc_digits,ags_default,7,17,85,0.00533333333333319
svc_digits,ags_default,8,1,5,0.00533333333333319
svc_digits,ags_default,8,2,10,0.0013333333333332975
svc_digits,ags_default,8,3,15,0.0013333333333332975
svc_digits,ags_default,8,4,20,0.0013333333333332975
svc_digits,ags_default,8,5,25,0.0013333333333332975
svc_digits,ags_default,8,6,30,0.0013333333333332975
svc_digits,ags_default,8,7,35,0.0013333333333332975
svc_digits,ags_default,8,8,40,0.0013333333333332975
svc_digits,ags_default,8,9,45,0.0013333333333332975
svc_digits,ags_default,8,10,50,0.0013333333333332975
svc_digits,ags_default,8,11,55,0.0013333333333332975
svc_digits,ags_default,8,12,60,0.00533333333333319
svc_digits,ags_default,8,13,65,0.00533333333333319
svc_digits,ags_default,8,14,70,0.00533333333333319
svc_digits,ags_default,8,15,75,0.00533333333333319
svc_digits,ags_default,8,16,80,0.00533333333333319
svc_digits,ags_default,8,17,85,0.00533333333333319
svc_digits,ags_default,9,1,5,0.051999999999999935
svc_digits,ags_default,9,2,10,0.008000000000000007
svc_digits,ags_default,9,3,15,0.010666666666666491
svc_digits,ags_default,9,4,20,0.010666666666666491
svc_digits,ags_default,9,5,25,0.010666666666666491
svc_digits,ags_default,9,6,30,0.010666666666666491
svc_digits,ags_default,9,7,35,0.00533333333333319
svc_digits,ags_default,9,8,40,0.00533333333333319
svc_digits,ags_default,9,9,45,0.00533333333333319
svc_digits,ags_default,9,10,50,0.00533333333333319
svc_digits,ags_default,9,11,55,0.00533333333333319
svc_digits,ags_default,9,12,60,0.00533333333333319
svc_digits,ags_default,9,13,65,0.00533333333333319
svc_digits,ags_no_early_stop,0,1,5,0.02533333333333332
svc_digits,ags_no_early_stop,0,2,10,0.02533333333333332
svc_digits,ags_no_early_stop,0,3,15,0.02533333333333332
svc_digits,ags_no_early_stop,0,4,20,0.02400000000000002
svc_digits,ags_no_early_stop,0,5,25,0.02400000000000002
svc_digits,ags_no_early_stop,0,6,30,0.02400000000000002
svc_digits,ags_no_early_stop,0,7,35,0.02400000000000002
svc_digits,ags_no_early_stop,0,8,40,0.0013333333333332975
svc_digits,ags_no_early_stop,0,9,45,0.0013333333333332975
svc_digits,ags_no_early_stop,0,10,50,0.0013333333333332975
svc_digits,ags_no_early_stop,0,11,55,0.0013333333333332975
svc_digits,ags_no_early_stop,0,12,60,0.0013333333333332975
svc_digits,ags_no_early_stop,0,13,65,0.00533333333333319
svc_digits,ags_no_early_stop,0,14,70,0.00533333333333319
svc_digits,ags_no_early_stop,0,15,75,0.00533333333333319
svc_digits,ags_no_early_stop,0,16,80,0.00533333333333319
svc_digits,ags_no_early_stop,0,17,85,0.00533333333333319
svc_digits,ags_no_early_stop,0,18,90,0.00533333333333319
svc_digits,ags_no_early_stop,0,19,95,0.00533333333333319
svc_digits,ags_no_early_stop,0,20,100,0.00533333333333319
svc_digits,ags_no_early_stop,0,21,105,0.00533333333333319
svc_digits,ags_no_early_stop,0,22,110,0.00533333333333319
svc_digits,ags_no_early_stop,0,23,112,0.00533333333333319
svc_digits,ags_no_early_stop,0,24,114,0.00533333333333319
svc_digits,ags_no_early_stop,0,25,119,0.00533333333333319
svc_digits,ags_no_early_stop,0,26,124,0.00533333333333319
svc_digits,ags_no_early_stop,0,27,129,0.00533333333333319
svc_digits,ags_no_early_stop,0,28,132,0.00533333333333319
svc_digits,ags_no_early_stop,0,29,137,0.00533333333333319
svc_digits,ags_no_early_stop,0,30,142,0.00533333333333319
svc_digits,ags_no_early_stop,0,31,145,0.00533333333333319
svc_digits,ags_no_early_stop,0,32,150,0.00533333333333319
svc_digits,ags_no_early_stop,0,33,155,0.00533333333333319
svc_digits,ags_no_early_stop,0,34,159,0.00533333333333319
svc_digits,ags_no_early_stop,0,35,164,0.00533333333333319
svc_digits,ags_no_early_stop,0,36,169,0.00533333333333319
svc_digits,ags_no_early_stop,0,37,171,0.00533333333333319
svc_digits,ags_no_early_stop,0,38,176,0.00533333333333319
svc_digits,ags_no_early_stop,0,39,181,0.00533333333333319
svc_digits,ags_no_early_stop,0,40,183,0.00533333333333319
svc_digits,ags_no_early_stop,1,1,5,0.010666666666666491
svc_digits,ags_no_early_stop,1,2,10,0.010666666666666491
svc_digits,ags_no_early_stop,1,3,15,0.010666666666666491
svc_digits,ags_no_early_stop,1,4,20,0.010666666666666491
svc_digits,ags_no_early_stop,1,5,25,0.010666666666666491
svc_digits,ags_no_early_stop,1,6,30,0.010666666666666491
svc_digits,ags_no_early_stop,1,7,35,0.010666666666666491
svc_digits,ags_no_early_stop,1,8,40,0.010666666666666491
svc_digits,ags_no_early_stop,1,9,45,0.010666666666666491
svc_digits,ags_no_early_stop,1,10,50,0.010666666666666491
svc_digits,ags_no_early_stop,1,11,55,0.010666666666666491
svc_digits,ags_no_early_stop,1,12,60,0.010666666666666491
svc_digits,ags_no_early_stop,1,13,65,0.010666666666666491
svc_digits,ags_no_early_stop,1,14,70,0.010666666666666491
svc_digits,ags_no_early_stop,1,15,75,0.010666666666666491
svc_digits,ags_no_early_stop,1,16,80,0.010666666666666491
svc_digits,ags_no_early_stop,1,17,85,0.010666666666666491
svc_digits,ags_no_early_stop,1,18,90,0.010666666666666491
svc_digits,ags_no_early_stop,1,19,95,0.010666666666666491
svc_digits,ags_no_early_stop,1,20,100,0.010666666666666491
svc_digits,ags_no_early_stop,1,21,105,0.010666666666666491
svc_digits,ags_no_early_stop,1,22,110,0.010666666666666491
svc_digits,ags_no_early_stop,1,23,115,0.00533333333333319
svc_digits,ags_no_early_stop,1,24,120,0.00533333333333319
svc_digits,ags_no_early_stop,1,25,125,0.00533333333333319
svc_digits,ags_no_early_stop,1,26,130,0.00533333333333319
svc_digits,ags_no_early_stop,1,27,135,0.00533333333333319
svc_digits,ags_no_early_stop,1,28,140,0.00533333333333319
svc_digits,ags_no_early_stop,1,29,145,0.00533333333333319
svc_digits,ags_no_early_stop,1,30,150,0.00533333333333319
svc_digits,ags_no_early_stop,1,31,152,0.00533333333333319
svc_digits,ags_no_early_stop,1,32,157,0.00533333333333319
svc_digits,ags_no_early_stop,1,33,162,0.00533333333333319
svc_digits,ags_no_early_stop,1,34,167,0.00533333333333319
svc_digits,ags_no_early_stop,1,35,172,0.00533333333333319
svc_digits,ags_no_early_stop,1,36,177,0.00533333333333319
svc_digits,ags_no_early_stop,1,37,182,0.00533333333333319
svc_digits,ags_no_early_stop,1,38,187,0.00533333333333319
svc_digits,ags_no_early_stop,1,39,192,0.00533333333333319
svc_digits,ags_no_early_stop,1,40,197,0.00533333333333319
svc_digits,ags_no_early_stop,2,1,5,0.6013333333333333
svc_digits,ags_no_early_stop,2,2,10,0.6013333333333333
svc_digits,ags_no_early_stop,2,3,15,0.0013333333333332975
svc_digits,ags_no_early_stop,2,4,20,0.0013333333333332975
svc_digits,ags_no_early_stop,2,5,25,0.0013333333333332975
svc_digits,ags_no_early_stop,2,6,30,0.0013333333333332975
svc_digits,ags_no_early_stop,2,7,35,0.0013333333333332975
svc_digits,ags_no_early_stop,2,8,40,0.0013333333333332975
svc_digits,ags_no_early_stop,2,9,45,0.0013333333333332975
svc_digits,ags_no_early_stop,2,10,50,0.00533333333333319
svc_digits,ags_no_early_stop,2,11,55,0.00533333333333319
svc_digits,ags_no_early_stop,2,12,60,0.00533333333333319
svc_digits,ags_no_early_stop,2,13,65,0.00533333333333319
svc_digits,ags_no_early_stop,2,14,70,0.00533333333333319
svc_digits,ags_no_early_stop,2,15,75,0.00533333333333319
svc_digits,ags_no_early_stop,2,16,80,0.00533333333333319
svc_digits,ags_no_early_stop,2,17,85,0.00533333333333319
svc_digits,ags_no_early_stop,2,18,90,0.00533333333333319
svc_digits,ags_no_early_stop,2,19,95,0.00533333333333319
svc_digits,ags_no_early_stop,2,20,100,0.00533333333333319
svc_digits,ags_no_early_stop,2,21,105,0.00533333333333319
svc_digits,ags_no_early_stop,2,22,110,0.00533333333333319
svc_digits,ags_no_early_stop,2,23,115,0.00533333333333319
svc_digits,ags_no_early_stop,2,24,120,0.00533333333333319
svc_digits,ags_no_early_stop,2,25,125,0.00533333333333319
svc_digits,ags_no_early_stop,2,26,130,0.00533333333333319
svc_digits,ags_no_early_stop,2,27,135,0.00533333333333319
svc_digits,ags_no_early_stop,2,28,140,0.00533333333333319
svc_digits,ags_no_early_stop,2,29,142,0.00533333333333319
svc_digits,ags_no_early_stop,2,30,147,0.00533333333333319
svc_digits,ags_no_early_stop,2,31,152,0.00533333333333319
svc_digits,ags_no_early_stop,2,32,157,0.00533333333333319
svc_digits,ags_no_early_stop,2,33,162,0.00533333333333319
svc_digits,ags_no_early_stop,2,34,167,0.00533333333333319
svc_digits,ags_no_early_stop,2,35,172,0.00533333333333319
svc_digits,ags_no_early_stop,2,36,177,0.00533333333333319
svc_digits,ags_no_early_stop,2,37,182,0.00533333333333319
svc_digits,ags_no_early_stop,2,38,184,0.00533333333333319
svc_digits,ags_no_early_stop,2,39,186,0.00533333333333319
svc_digits,ags_no_early_stop,2,40,188,0.00533333333333319
svc_digits,ags_no_early_stop,3,1,5,0.2493333333333333
svc_digits,ags_no_early_stop,3,2,10,0.00533333333333319
svc_digits,ags_no_early_stop,3,3,15,0.0013333333333332975
svc_digits,ags_no_early_stop,3,4,20,0.0013333333333332975
svc_digits,ags_no_early_stop,3,5,25,0.0013333333333332975
svc_digits,ags_no_early_stop,3,6,30,0.0013333333333332975
svc_digits,ags_no_early_stop,3,7,35,0.0013333333333332975
svc_digits,ags_no_early_stop,3,8,40,0.0013333333333332975
svc_digits,ags_no_early_stop,3,9,45,0.0013333333333332975
svc_digits,ags_no_early_stop,3,10,50,0.0013333333333332975
svc_digits,ags_no_early_stop,3,11,55,0.0013333333333332975
svc_digits,ags_no_early_stop,3,12,60,0.0013333333333332975
svc_digits,ags_no_early_stop,3,13,65,0.0013333333333332975
svc_digits,ags_no_early_stop,3,14,67,0.0013333333333332975
svc_digits,ags_no_early_stop,3,15,72,0.0013333333333332975
svc_digits,ags_no_early_stop,3,16,77,0.0013333333333332975
svc_digits,ags_no_early_stop,3,17,82,0.0013333333333332975
svc_digits,ags_no_early_stop,3,18,87,0.0013333333333332975
svc_digits,ags_no_early_stop,3,19,92,0.0013333333333332975
svc_digits,ags_no_early_stop,3,20,97,0.0013333333333332975
svc_digits,ags_no_early_stop,3,21,102,0.0013333333333332975
svc_digits,ags_no_early_stop,3,22,107,0.0013333333333332975
svc_digits,ags_no_early_stop,3,23,112,0.0013333333333332975
svc_digits,ags_no_early_stop,3,24,117,0.0013333333333332975
svc_digits,ags_no_early_stop,3,25,122,0.0013333333333332975
svc_digits,ags_no_early_stop,3,26,127,0.0013333333333332975
svc_digits,ags_no_early_stop,3,27,129,0.0013333333333332975
svc_digits,ags_no_early_stop,3,28,131,0.0013333333333332975
svc_digits,ags_no_early_stop,3,29,133,0.0013333333333332975
svc_digits,ags_no_early_stop,3,30,138,0.0013333333333332975
svc_digits,ags_no_early_stop,3,31,143,0.0013333333333332975
svc_digits,ags_no_early_stop,3,32,148,0.0013333333333332975
svc_digits,ags_no_early_stop,3,33,153,0.0013333333333332975
svc_digits,ags_no_early_stop,3,34,158,0.0
svc_digits,ags_no_early_stop,3,35,163,0.0
svc_digits,ags_no_early_stop,3,36,168,0.0
svc_digits,ags_no_early_stop,3,37,172,0.0
svc_digits,ags_no_early_stop,3,38,174,0.0
svc_digits,ags_no_early_stop,3,39,176,0.0
svc_digits,ags_no_early_stop,3,40,178,0.0
svc_digits,ags_no_early_stop,4,1,5,0.0039999999999998925
svc_digits,ags_no_early_stop,4,2,10,0.0039999999999998925
svc_digits,ags_no_early_stop,4,3,15,0.0039999999999998925
svc_digits,ags_no_early_stop,4,4,20,0.0039999999999998925
svc_digits,ags_no_early_stop,4,5,25,0.00533333333333319
svc_digits,ags_no_early_stop,4,6,30,0.00533333333333319
svc_digits,ags_no_early_stop,4,7,35,0.00533333333333319
svc_digits,ags_no_early_stop,4,8,40,0.00533333333333319
svc_digits,ags_no_early_stop,4,9,45,0.0013333333333332975
svc_digits,ags_no_early_stop,4,10,50,0.0013333333333332975
svc_digits,ags_no_early_stop,4,11,55,0.0013333333333332975
svc_digits,ags_no_early_stop,4,12,60,0.0013333333333332975
svc_digits,ags_no_early_stop,4,13,65,0.0013333333333332975
svc_digits,ags_no_early_stop,4,14,70,0.0013333333333332975
svc_digits,ags_no_early_stop,4,15,75,0.0013333333333332975
svc_digits,ags_no_early_stop,4,16,80,0.0013333333333332975
svc_digits,ags_no_early_stop,4,17,85,0.0013333333333332975
svc_digits,ags_no_early_stop,4,18,90,0.0013333333333332975
svc_digits,ags_no_early_stop,4,19,95,0.0013333333333332975
svc_digits,ags_no_early_stop,4,20,100,0.0013333333333332975
svc_digits,ags_no_early_stop,4,21,102,0.0013333333333332975
svc_digits,ags_no_early_stop,4,22,107,0.0013333333333332975
svc_digits,ags_no_early_stop,4,23,112,0.0013333333333332975
svc_digits,ags_no_early_stop,4,24,117,0.0013333333333332975
svc_digits,ags_no_early_stop,4,25,122,0.0013333333333332975
svc_digits,ags_no_early_stop,4,26,124,0.0013333333333332975
svc_digits,ags_no_early_stop,4,27,129,0.0013333333333332975
svc_digits,ags_no_early_stop,4,28,131,0.0013333333333332975
svc_digits,ags_no_early_stop,4,29,136,0.0013333333333332975
svc_digits,ags_no_early_stop,4,30,138,0.0013333333333332975
svc_digits,ags_no_early_stop,4,31,143,0.0013333333333332975
svc_digits,ags_no_early_stop,4,32,145,0.0013333333333332975
svc_digits,ags_no_early_stop,4,33,150,0.0013333333333332975
svc_digits,ags_no_early_stop,4,34,155,0.0013333333333332975
svc_digits,ags_no_early_stop,4,35,160,0.0013333333333332975
svc_digits,ags_no_early_stop,4,36,165,0.0013333333333332975
svc_digits,ags_no_early_stop,4,37,168,0.0013333333333332975
svc_digits,ags_no_early_stop,4,38,173,0.0013333333333332975
svc_digits,ags_no_early_stop,4,39,178,0.0013333333333332975
svc_digits,ags_no_early_stop,4,40,183,0.0013333333333332975
svc_digits,ags_no_early_stop,5,1,5,0.00533333333333319
svc_digits,ags_no_early_stop,5,2,10,0.00533333333333319
svc_digits,ags_no_early_stop,5,3,15,0.00533333333333319
svc_digits,ags_no_early_stop,5,4,20,0.00533333333333319
svc_digits,ags_no_early_stop,5,5,25,0.00533333333333319
svc_digits,ags_no_early_stop,5,6,30,0.00533333333333319
svc_digits,ags_no_early_stop,5,7,35,0.00533333333333319
svc_digits,ags_no_early_stop,5,8,40,0.00533333333333319
svc_digits,ags_no_early_stop,5,9,45,0.00533333333333319
svc_digits,ags_no_early_stop,5,10,50,0.00533333333333319
svc_digits,ags_no_early_stop,5,11,55,0.00533333333333319
svc_digits,ags_no_early_stop,5,12,60,0.00533333333333319
svc_digits,ags_no_early_stop,5,13,65,0.00533333333333319
svc_digits,ags_no_early_stop,5,14,70,0.00533333333333319
svc_digits,ags_no_early_stop,5,15,75,0.00533333333333319
svc_digits,ags_no_early_stop,5,16,80,0.00533333333333319
svc_digits,ags_no_early_stop,5,17,85,0.00533333333333319
svc_digits,ags_no_early_stop,5,18,90,0.00533333333333319
svc_digits,ags_no_early_stop,5,19,95,0.00533333333333319
svc_digits,ags_no_early_stop,5,20,100,0.00533333333333319
svc_digits,ags_no_early_stop,5,21,105,0.00533333333333319
svc_digits,ags_no_early_stop,5,22,110,0.00533333333333319
svc_digits,ags_no_early_stop,5,23,115,0.00533333333333319
svc_digits,ags_no_early_stop,5,24,120,0.00533333333333319
svc_digits,ags_no_early_stop,5,25,125,0.00533333333333319
svc_digits,ags_no_early_stop,5,26,130,0.00533333333333319
svc_digits,ags_no_early_stop,5,27,132,0.00533333333333319
svc_digits,ags_no_early_stop,5,28,135,0.00533333333333319
svc_digits,ags_no_early_stop,5,29,137,0.00533333333333319
svc_digits,ags_no_early_stop,5,30,142,0.00533333333333319
svc_digits,ags_no_early_stop,5,31,147,0.00533333333333319
svc_digits,ags_no_early_stop,5,32,150,0.00533333333333319
svc_digits,ags_no_early_stop,5,33,155,0.00533333333333319
svc_digits,ags_no_early_stop,5,34,160,0.00533333333333319
svc_digits,ags_no_early_stop,5,35,163,0.00533333333333319
svc_digits,ags_no_early_stop,5,36,167,0.00533333333333319
svc_digits,ags_no_early_stop,5,37,170,0.00533333333333319
svc_digits,ags_no_early_stop,5,38,173,0.00533333333333319
svc_digits,ags_no_early_stop,5,39,177,0.00533333333333319
svc_digits,ags_no_early_stop,5,40,179,0.00533333333333319
svc_digits,ags_no_early_stop,6,1,5,0.0039999999999998925
svc_digits,ags_no_early_stop,6,2,10,0.0039999999999998925
svc_digits,ags_no_early_stop,6,3,15,0.0039999999999998925
svc_digits,ags_no_early_stop,6,4,20,0.0039999999999998925
svc_digits,ags_no_early_stop,6,5,25,0.0039999999999998925
svc_digits,ags_no_early_stop,6,6,30,0.0
svc_digits,ags_no_early_stop,6,7,35,0.0
svc_digits,ags_no_early_stop,6,8,40,0.0
svc_digits,ags_no_early_stop,6,9,45,0.0
svc_digits,ags_no_early_stop,6,10,50,0.0
svc_digits,ags_no_early_stop,6,11,55,0.0
svc_digits,ags_no_early_stop,6,12,60,0.0013333333333332975
svc_digits,ags_no_early_stop,6,13,65,0.0013333333333332975
svc_digits,ags_no_early_stop,6,14,70,0.0013333333333332975
svc_digits,ags_no_early_stop,6,15,72,0.0013333333333332975
svc_digits,ags_no_early_stop,6,16,77,0.0013333333333332975
svc_digits,ags_no_early_stop,6,17,82,0.0013333333333332975
svc_digits,ags_no_early_stop,6,18,84,0.0013333333333332975
svc_digits,ags_no_early_stop,6,19,87,0.0013333333333332975
svc_digits,ags_no_early_stop,6,20,92,0.0013333333333332975
svc_digits,ags_no_early_stop,6,21,97,0.0013333333333332975
svc_digits,ags_no_early_stop,6,22,99,0.0013333333333332975
svc_digits,ags_no_early_stop,6,23,101,0.0013333333333332975
svc_digits,ags_no_early_stop,6,24,104,0.0013333333333332975
svc_digits,ags_no_early_stop,6,25,106,0.0013333333333332975
svc_digits,ags_no_early_stop,6,26,108,0.0013333333333332975
svc_digits,ags_no_early_stop,6,27,110,0.0013333333333332975
svc_digits,ags_no_early_stop,6,28,112,0.0013333333333332975
svc_digits,ags_no_early_stop,6,29,114,0.0013333333333332975
svc_digits,ags_no_early_stop,6,30,119,0.0013333333333332975
svc_digits,ags_no_early_stop,6,31,124,0.0013333333333332975
svc_digits,ags_no_early_stop,6,32,127,0.0013333333333332975
svc_digits,ags_no_early_stop,6,33,132,0.0013333333333332975
svc_digits,ags_no_early_stop,6,34,137,0.0013333333333332975
svc_digits,ags_no_early_stop,6,35,139,0.0013333333333332975
svc_digits,ags_no_early_stop,6,36,142,0.0013333333333332975
svc_digits,ags_no_early_stop,6,37,145,0.0013333333333332975
svc_digits,ags_no_early_stop,6,38,147,0.0013333333333332975
svc_digits,ags_no_early_stop,6,39,149,0.0013333333333332975
svc_digits,ags_no_early_stop,6,40,151,0.0013333333333332975
svc_digits,ags_no_early_stop,7,1,5,0.010666666666666713
svc_digits,ags_no_early_stop,7,2,10,0.010666666666666713
svc_digits,ags_no_early_stop,7,3,15,0.010666666666666713
svc_digits,ags_no_early_stop,7,4,20,0.00533333333333319
svc_digits,ags_no_early_stop,7,5,25,0.00533333333333319
svc_digits,ags_no_early_stop,7,6,30,0.00533333333333319
svc_digits,ags_no_early_stop,7,7,35,0.00533333333333319
svc_digits,ags_no_early_stop,7,8,40,0.00533333333333319
svc_digits,ags_no_early_stop,7,9,45,0.00533333333333319
svc_digits,ags_no_early_stop,7,10,50,0.00533333333333319
svc_digits,ags_no_early_stop,7,11,55,0.00533333333333319
svc_digits,ags_no_early_stop,7,12,60,0.00533333333333319
svc_digits,ags_no_early_stop,7,13,65,0.00533333333333319
svc_digits,ags_no_early_stop,7,14,70,0.00533333333333319
svc_digits,ags_no_early_stop,7,15,75,0.00533333333333319
svc_digits,ags_no_early_stop,7,16,80,0.00533333333333319
svc_digits,ags_no_early_stop,7,17,85,0.00533333333333319
svc_digits,ags_no_early_stop,7,18,90,0.00533333333333319
svc_digits,ags_no_early_stop,7,19,95,0.00533333333333319
svc_digits,ags_no_early_stop,7,20,100,0.00533333333333319
svc_digits,ags_no_early_stop,7,21,102,0.00533333333333319
svc_digits,ags_no_early_stop,7,22,105,0.00533333333333319
svc_digits,ags_no_early_stop,7,23,108,0.00533333333333319
svc_digits,ags_no_early_stop,7,24,113,0.00533333333333319
svc_digits,ags_no_early_stop,7,25,118,0.00533333333333319
svc_digits,ags_no_early_stop,7,26,120,0.00533333333333319
svc_digits,ags_no_early_stop,7,27,124,0.00533333333333319
svc_digits,ags_no_early_stop,7,28,129,0.0
svc_digits,ags_no_early_stop,7,29,134,0.0
svc_digits,ags_no_early_stop,7,30,139,0.0
svc_digits,ags_no_early_stop,7,31,144,0.0
svc_digits,ags_no_early_stop,7,32,147,0.0
svc_digits,ags_no_early_stop,7,33,152,0.0
svc_digits,ags_no_early_stop,7,34,154,0.0
svc_digits,ags_no_early_stop,7,35,159,0.0
svc_digits,ags_no_early_stop,7,36,163,0.0
svc_digits,ags_no_early_stop,7,37,166,0.0
svc_digits,ags_no_early_stop,7,38,168,0.0
svc_digits,ags_no_early_stop,7,39,172,0.0
svc_digits,ags_no_early_stop,7,40,176,0.0
svc_digits,ags_no_early_stop,8,1,5,0.00533333333333319
svc_digits,ags_no_early_stop,8,2,10,0.0013333333333332975
svc_digits,ags_no_early_stop,8,3,15,0.0013333333333332975
svc_digits,ags_no_early_stop,8,4,20,0.0013333333333332975
svc_digits,ags_no_early_stop,8,5,25,0.0013333333333332975
svc_digits,ags_no_early_stop,8,6,30,0.0013333333333332975
svc_digits,ags_no_early_stop,8,7,35,0.0013333333333332975
svc_digits,ags_no_early_stop,8,8,40,0.0013333333333332975
svc_digits,ags_no_early_stop,8,9,45,0.0013333333333332975
svc_digits,ags_no_early_stop,8,10,50,0.0013333333333332975
svc_digits,ags_no_early_stop,8,11,55,0.0013333333333332975
svc_digits,ags_no_early_stop,8,12,60,0.00533333333333319
svc_digits,ags_no_early_stop,8,13,65,0.00533333333333319
svc_digits,ags_no_early_stop,8,14,70,0.00533333333333319
svc_digits,ags_no_early_stop,8,15,75,0.00533333333333319
svc_digits,ags_no_early_stop,8,16,80,0.00533333333333319
svc_digits,ags_no_early_stop,8,17,85,0.00533333333333319
svc_digits,ags_no_early_stop,8,18,90,0.00533333333333319
svc_digits,ags_no_early_stop,8,19,95,0.00533333333333319
svc_digits,ags_no_early_stop,8,20,100,0.00533333333333319
svc_digits,ags_no_early_stop,8,21,105,0.00533333333333319
svc_digits,ags_no_early_stop,8,22,110,0.00533333333333319
svc_digits,ags_no_early_stop,8,23,115,0.00533333333333319
svc_digits,ags_no_early_stop,8,24,120,0.0
svc_digits,ags_no_early_stop,8,25,125,0.0
svc_digits,ags_no_early_stop,8,26,130,0.0
svc_digits,ags_no_early_stop,8,27,135,0.0
svc_digits,ags_no_early_stop,8,28,140,0.0
svc_digits,ags_no_early_stop,8,29,142,0.0
svc_digits,ags_no_early_stop,8,30,147,0.0
svc_digits,ags_no_early_stop,8,31,149,0.0
svc_digits,ags_no_early_stop,8,32,151,0.0
svc_digits,ags_no_early_stop,8,33,153,0.0
svc_digits,ags_no_early_stop,8,34,158,0.0
svc_digits,ags_no_early_stop,8,35,163,0.0
svc_digits,ags_no_early_stop,8,36,168,0.0
svc_digits,ags_no_early_stop,8,37,173,0.0
svc_digits,ags_no_early_stop,8,38,175,0.0
svc_digits,ags_no_early_stop,8,39,177,0.0
svc_digits,ags_no_early_stop,8,40,179,0.0
svc_digits,ags_no_early_stop,9,1,5,0.051999999999999935
svc_digits,ags_no_early_stop,9,2,10,0.008000000000000007
svc_digits,ags_no_early_stop,9,3,15,0.010666666666666491
svc_digits,ags_no_early_stop,9,4,20,0.010666666666666491
svc_digits,ags_no_early_stop,9,5,25,0.010666666666666491
svc_digits,ags_no_early_stop,9,6,30,0.010666666666666491
svc_digits,ags_no_early_stop,9,7,35,0.00533333333333319
svc_digits,ags_no_early_stop,9,8,40,0.00533333333333319
svc_digits,ags_no_early_stop,9,9,45,0.00533333333333319
svc_digits,ags_no_early_stop,9,10,50,0.00533333333333319
svc_digits,ags_no_early_stop,9,11,55,0.00533333333333319
svc_digits,ags_no_early_stop,9,12,60,0.00533333333333319
svc_digits,ags_no_early_stop,9,13,65,0.00533333333333319
svc_digits,ags_no_early_stop,9,14,67,0.00533333333333319
svc_digits,ags_no_early_stop,9,15,72,0.00533333333333319
svc_digits,ags_no_early_stop,9,16,77,0.00533333333333319
svc_digits,ags_no_early_stop,9,17,82,0.00533333333333319
svc_digits,ags_no_early_stop,9,18,87,0.00533333333333319
svc_digits,ags_no_early_stop,9,19,92,0.00533333333333319
svc_digits,ags_no_early_stop,9,20,97,0.00533333333333319
svc_digits,ags_no_early_stop,9,21,102,0.00533333333333319
svc_digits,ags_no_early_stop,9,22,107,0.0
svc_digits,ags_no_early_stop,9,23,112,0.0
svc_digits,ags_no_early_stop,9,24,117,0.0
svc_digits,ags_no_early_stop,9,25,122,0.0
svc_digits,ags_no_early_stop,9,26,124,0.0
svc_digits,ags_no_early_stop,9,27,129,0.0
svc_digits,ags_no_early_stop,9,28,131,0.0
svc_digits,ags_no_early_stop,9,29,133,0.0
svc_digits,ags_no_early_stop,9,30,135,0.0
svc_digits,ags_no_early_stop,9,31,138,0.0
svc_digits,ags_no_early_stop,9,32,141,0.0
svc_digits,ags_no_early_stop,9,33,143,0.0
svc_digits,ags_no_early_stop,9,34,146,0.0
svc_digits,ags_no_early_stop,9,35,148,0.0
svc_digits,ags_no_early_stop,9,36,150,0.0
svc_digits,ags_no_early_stop,9,37,152,0.0
svc_digits,ags_no_early_stop,9,38,154,0.0
svc_digits,ags_no_early_stop,9,39,156,0.0
svc_digits,ags_no_early_stop,9,40,159,0.0
svc_digits,ags_no_prune_no_stop,0,1,5,0.02533333333333332
svc_digits,ags_no_prune_no_stop,0,2,10,0.02533333333333332
svc_digits,ags_no_prune_no_stop,0,3,15,0.02533333333333332
svc_digits,ags_no_prune_no_stop,0,4,20,0.02400000000000002
svc_digits,ags_no_prune_no_stop,0,5,25,0.02400000000000002
svc_digits,ags_no_prune_no_stop,0,6,30,0.02400000000000002
svc_digits,ags_no_prune_no_stop,0,7,35,0.02400000000000002
svc_digits,ags_no_prune_no_stop,0,8,40,0.0013333333333332975
svc_digits,ags_no_prune_no_stop,0,9,45,0.0013333333333332975
svc_digits,ags_no_prune_no_stop,0,10,50,0.0013333333333332975
svc_digits,ags_no_prune_no_stop,0,11,55,0.0013333333333332975
svc_digits,ags_no_prune_no_stop,0,12,60,0.0013333333333332975
svc_digits,ags_no_prune_no_stop,0,13,65,0.00533333333333319
svc_digits,ags_no_prune_no_stop,0,14,70,0.00533333333333319
svc_digits,ags_no_prune_no_stop,0,15,75,0.00533333333333319
svc_digits,ags_no_prune_no_stop,0,16,80,0.00533333333333319
svc_digits,ags_no_prune_no_stop,0,17,85,0.00533333333333319
svc_digits,ags_no_prune_no_stop,0,18,90,0.00533333333333319
svc_digits,ags_no_prune_no_stop,0,19,95,0.00533333333333319
svc_digits,ags_no_prune_no_stop,0,20,100,0.00533333333333319
svc_digits,ags_no_prune_no_stop,0,21,105,0.00533333333333319
svc_digits,ags_no_prune_no_stop,0,22,110,0.00533333333333319
svc_digits,ags_no_prune_no_stop,0,23,115,0.00533333333333319
svc_digits,ags_no_prune_no_stop,0,24,120,0.00533333333333319
svc_digits,ags_no_prune_no_stop,0,25,125,0.00533333333333319
svc_digits,ags_no_prune_no_stop,0,26,130,0.00533333333333319
svc_digits,ags_no_prune_no_stop,0,27,135,0.00533333333333319
svc_digits,ags_no_prune_no_stop,0,28,140,0.00533333333333319
svc_digits,ags_no_prune_no_stop,0,29,145,0.00533333333333319
svc_digits,ags_no_prune_no_stop,0,30,150,0.00533333333333319
svc_digits,ags_no_prune_no_stop,0,31,155,0.00533333333333319
svc_digits,ags_no_prune_no_stop,0,32,160,0.00533333333333319
svc_digits,ags_no_prune_no_stop,0,33,165,0.00533333333333319
svc_digits,ags_no_prune_no_stop,0,34,170,0.00533333333333319
svc_digits,ags_no_prune_no_stop,0,35,175,0.00533333333333319
svc_digits,ags_no_prune_no_stop,0,36,180,0.00533333333333319
svc_digits,ags_no_prune_no_stop,0,37,185,0.00533333333333319
svc_digits,ags_no_prune_no_stop,0,38,190,0.00533333333333319
svc_digits,ags_no_prune_no_stop,0,39,195,0.00533333333333319
svc_digits,ags_no_prune_no_stop,0,40,200,0.00533333333333319
svc_digits,ags_no_prune_no_stop,1,1,5,0.010666666666666491
svc_digits,ags_no_prune_no_stop,1,2,10,0.010666666666666491
svc_digits,ags_no_prune_no_stop,1,3,15,0.010666666666666491
svc_digits,ags_no_prune_no_stop,1,4,20,0.010666666666666491
svc_digits,ags_no_prune_no_stop,1,5,25,0.010666666666666491
svc_digits,ags_no_prune_no_stop,1,6,30,0.010666666666666491
svc_digits,ags_no_prune_no_stop,1,7,35,0.010666666666666491
svc_digits,ags_no_prune_no_stop,1,8,40,0.010666666666666491
svc_digits,ags_no_prune_no_stop,1,9,45,0.010666666666666491
svc_digits,ags_no_prune_no_stop,1,10,50,0.010666666666666491
svc_digits,ags_no_prune_no_stop,1,11,55,0.010666666666666491
svc_digits,ags_no_prune_no_stop,1,12,60,0.010666666666666491
svc_digits,ags_no_prune_no_stop,1,13,65,0.010666666666666491
svc_digits,ags_no_prune_no_stop,1,14,70,0.010666666666666491
svc_digits,ags_no_prune_no_stop,1,15,75,0.010666666666666491
svc_digits,ags_no_prune_no_stop,1,16,80,0.010666666666666491
svc_digits,ags_no_prune_no_stop,1,17,85,0.010666666666666491
svc_digits,ags_no_prune_no_stop,1,18,90,0.010666666666666491
svc_digits,ags_no_prune_no_stop,1,19,95,0.010666666666666491
svc_digits,ags_no_prune_no_stop,1,20,100,0.010666666666666491
svc_digits,ags_no_prune_no_stop,1,21,105,0.010666666666666491
svc_digits,ags_no_prune_no_stop,1,22,110,0.010666666666666491
svc_digits,ags_no_prune_no_stop,1,23,115,0.00533333333333319
svc_digits,ags_no_prune_no_stop,1,24,120,0.00533333333333319
svc_digits,ags_no_prune_no_stop,1,25,125,0.00533333333333319
svc_digits,ags_no_prune_no_stop,1,26,130,0.00533333333333319
svc_digits,ags_no_prune_no_stop,1,27,135,0.00533333333333319
svc_digits,ags_no_prune_no_stop,1,28,140,0.00533333333333319
svc_digits,ags_no_prune_no_stop,1,29,145,0.00533333333333319
svc_digits,ags_no_prune_no_stop,1,30,150,0.00533333333333319
svc_digits,ags_no_prune_no_stop,1,31,155,0.00533333333333319
svc_digits,ags_no_prune_no_stop,1,32,160,0.00533333333333319
svc_digits,ags_no_prune_no_stop,1,33,165,0.00533333333333319
svc_digits,ags_no_prune_no_stop,1,34,170,0.00533333333333319
svc_digits,ags_no_prune_no_stop,1,35,175,0.00533333333333319
svc_digits,ags_no_prune_no_stop,1,36,180,0.00533333333333319
svc_digits,ags_no_prune_no_stop,1,37,185,0.00533333333333319
svc_digits,ags_no_prune_no_stop,1,38,190,0.00533333333333319
svc_digits,ags_no_prune_no_stop,1,39,195,0.00533333333333319
svc_digits,ags_no_prune_no_stop,1,40,200,0.00533333333333319
svc_digits,ags_no_prune_no_stop,2,1,5,0.6013333333333333
svc_digits,ags_no_prune_no_stop,2,2,10,0.6013333333333333
svc_digits,ags_no_prune_no_stop,2,3,15,0.0013333333333332975
svc_digits,ags_no_prune_no_stop,2,4,20,0.0013333333333332975
svc_digits,ags_no_prune_no_stop,2,5,25,0.0013333333333332975
svc_digits,ags_no_prune_no_stop,2,6,30,0.0013333333333332975
svc_digits,ags_no_prune_no_stop,2,7,35,0.0013333333333332975
svc_digits,ags_no_prune_no_stop,2,8,40,0.0013333333333332975
svc_digits,ags_no_prune_no_stop,2,9,45,0.0013333333333332975
svc_digits,ags_no_prune_no_stop,2,10,50,0.00533333333333319
svc_digits,ags_no_prune_no_stop,2,11,55,0.00533333333333319
svc_digits,ags_no_prune_no_stop,2,12,60,0.00533333333333319
svc_digits,ags_no_prune_no_stop,2,13,65,0.00533333333333319
svc_digits,ags_no_prune_no_stop,2,14,70,0.00533333333333319
svc_digits,ags_no_prune_no_stop,2,15,75,0.00533333333333319
svc_digits,ags_no_prune_no_stop,2,16,80,0.00533333333333319
svc_digits,ags_no_prune_no_stop,2,17,85,0.00533333333333319
svc_digits,ags_no_prune_no_stop,2,18,90,0.00533333333333319
svc_digits,ags_no_prune_no_stop,2,19,95,0.00533333333333319
svc_digits,ags_no_prune_no_stop,2,20,100,0.00533333333333319
svc_digits,ags_no_prune_no_stop,2,21,105,0.00533333333333319
svc_digits,ags_no_prune_no_stop,2,22,110,0.00533333333333319
svc_digits,ags_no_prune_no_stop,2,23,115,0.00533333333333319
svc_digits,ags_no_prune_no_stop,2,24,120,0.00533333333333319
svc_digits,ags_no_prune_no_stop,2,25,125,0.00533333333333319
svc_digits,ags_no_prune_no_stop,2,26,130,0.00533333333333319
svc_digits,ags_no_prune_no_stop,2,27,135,0.00533333333333319
svc_digits,ags_no_prune_no_stop,2,28,140,0.00533333333333319
svc_digits,ags_no_prune_no_stop,2,29,145,0.00533333333333319
svc_digits,ags_no_prune_no_stop,2,30,150,0.00533333333333319
svc_digits,ags_no_prune_no_stop,2,31,155,0.00533333333333319
svc_digits,ags_no_prune_no_stop,2,32,160,0.00533333333333319
svc_digits,ags_no_prune_no_stop,2,33,165,0.00533333333333319
svc_digits,ags_no_prune_no_stop,2,34,170,0.00533333333333319
svc_digits,ags_no_prune_no_stop,2,35,175,0.00533333333333319
svc_digits,ags_no_prune_no_stop,2,36,180,0.00533333333333319
svc_digits,ags_no_prune_no_stop,2,37,185,0.00533333333333319
svc_digits,ags_no_prune_no_stop,2,38,190,0.00533333333333319
svc_digits,ags_no_prune_no_stop,2,39,195,0.00533333333333319
svc_digits,ags_no_prune_no_stop,2,40,200,0.00533333333333319
svc_digits,ags_no_prune_no_stop,3,1,5,0.2493333333333333
svc_digits,ags_no_prune_no_stop,3,2,10,0.00533333333333319
svc_digits,ags_no_prune_no_stop,3,3,15,0.0013333333333332975
svc_digits,ags_no_prune_no_stop,3,4,20,0.0013333333333332975
svc_digits,ags_no_prune_no_stop,3,5,25,0.0013333333333332975
svc_digits,ags_no_prune_no_stop,3,6,30,0.0013333333333332975
svc_digits,ags_no_prune_no_stop,3,7,35,0.0013333333333332975
svc_digits,ags_no_prune_no_stop,3,8,40,0.0013333333333332975
svc_digits,ags_no_prune_no_stop,3,9,45,0.0013333333333332975
svc_digits,ags_no_prune_no_stop,3,10,50,0.0013333333333332975
svc_digits,ags_no_prune_no_stop,3,11,55,0.0013333333333332975
svc_digits,ags_no_prune_no_stop,3,12,60,0.0013333333333332975
svc_digits,ags_no_prune_no_stop,3,13,65,0.0013333333333332975
svc_digits,ags_no_prune_no_stop,3,14,70,0.0013333333333332975
svc_digits,ags_no_prune_no_stop,3,15,75,0.0013333333333332975
svc_digits,ags_no_prune_no_stop,3,16,80,0.0013333333333332975
svc_digits,ags_no_prune_no_stop,3,17,85,0.0013333333333332975
svc_digits,ags_no_prune_no_stop,3,18,90,0.0013333333333332975
svc_digits,ags_no_prune_no_stop,3,19,95,0.0013333333333332975
svc_digits,ags_no_prune_no_stop,3,20,100,0.0013333333333332975
svc_digits,ags_no_prune_no_stop,3,21,105,0.0013333333333332975
svc_digits,ags_no_prune_no_stop,3,22,110,0.0013333333333332975
svc_digits,ags_no_prune_no_stop,3,23,115,0.0013333333333332975
svc_digits,ags_no_prune_no_stop,3,24,120,0.0013333333333332975
svc_digits,ags_no_prune_no_stop,3,25,125,0.0013333333333332975
svc_digits,ags_no_prune_no_stop,3,26,130,0.0013333333333332975
svc_digits,ags_no_prune_no_stop,3,27,135,0.0013333333333332975
svc_digits,ags_no_prune_no_stop,3,28,140,0.0013333333333332975
svc_digits,ags_no_prune_no_stop,3,29,145,0.0013333333333332975
svc_digits,ags_no_prune_no_stop,3,30,150,0.0013333333333332975
svc_digits,ags_no_prune_no_stop,3,31,155,0.0013333333333332975
svc_digits,ags_no_prune_no_stop,3,32,160,0.0013333333333332975
svc_digits,ags_no_prune_no_stop,3,33,165,0.0013333333333332975
svc_digits,ags_no_prune_no_stop,3,34,170,0.0
svc_digits,ags_no_prune_no_stop,3,35,175,0.0
svc_digits,ags_no_prune_no_stop,3,36,180,0.0
svc_digits,ags_no_prune_no_stop,3,37,185,0.0
svc_digits,ags_no_prune_no_stop,3,38,190,0.0
svc_digits,ags_no_prune_no_stop,3,39,195,0.0
svc_digits,ags_no_prune_no_stop,3,40,200,0.0
svc_digits,ags_no_prune_no_stop,4,1,5,0.0039999999999998925
svc_digits,ags_no_prune_no_stop,4,2,10,0.0039999999999998925
svc_digits,ags_no_prune_no_stop,4,3,15,0.0039999999999998925
svc_digits,ags_no_prune_no_stop,4,4,20,0.0039999999999998925
svc_digits,ags_no_prune_no_stop,4,5,25,0.00533333333333319
svc_digits,ags_no_prune_no_stop,4,6,30,0.00533333333333319
svc_digits,ags_no_prune_no_stop,4,7,35,0.00533333333333319
svc_digits,ags_no_prune_no_stop,4,8,40,0.00533333333333319
svc_digits,ags_no_prune_no_stop,4,9,45,0.0013333333333332975
svc_digits,ags_no_prune_no_stop,4,10,50,0.0013333333333332975
svc_digits,ags_no_prune_no_stop,4,11,55,0.0013333333333332975
svc_digits,ags_no_prune_no_stop,4,12,60,0.0013333333333332975
svc_digits,ags_no_prune_no_stop,4,13,65,0.0013333333333332975
svc_digits,ags_no_prune_no_stop,4,14,70,0.0013333333333332975
svc_digits,ags_no_prune_no_stop,4,15,75,0.0013333333333332975
svc_digits,ags_no_prune_no_stop,4,16,80,0.0013333333333332975
svc_digits,ags_no_prune_no_stop,4,17,85,0.0013333333333332975
svc_digits,ags_no_prune_no_stop,4,18,90,0.0013333333333332975
svc_digits,ags_no_prune_no_stop,4,19,95,0.0013333333333332975
svc_digits,ags_no_prune_no_stop,4,20,100,0.0013333333333332975
svc_digits,ags_no_prune_no_stop,4,21,105,0.0013333333333332975
svc_digits,ags_no_prune_no_stop,4,22,110,0.0013333333333332975
svc_digits,ags_no_prune_no_stop,4,23,115,0.0013333333333332975
svc_digits,ags_no_prune_no_stop,4,24,120,0.0013333333333332975
svc_digits,ags_no_prune_no_stop,4,25,125,0.0013333333333332975
svc_digits,ags_no_prune_no_stop,4,26,130,0.0013333333333332975
svc_digits,ags_no_prune_no_stop,4,27,135,0.0013333333333332975
svc_digits,ags_no_prune_no_stop,4,28,140,0.0013333333333332975
svc_digits,ags_no_prune_no_stop,4,29,145,0.0013333333333332975
svc_digits,ags_no_prune_no_stop,4,30,150,0.0013333333333332975
svc_digits,ags_no_prune_no_stop,4,31,155,0.0013333333333332975
svc_digits,ags_no_prune_no_stop,4,32,160,0.0013333333333332975
svc_digits,ags_no_prune_no_stop,4,33,165,0.0013333333333332975
svc_digits,ags_no_prune_no_stop,4,34,170,0.0013333333333332975
svc_digits,ags_no_prune_no_stop,4,35,175,0.0013333333333332975
svc_digits,ags_no_prune_no_stop,4,36,180,0.0013333333333332975
svc_digits,ags_no_prune_no_stop,4,37,185,0.0013333333333332975
svc_digits,ags_no_prune_no_stop,4,38,190,0.0013333333333332975
svc_digits,ags_no_prune_no_stop,4,39,195,0.0013333333333332975
svc_digits,ags_no_prune_no_stop,4,40,200,0.0013333333333332975
svc_digits,ags_no_prune_no_stop,5,1,5,0.00533333333333319
svc_digits,ags_no_prune_no_stop,5,2,10,0.00533333333333319
svc_digits,ags_no_prune_no_stop,5,3,15,0.00533333333333319
svc_digits,ags_no_prune_no_stop,5,4,20,0.00533333333333319
svc_digits,ags_no_prune_no_stop,5,5,25,0.00533333333333319
svc_digits,ags_no_prune_no_stop,5,6,30,0.00533333333333319
svc_digits,ags_no_prune_no_stop,5,7,35,0.00533333333333319
svc_digits,ags_no_prune_no_stop,5,8,40,0.00533333333333319
svc_digits,ags_no_prune_no_stop,5,9,45,0.00533333333333319
svc_digits,ags_no_prune_no_stop,5,10,50,0.00533333333333319
svc_digits,ags_no_prune_no_stop,5,11,55,0.00533333333333319
svc_digits,ags_no_prune_no_stop,5,12,60,0.00533333333333319
svc_digits,ags_no_prune_no_stop,5,13,65,0.00533333333333319
svc_digits,ags_no_prune_no_stop,5,14,70,0.00533333333333319
svc_digits,ags_no_prune_no_stop,5,15,75,0.00533333333333319
svc_digits,ags_no_prune_no_stop,5,16,80,0.00533333333333319
svc_digits,ags_no_prune_no_stop,5,17,85,0.00533333333333319
svc_digits,ags_no_prune_no_stop,5,18,90,0.00533333333333319
svc_digits,ags_no_prune_no_stop,5,19,95,0.00533333333333319
svc_digits,ags_no_prune_no_stop,5,20,100,0.00533333333333319
svc_digits,ags_no_prune_no_stop,5,21,105,0.00533333333333319
svc_digits,ags_no_prune_no_stop,5,22,110,0.00533333333333319
svc_digits,ags_no_prune_no_stop,5,23,115,0.00533333333333319
svc_digits,ags_no_prune_no_stop,5,24,120,0.00533333333333319
svc_digits,ags_no_prune_no_stop,5,25,125,0.00533333333333319
svc_digits,ags_no_prune_no_stop,5,26,130,0.00533333333333319
svc_digits,ags_no_prune_no_stop,5,27,135,0.00533333333333319
svc_digits,ags_no_prune_no_stop,5,28,140,0.00533333333333319
svc_digits,ags_no_prune_no_stop,5,29,145,0.00533333333333319
svc_digits,ags_no_prune_no_stop,5,30,150,0.00533333333333319
svc_digits,ags_no_prune_no_stop,5,31,155,0.00533333333333319
svc_digits,ags_no_prune_no_stop,5,32,160,0.00533333333333319
svc_digits,ags_no_prune_no_stop,5,33,165,0.00533333333333319
svc_digits,ags_no_prune_no_stop,5,34,170,0.00533333333333319
svc_digits,ags_no_prune_no_stop,5,35,175,0.00533333333333319
svc_digits,ags_no_prune_no_stop,5,36,180,0.00533333333333319
svc_digits,ags_no_prune_no_stop,5,37,185,0.00533333333333319
svc_digits,ags_no_prune_no_stop,5,38,190,0.00533333333333319
svc_digits,ags_no_prune_no_stop,5,39,195,0.00533333333333319
svc_digits,ags_no_prune_no_stop,5,40,200,0.00533333333333319
svc_digits,ags_no_prune_no_stop,6,1,5,0.0039999999999998925
svc_digits,ags_no_prune_no_stop,6,2,10,0.0039999999999998925
svc_digits,ags_no_prune_no_stop,6,3,15,0.0039999999999998925
svc_digits,ags_no_prune_no_stop,6,4,20,0.0039999999999998925
svc_digits,ags_no_prune_no_stop,6,5,25,0.0039999999999998925
svc_digits,ags_no_prune_no_stop,6,6,30,0.0
svc_digits,ags_no_prune_no_stop,6,7,35,0.0
svc_digits,ags_no_prune_no_stop,6,8,40,0.0
svc_digits,ags_no_prune_no_stop,6,9,45,0.0
svc_digits,ags_no_prune_no_stop,6,10,50,0.0
svc_digits,ags_no_prune_no_stop,6,11,55,0.0
svc_digits,ags_no_prune_no_stop,6,12,60,0.0013333333333332975
svc_digits,ags_no_prune_no_stop,6,13,65,0.0013333333333332975
svc_digits,ags_no_prune_no_stop,6,14,70,0.0013333333333332975
svc_digits,ags_no_prune_no_stop,6,15,75,0.0013333333333332975
svc_digits,ags_no_prune_no_stop,6,16,80,0.0013333333333332975
svc_digits,ags_no_prune_no_stop,6,17,85,0.0013333333333332975
svc_digits,ags_no_prune_no_stop,6,18,90,0.0013333333333332975
svc_digits,ags_no_prune_no_stop,6,19,95,0.0013333333333332975
svc_digits,ags_no_prune_no_stop,6,20,100,0.0013333333333332975
svc_digits,ags_no_prune_no_stop,6,21,105,0.0013333333333332975
svc_digits,ags_no_prune_no_stop,6,22,110,0.0013333333333332975
svc_digits,ags_no_prune_no_stop,6,23,115,0.0013333333333332975
svc_digits,ags_no_prune_no_stop,6,24,120,0.0013333333333332975
svc_digits,ags_no_prune_no_stop,6,25,125,0.0013333333333332975
svc_digits,ags_no_prune_no_stop,6,26,130,0.0013333333333332975
svc_digits,ags_no_prune_no_stop,6,27,135,0.0013333333333332975
svc_digits,ags_no_prune_no_stop,6,28,140,0.0013333333333332975
svc_digits,ags_no_prune_no_stop,6,29,145,0.0013333333333332975
svc_digits,ags_no_prune_no_stop,6,30,150,0.0013333333333332975
svc_digits,ags_no_prune_no_stop,6,31,155,0.0013333333333332975
svc_digits,ags_no_prune_no_stop,6,32,160,0.0013333333333332975
svc_digits,ags_no_prune_no_stop,6,33,165,0.0013333333333332975
svc_digits,ags_no_prune_no_stop,6,34,170,0.0013333333333332975
svc_digits,ags_no_prune_no_stop,6,35,175,0.0013333333333332975
svc_digits,ags_no_prune_no_stop,6,36,180,0.0013333333333332975
svc_digits,ags_no_prune_no_stop,6,37,185,0.0013333333333332975
svc_digits,ags_no_prune_no_stop,6,38,190,0.0013333333333332975
svc_digits,ags_no_prune_no_stop,6,39,195,0.0013333333333332975
svc_digits,ags_no_prune_no_stop,6,40,200,0.0013333333333332975
svc_digits,ags_no_prune_no_stop,7,1,5,0.010666666666666713
svc_digits,ags_no_prune_no_stop,7,2,10,0.010666666666666713
svc_digits,ags_no_prune_no_stop,7,3,15,0.010666666666666713
svc_digits,ags_no_prune_no_stop,7,4,20,0.00533333333333319
svc_digits,ags_no_prune_no_stop,7,5,25,0.00533333333333319
svc_digits,ags_no_prune_no_stop,7,6,30,0.00533333333333319
svc_digits,ags_no_prune_no_stop,7,7,35,0.00533333333333319
svc_digits,ags_no_prune_no_stop,7,8,40,0.00533333333333319
svc_digits,ags_no_prune_no_stop,7,9,45,0.00533333333333319
svc_digits,ags_no_prune_no_stop,7,10,50,0.00533333333333319
svc_digits,ags_no_prune_no_stop,7,11,55,0.00533333333333319
svc_digits,ags_no_prune_no_stop,7,12,60,0.00533333333333319
svc_digits,ags_no_prune_no_stop,7,13,65,0.00533333333333319
svc_digits,ags_no_prune_no_stop,7,14,70,0.00533333333333319
svc_digits,ags_no_prune_no_stop,7,15,75,0.00533333333333319
svc_digits,ags_no_prune_no_stop,7,16,80,0.00533333333333319
svc_digits,ags_no_prune_no_stop,7,17,85,0.00533333333333319
svc_digits,ags_no_prune_no_stop,7,18,90,0.00533333333333319
svc_digits,ags_no_prune_no_stop,7,19,95,0.00533333333333319
svc_digits,ags_no_prune_no_stop,7,20,100,0.00533333333333319
svc_digits,ags_no_prune_no_stop,7,21,105,0.00533333333333319
svc_digits,ags_no_prune_no_stop,7,22,110,0.00533333333333319
svc_digits,ags_no_prune_no_stop,7,23,115,0.00533333333333319
svc_digits,ags_no_prune_no_stop,7,24,120,0.00533333333333319
svc_digits,ags_no_prune_no_stop,7,25,125,0.00533333333333319
svc_digits,ags_no_prune_no_stop,7,26,130,0.00533333333333319
svc_digits,ags_no_prune_no_stop,7,27,135,0.00533333333333319
svc_digits,ags_no_prune_no_stop,7,28,140,0.0
svc_digits,ags_no_prune_no_stop,7,29,145,0.0
svc_digits,ags_no_prune_no_stop,7,30,150,0.0
svc_digits,ags_no_prune_no_stop,7,31,155,0.0
svc_digits,ags_no_prune_no_stop,7,32,160,0.0
svc_digits,ags_no_prune_no_stop,7,33,165,0.0
svc_digits,ags_no_prune_no_stop,7,34,170,0.0
svc_digits,ags_no_prune_no_stop,7,35,175,0.0
svc_digits,ags_no_prune_no_stop,7,36,180,0.0
svc_digits,ags_no_prune_no_stop,7,37,185,0.0
svc_digits,ags_no_prune_no_stop,7,38,190,0.0
svc_digits,ags_no_prune_no_stop,7,39,195,0.0
svc_digits,ags_no_prune_no_stop,7,40,200,0.0
svc_digits,ags_no_prune_no_stop,8,1,5,0.00533333333333319
svc_digits,ags_no_prune_no_stop,8,2,10,0.0013333333333332975
svc_digits,ags_no_prune_no_stop,8,3,15,0.0013333333333332975
svc_digits,ags_no_prune_no_stop,8,4,20,0.0013333333333332975
svc_digits,ags_no_prune_no_stop,8,5,25,0.0013333333333332975
svc_digits,ags_no_prune_no_stop,8,6,30,0.0013333333333332975
svc_digits,ags_no_prune_no_stop,8,7,35,0.0013333333333332975
svc_digits,ags_no_prune_no_stop,8,8,40,0.0013333333333332975
svc_digits,ags_no_prune_no_stop,8,9,45,0.0013333333333332975
svc_digits,ags_no_prune_no_stop,8,10,50,0.0013333333333332975
svc_digits,ags_no_prune_no_stop,8,11,55,0.0013333333333332975
svc_digits,ags_no_prune_no_stop,8,12,60,0.00533333333333319
svc_digits,ags_no_prune_no_stop,8,13,65,0.00533333333333319
svc_digits,ags_no_prune_no_stop,8,14,70,0.00533333333333319
svc_digits,ags_no_prune_no_stop,8,15,75,0.00533333333333319
svc_digits,ags_no_prune_no_stop,8,16,80,0.00533333333333319
svc_digits,ags_no_prune_no_stop,8,17,85,0.00533333333333319
svc_digits,ags_no_prune_no_stop,8,18,90,0.00533333333333319
svc_digits,ags_no_prune_no_stop,8,19,95,0.00533333333333319
svc_digits,ags_no_prune_no_stop,8,20,100,0.00533333333333319
svc_digits,ags_no_prune_no_stop,8,21,105,0.00533333333333319
svc_digits,ags_no_prune_no_stop,8,22,110,0.00533333333333319
svc_digits,ags_no_prune_no_stop,8,23,115,0.00533333333333319
svc_digits,ags_no_prune_no_stop,8,24,120,0.0
svc_digits,ags_no_prune_no_stop,8,25,125,0.0
svc_digits,ags_no_prune_no_stop,8,26,130,0.0
svc_digits,ags_no_prune_no_stop,8,27,135,0.0
svc_digits,ags_no_prune_no_stop,8,28,140,0.0
svc_digits,ags_no_prune_no_stop,8,29,145,0.0
svc_digits,ags_no_prune_no_stop,8,30,150,0.0
svc_digits,ags_no_prune_no_stop,8,31,155,0.0
svc_digits,ags_no_prune_no_stop,8,32,160,0.0
svc_digits,ags_no_prune_no_stop,8,33,165,0.0
svc_digits,ags_no_prune_no_stop,8,34,170,0.0
svc_digits,ags_no_prune_no_stop,8,35,175,0.0
svc_digits,ags_no_prune_no_stop,8,36,180,0.0
svc_digits,ags_no_prune_no_stop,8,37,185,0.0
svc_digits,ags_no_prune_no_stop,8,38,190,0.0
svc_digits,ags_no_prune_no_stop,8,39,195,0.0
svc_digits,ags_no_prune_no_stop,8,40,200,0.0
svc_digits,ags_no_prune_no_stop,9,1,5,0.051999999999999935
svc_digits,ags_no_prune_no_stop,9,2,10,0.008000000000000007
svc_digits,ags_no_prune_no_stop,9,3,15,0.010666666666666491
svc_digits,ags_no_prune_no_stop,9,4,20,0.010666666666666491
svc_digits,ags_no_prune_no_stop,9,5,25,0.010666666666666491
svc_digits,ags_no_prune_no_stop,9,6,30,0.010666666666666491
svc_digits,ags_no_prune_no_stop,9,7,35,0.00533333333333319
svc_digits,ags_no_prune_no_stop,9,8,40,0.00533333333333319
svc_digits,ags_no_prune_no_stop,9,9,45,0.00533333333333319
svc_digits,ags_no_prune_no_stop,9,10,50,0.00533333333333319
svc_digits,ags_no_prune_no_stop,9,11,55,0.00533333333333319
svc_digits,ags_no_prune_no_stop,9,12,60,0.00533333333333319
svc_digits,ags_no_prune_no_stop,9,13,65,0.00533333333333319
svc_digits,ags_no_prune_no_stop,9,14,70,0.00533333333333319
svc_digits,ags_no_prune_no_stop,9,15,75,0.00533333333333319
svc_digits,ags_no_prune_no_stop,9,16,80,0.00533333333333319
svc_digits,ags_no_prune_no_stop,9,17,85,0.00533333333333319
svc_digits,ags_no_prune_no_stop,9,18,90,0.00533333333333319
svc_digits,ags_no_prune_no_stop,9,19,95,0.00533333333333319
svc_digits,ags_no_prune_no_stop,9,20,100,0.00533333333333319
svc_digits,ags_no_prune_no_stop,9,21,105,0.00533333333333319
svc_digits,ags_no_prune_no_stop,9,22,110,0.0
svc_digits,ags_no_prune_no_stop,9,23,115,0.0
svc_digits,ags_no_prune_no_stop,9,24,120,0.0
svc_digits,ags_no_prune_no_stop,9,25,125,0.0
svc_digits,ags_no_prune_no_stop,9,26,130,0.0
svc_digits,ags_no_prune_no_stop,9,27,135,0.0
svc_digits,ags_no_prune_no_stop,9,28,140,0.0
svc_digits,ags_no_prune_no_stop,9,29,145,0.0
svc_digits,ags_no_prune_no_stop,9,30,150,0.0
svc_digits,ags_no_prune_no_stop,9,31,155,0.0
svc_digits,ags_no_prune_no_stop,9,32,160,0.0
svc_digits,ags_no_prune_no_stop,9,33,165,0.0
svc_digits,ags_no_prune_no_stop,9,34,170,0.0
svc_digits,ags_no_prune_no_stop,9,35,175,0.0
svc_digits,ags_no_prune_no_stop,9,36,180,0.0
svc_digits,ags_no_prune_no_stop,9,37,185,0.0
svc_digits,ags_no_prune_no_stop,9,38,190,0.0
svc_digits,ags_no_prune_no_stop,9,39,195,0.0
svc_digits,ags_no_prune_no_stop,9,40,200,0.0
svc_digits,ags_gp_no_stop,0,1,5,0.02533333333333332
svc_digits,ags_gp_no_stop,0,2,10,0.02533333333333332
svc_digits,ags_gp_no_stop,0,3,15,0.02533333333333332
svc_digits,ags_gp_no_stop,0,4,20,0.02400000000000002
svc_digits,ags_gp_no_stop,0,5,25,0.02400000000000002
svc_digits,ags_gp_no_stop,0,6,30,0.02400000000000002
svc_digits,ags_gp_no_stop,0,7,35,0.02400000000000002
svc_digits,ags_gp_no_stop,0,8,40,0.0013333333333332975
svc_digits,ags_gp_no_stop,0,9,45,0.0013333333333332975
svc_digits,ags_gp_no_stop,0,10,50,0.0013333333333332975
svc_digits,ags_gp_no_stop,0,11,55,0.0013333333333332975
svc_digits,ags_gp_no_stop,0,12,60,0.0013333333333332975
svc_digits,ags_gp_no_stop,0,13,65,0.00533333333333319
svc_digits,ags_gp_no_stop,0,14,70,0.00533333333333319
svc_digits,ags_gp_no_stop,0,15,75,0.00533333333333319
svc_digits,ags_gp_no_stop,0,16,80,0.00533333333333319
svc_digits,ags_gp_no_stop,0,17,85,0.00533333333333319
svc_digits,ags_gp_no_stop,0,18,90,0.00533333333333319
svc_digits,ags_gp_no_stop,0,19,95,0.00533333333333319
svc_digits,ags_gp_no_stop,0,20,100,0.00533333333333319
svc_digits,ags_gp_no_stop,0,21,105,0.00533333333333319
svc_digits,ags_gp_no_stop,0,22,107,0.00533333333333319
svc_digits,ags_gp_no_stop,0,23,112,0.00533333333333319
svc_digits,ags_gp_no_stop,0,24,117,0.00533333333333319
svc_digits,ags_gp_no_stop,0,25,122,0.00533333333333319
svc_digits,ags_gp_no_stop,0,26,127,0.00533333333333319
svc_digits,ags_gp_no_stop,0,27,132,0.00533333333333319
svc_digits,ags_gp_no_stop,0,28,134,0.00533333333333319
svc_digits,ags_gp_no_stop,0,29,136,0.00533333333333319
svc_digits,ags_gp_no_stop,0,30,138,0.00533333333333319
svc_digits,ags_gp_no_stop,0,31,141,0.00533333333333319
svc_digits,ags_gp_no_stop,0,32,146,0.00533333333333319
svc_digits,ags_gp_no_stop,0,33,151,0.00533333333333319
svc_digits,ags_gp_no_stop,0,34,156,0.00533333333333319
svc_digits,ags_gp_no_stop,0,35,161,0.00533333333333319
svc_digits,ags_gp_no_stop,0,36,165,0.00533333333333319
svc_digits,ags_gp_no_stop,0,37,167,0.00533333333333319
svc_digits,ags_gp_no_stop,0,38,172,0.00533333333333319
svc_digits,ags_gp_no_stop,0,39,175,0.00533333333333319
svc_digits,ags_gp_no_stop,0,40,179,0.00533333333333319
svc_digits,ags_gp_no_stop,1,1,5,0.010666666666666491
svc_digits,ags_gp_no_stop,1,2,10,0.010666666666666491
svc_digits,ags_gp_no_stop,1,3,15,0.010666666666666491
svc_digits,ags_gp_no_stop,1,4,20,0.010666666666666491
svc_digits,ags_gp_no_stop,1,5,25,0.010666666666666491
svc_digits,ags_gp_no_stop,1,6,30,0.010666666666666491
svc_digits,ags_gp_no_stop,1,7,35,0.010666666666666491
svc_digits,ags_gp_no_stop,1,8,40,0.010666666666666491
svc_digits,ags_gp_no_stop,1,9,45,0.010666666666666491
svc_digits,ags_gp_no_stop,1,10,50,0.010666666666666491
svc_digits,ags_gp_no_stop,1,11,55,0.010666666666666491
svc_digits,ags_gp_no_stop,1,12,60,0.010666666666666491
svc_digits,ags_gp_no_stop,1,13,65,0.010666666666666491
svc_digits,ags_gp_no_stop,1,14,70,0.010666666666666491
svc_digits,ags_gp_no_stop,1,15,75,0.010666666666666491
svc_digits,ags_gp_no_stop,1,16,80,0.010666666666666491
svc_digits,ags_gp_no_stop,1,17,85,0.010666666666666491
svc_digits,ags_gp_no_stop,1,18,90,0.010666666666666491
svc_digits,ags_gp_no_stop,1,19,95,0.010666666666666491
svc_digits,ags_gp_no_stop,1,20,100,0.010666666666666491
svc_digits,ags_gp_no_stop,1,21,105,0.00533333333333319
svc_digits,ags_gp_no_stop,1,22,110,0.00533333333333319
svc_digits,ags_gp_no_stop,1,23,115,0.00533333333333319
svc_digits,ags_gp_no_stop,1,24,120,0.00533333333333319
svc_digits,ags_gp_no_stop,1,25,125,0.00533333333333319
svc_digits,ags_gp_no_stop,1,26,130,0.00533333333333319
svc_digits,ags_gp_no_stop,1,27,135,0.00533333333333319
svc_digits,ags_gp_no_stop,1,28,140,0.00533333333333319
svc_digits,ags_gp_no_stop,1,29,145,0.00533333333333319
svc_digits,ags_gp_no_stop,1,30,150,0.00533333333333319
svc_digits,ags_gp_no_stop,1,31,155,0.00533333333333319
svc_digits,ags_gp_no_stop,1,32,160,0.00533333333333319
svc_digits,ags_gp_no_stop,1,33,165,0.00533333333333319
svc_digits,ags_gp_no_stop,1,34,167,0.00533333333333319
svc_digits,ags_gp_no_stop,1,35,172,0.00533333333333319
svc_digits,ags_gp_no_stop,1,36,177,0.00533333333333319
svc_digits,ags_gp_no_stop,1,37,182,0.00533333333333319
svc_digits,ags_gp_no_stop,1,38,187,0.00533333333333319
svc_digits,ags_gp_no_stop,1,39,192,0.00533333333333319
svc_digits,ags_gp_no_stop,1,40,194,0.00533333333333319
svc_digits,ags_gp_no_stop,2,1,5,0.6013333333333333
svc_digits,ags_gp_no_stop,2,2,10,0.6013333333333333
svc_digits,ags_gp_no_stop,2,3,15,0.0013333333333332975
svc_digits,ags_gp_no_stop,2,4,20,0.0013333333333332975
svc_digits,ags_gp_no_stop,2,5,25,0.0013333333333332975
svc_digits,ags_gp_no_stop,2,6,30,0.0013333333333332975
svc_digits,ags_gp_no_stop,2,7,35,0.0013333333333332975
svc_digits,ags_gp_no_stop,2,8,40,0.0013333333333332975
svc_digits,ags_gp_no_stop,2,9,45,0.0013333333333332975
svc_digits,ags_gp_no_stop,2,10,50,0.00533333333333319
svc_digits,ags_gp_no_stop,2,11,55,0.00533333333333319
svc_digits,ags_gp_no_stop,2,12,60,0.00533333333333319
svc_digits,ags_gp_no_stop,2,13,65,0.00533333333333319
svc_digits,ags_gp_no_stop,2,14,70,0.00533333333333319
svc_digits,ags_gp_no_stop,2,15,75,0.00533333333333319
svc_digits,ags_gp_no_stop,2,16,80,0.00533333333333319
svc_digits,ags_gp_no_stop,2,17,85,0.00533333333333319
svc_digits,ags_gp_no_stop,2,18,90,0.00533333333333319
svc_digits,ags_gp_no_stop,2,19,95,0.00533333333333319
svc_digits,ags_gp_no_stop,2,20,100,0.00533333333333319
svc_digits,ags_gp_no_stop,2,21,105,0.00533333333333319
svc_digits,ags_gp_no_stop,2,22,110,0.00533333333333319
svc_digits,ags_gp_no_stop,2,23,115,0.00533333333333319
svc_digits,ags_gp_no_stop,2,24,120,0.00533333333333319
svc_digits,ags_gp_no_stop,2,25,125,0.00533333333333319
svc_digits,ags_gp_no_stop,2,26,130,0.00533333333333319
svc_digits,ags_gp_no_stop,2,27,135,0.00533333333333319
svc_digits,ags_gp_no_stop,2,28,140,0.00533333333333319
svc_digits,ags_gp_no_stop,2,29,145,0.00533333333333319
svc_digits,ags_gp_no_stop,2,30,147,0.00533333333333319
svc_digits,ags_gp_no_stop,2,31,152,0.00533333333333319
svc_digits,ags_gp_no_stop,2,32,157,0.00533333333333319
svc_digits,ags_gp_no_stop,2,33,162,0.00533333333333319
svc_digits,ags_gp_no_stop,2,34,167,0.00533333333333319
svc_digits,ags_gp_no_stop,2,35,172,0.00533333333333319
svc_digits,ags_gp_no_stop,2,36,177,0.00533333333333319
svc_digits,ags_gp_no_stop,2,37,182,0.00533333333333319
svc_digits,ags_gp_no_stop,2,38,187,0.00533333333333319
svc_digits,ags_gp_no_stop,2,39,190,0.00533333333333319
svc_digits,ags_gp_no_stop,2,40,194,0.00533333333333319
svc_digits,ags_gp_no_stop,3,1,5,0.2493333333333333
svc_digits,ags_gp_no_stop,3,2,10,0.00533333333333319
svc_digits,ags_gp_no_stop,3,3,15,0.0013333333333332975
svc_digits,ags_gp_no_stop,3,4,20,0.0013333333333332975
svc_digits,ags_gp_no_stop,3,5,25,0.0013333333333332975
svc_digits,ags_gp_no_stop,3,6,30,0.0013333333333332975
svc_digits,ags_gp_no_stop,3,7,35,0.0013333333333332975
svc_digits,ags_gp_no_stop,3,8,40,0.0013333333333332975
svc_digits,ags_gp_no_stop,3,9,45,0.0013333333333332975
svc_digits,ags_gp_no_stop,3,10,50,0.0013333333333332975
svc_digits,ags_gp_no_stop,3,11,55,0.0013333333333332975
svc_digits,ags_gp_no_stop,3,12,60,0.0013333333333332975
svc_digits,ags_gp_no_stop,3,13,65,0.0013333333333332975
svc_digits,ags_gp_no_stop,3,14,70,0.0013333333333332975
svc_digits,ags_gp_no_stop,3,15,75,0.0013333333333332975
svc_digits,ags_gp_no_stop,3,16,80,0.0013333333333332975
svc_digits,ags_gp_no_stop,3,17,85,0.0013333333333332975
svc_digits,ags_gp_no_stop,3,18,90,0.0013333333333332975
svc_digits,ags_gp_no_stop,3,19,95,0.0013333333333332975
svc_digits,ags_gp_no_stop,3,20,97,0.0013333333333332975
svc_digits,ags_gp_no_stop,3,21,102,0.0013333333333332975
svc_digits,ags_gp_no_stop,3,22,107,0.0013333333333332975
svc_digits,ags_gp_no_stop,3,23,112,0.0013333333333332975
svc_digits,ags_gp_no_stop,3,24,117,0.0013333333333332975
svc_digits,ags_gp_no_stop,3,25,122,0.0013333333333332975
svc_digits,ags_gp_no_stop,3,26,127,0.0013333333333332975
svc_digits,ags_gp_no_stop,3,27,129,0.0013333333333332975
svc_digits,ags_gp_no_stop,3,28,131,0.0013333333333332975
svc_digits,ags_gp_no_stop,3,29,133,0.0013333333333332975
svc_digits,ags_gp_no_stop,3,30,138,0.0013333333333332975
svc_digits,ags_gp_no_stop,3,31,143,0.0
svc_digits,ags_gp_no_stop,3,32,148,0.0
svc_digits,ags_gp_no_stop,3,33,153,0.0
svc_digits,ags_gp_no_stop,3,34,155,0.0
svc_digits,ags_gp_no_stop,3,35,159,0.0
svc_digits,ags_gp_no_stop,3,36,164,0.0
svc_digits,ags_gp_no_stop,3,37,169,0.0
svc_digits,ags_gp_no_stop,3,38,174,0.0
svc_digits,ags_gp_no_stop,3,39,176,0.0
svc_digits,ags_gp_no_stop,3,40,178,0.0
svc_digits,ags_gp_no_stop,4,1,5,0.0039999999999998925
svc_digits,ags_gp_no_stop,4,2,10,0.0039999999999998925
svc_digits,ags_gp_no_stop,4,3,15,0.0039999999999998925
svc_digits,ags_gp_no_stop,4,4,20,0.0039999999999998925
svc_digits,ags_gp_no_stop,4,5,25,0.00533333333333319
svc_digits,ags_gp_no_stop,4,6,30,0.00533333333333319
svc_digits,ags_gp_no_stop,4,7,35,0.00533333333333319
svc_digits,ags_gp_no_stop,4,8,40,0.00533333333333319
svc_digits,ags_gp_no_stop,4,9,45,0.00533333333333319
svc_digits,ags_gp_no_stop,4,10,50,0.00533333333333319
svc_digits,ags_gp_no_stop,4,11,55,0.0013333333333332975
svc_digits,ags_gp_no_stop,4,12,60,0.0013333333333332975
svc_digits,ags_gp_no_stop,4,13,65,0.0013333333333332975
svc_digits,ags_gp_no_stop,4,14,70,0.0013333333333332975
svc_digits,ags_gp_no_stop,4,15,75,0.0013333333333332975
svc_digits,ags_gp_no_stop,4,16,80,0.0013333333333332975
svc_digits,ags_gp_no_stop,4,17,85,0.0013333333333332975
svc_digits,ags_gp_no_stop,4,18,90,0.0013333333333332975
svc_digits,ags_gp_no_stop,4,19,95,0.0013333333333332975
svc_digits,ags_gp_no_stop,4,20,100,0.0013333333333332975
svc_digits,ags_gp_no_stop,4,21,102,0.0013333333333332975
svc_digits,ags_gp_no_stop,4,22,107,0.0013333333333332975
svc_digits,ags_gp_no_stop,4,23,112,0.0013333333333332975
svc_digits,ags_gp_no_stop,4,24,117,0.0013333333333332975
svc_digits,ags_gp_no_stop,4,25,122,0.0013333333333332975
svc_digits,ags_gp_no_stop,4,26,127,0.0013333333333332975
svc_digits,ags_gp_no_stop,4,27,132,0.0013333333333332975
svc_digits,ags_gp_no_stop,4,28,134,0.0013333333333332975
svc_digits,ags_gp_no_stop,4,29,136,0.0013333333333332975
svc_digits,ags_gp_no_stop,4,30,138,0.0013333333333332975
svc_digits,ags_gp_no_stop,4,31,140,0.0013333333333332975
svc_digits,ags_gp_no_stop,4,32,142,0.0013333333333332975
svc_digits,ags_gp_no_stop,4,33,147,0.0013333333333332975
svc_digits,ags_gp_no_stop,4,34,152,0.0013333333333332975
svc_digits,ags_gp_no_stop,4,35,155,0.0013333333333332975
svc_digits,ags_gp_no_stop,4,36,160,0.0013333333333332975
svc_digits,ags_gp_no_stop,4,37,163,0.0013333333333332975
svc_digits,ags_gp_no_stop,4,38,168,0.0013333333333332975
svc_digits,ags_gp_no_stop,4,39,173,0.0013333333333332975
svc_digits,ags_gp_no_stop,4,40,178,0.0013333333333332975
svc_digits,ags_gp_no_stop,5,1,5,0.00533333333333319
svc_digits,ags_gp_no_stop,5,2,10,0.00533333333333319
svc_digits,ags_gp_no_stop,5,3,15,0.00533333333333319
svc_digits,ags_gp_no_stop,5,4,20,0.00533333333333319
svc_digits,ags_gp_no_stop,5,5,25,0.00533333333333319
svc_digits,ags_gp_no_stop,5,6,30,0.00533333333333319
svc_digits,ags_gp_no_stop,5,7,35,0.00533333333333319
svc_digits,ags_gp_no_stop,5,8,40,0.00533333333333319
svc_digits,ags_gp_no_stop,5,9,45,0.00533333333333319
svc_digits,ags_gp_no_stop,5,10,50,0.00533333333333319
svc_digits,ags_gp_no_stop,5,11,55,0.00533333333333319
svc_digits,ags_gp_no_stop,5,12,60,0.00533333333333319
svc_digits,ags_gp_no_stop,5,13,65,0.00533333333333319
svc_digits,ags_gp_no_stop,5,14,70,0.00533333333333319
svc_digits,ags_gp_no_stop,5,15,75,0.00533333333333319
svc_digits,ags_gp_no_stop,5,16,80,0.00533333333333319
svc_digits,ags_gp_no_stop,5,17,85,0.00533333333333319
svc_digits,ags_gp_no_stop,5,18,90,0.00533333333333319
svc_digits,ags_gp_no_stop,5,19,95,0.00533333333333319
svc_digits,ags_gp_no_stop,5,20,100,0.00533333333333319
svc_digits,ags_gp_no_stop,5,21,105,0.00533333333333319
svc_digits,ags_gp_no_stop,5,22,110,0.00533333333333319
svc_digits,ags_gp_no_stop,5,23,115,0.00533333333333319
svc_digits,ags_gp_no_stop,5,24,120,0.00533333333333319
svc_digits,ags_gp_no_stop,5,25,125,0.00533333333333319
svc_digits,ags_gp_no_stop,5,26,130,0.00533333333333319
svc_digits,ags_gp_no_stop,5,27,132,0.00533333333333319
svc_digits,ags_gp_no_stop,5,28,135,0.00533333333333319
svc_digits,ags_gp_no_stop,5,29,137,0.00533333333333319
svc_digits,ags_gp_no_stop,5,30,142,0.00533333333333319
svc_digits,ags_gp_no_stop,5,31,147,0.00533333333333319
svc_digits,ags_gp_no_stop,5,32,150,0.00533333333333319
svc_digits,ags_gp_no_stop,5,33,155,0.00533333333333319
svc_digits,ags_gp_no_stop,5,34,160,0.00533333333333319
svc_digits,ags_gp_no_stop,5,35,163,0.00533333333333319
svc_digits,ags_gp_no_stop,5,36,168,0.00533333333333319
svc_digits,ags_gp_no_stop,5,37,171,0.00533333333333319
svc_digits,ags_gp_no_stop,5,38,173,0.00533333333333319
svc_digits,ags_gp_no_stop,5,39,176,0.00533333333333319
svc_digits,ags_gp_no_stop,5,40,178,0.00533333333333319
svc_digits,ags_gp_no_stop,6,1,5,0.0039999999999998925
svc_digits,ags_gp_no_stop,6,2,10,0.0039999999999998925
svc_digits,ags_gp_no_stop,6,3,15,0.0039999999999998925
svc_digits,ags_gp_no_stop,6,4,20,0.0039999999999998925
svc_digits,ags_gp_no_stop,6,5,25,0.0039999999999998925
svc_digits,ags_gp_no_stop,6,6,30,0.0
svc_digits,ags_gp_no_stop,6,7,35,0.0
svc_digits,ags_gp_no_stop,6,8,40,0.0
svc_digits,ags_gp_no_stop,6,9,45,0.0
svc_digits,ags_gp_no_stop,6,10,50,0.0
svc_digits,ags_gp_no_stop,6,11,55,0.0
svc_digits,ags_gp_no_stop,6,12,60,0.0
svc_digits,ags_gp_no_stop,6,13,65,0.0
svc_digits,ags_gp_no_stop,6,14,70,0.0
svc_digits,ags_gp_no_stop,6,15,75,0.0013333333333332975
svc_digits,ags_gp_no_stop,6,16,80,0.0013333333333332975
svc_digits,ags_gp_no_stop,6,17,85,0.0013333333333332975
svc_digits,ags_gp_no_stop,6,18,87,0.0013333333333332975
svc_digits,ags_gp_no_stop,6,19,90,0.0013333333333332975
svc_digits,ags_gp_no_stop,6,20,92,0.0013333333333332975
svc_digits,ags_gp_no_stop,6,21,94,0.0013333333333332975
svc_digits,ags_gp_no_stop,6,22,96,0.0013333333333332975
svc_digits,ags_gp_no_stop,6,23,101,0.0013333333333332975
svc_digits,ags_gp_no_stop,6,24,106,0.0013333333333332975
svc_digits,ags_gp_no_stop,6,25,108,0.0013333333333332975
svc_digits,ags_gp_no_stop,6,26,110,0.0013333333333332975
svc_digits,ags_gp_no_stop,6,27,113,0.0013333333333332975
svc_digits,ags_gp_no_stop,6,28,115,0.0013333333333332975
svc_digits,ags_gp_no_stop,6,29,117,0.0013333333333332975
svc_digits,ags_gp_no_stop,6,30,119,0.0013333333333332975
svc_digits,ags_gp_no_stop,6,31,121,0.0013333333333332975
svc_digits,ags_gp_no_stop,6,32,126,0.0013333333333332975
svc_digits,ags_gp_no_stop,6,33,131,0.0013333333333332975
svc_digits,ags_gp_no_stop,6,34,134,0.0013333333333332975
svc_digits,ags_gp_no_stop,6,35,136,0.0013333333333332975
svc_digits,ags_gp_no_stop,6,36,138,0.0013333333333332975
svc_digits,ags_gp_no_stop,6,37,141,0.0013333333333332975
svc_digits,ags_gp_no_stop,6,38,144,0.0013333333333332975
svc_digits,ags_gp_no_stop,6,39,146,0.0013333333333332975
svc_digits,ags_gp_no_stop,6,40,148,0.0013333333333332975
svc_digits,ags_gp_no_stop,7,1,5,0.010666666666666713
svc_digits,ags_gp_no_stop,7,2,10,0.010666666666666713
svc_digits,ags_gp_no_stop,7,3,15,0.010666666666666713
svc_digits,ags_gp_no_stop,7,4,20,0.00533333333333319
svc_digits,ags_gp_no_stop,7,5,25,0.00533333333333319
svc_digits,ags_gp_no_stop,7,6,30,0.00533333333333319
svc_digits,ags_gp_no_stop,7,7,35,0.00533333333333319
svc_digits,ags_gp_no_stop,7,8,40,0.00533333333333319
svc_digits,ags_gp_no_stop,7,9,45,0.00533333333333319
svc_digits,ags_gp_no_stop,7,10,50,0.00533333333333319
svc_digits,ags_gp_no_stop,7,11,55,0.00533333333333319
svc_digits,ags_gp_no_stop,7,12,60,0.00533333333333319
svc_digits,ags_gp_no_stop,7,13,65,0.00533333333333319
svc_digits,ags_gp_no_stop,7,14,70,0.00533333333333319
svc_digits,ags_gp_no_stop,7,15,75,0.00533333333333319
svc_digits,ags_gp_no_stop,7,16,80,0.00533333333333319
svc_digits,ags_gp_no_stop,7,17,85,0.00533333333333319
svc_digits,ags_gp_no_stop,7,18,90,0.00533333333333319
svc_digits,ags_gp_no_stop,7,19,95,0.00533333333333319
svc_digits,ags_gp_no_stop,7,20,100,0.00533333333333319
svc_digits,ags_gp_no_stop,7,21,105,0.00533333333333319
svc_digits,ags_gp_no_stop,7,22,110,0.00533333333333319
svc_digits,ags_gp_no_stop,7,23,112,0.00533333333333319
svc_digits,ags_gp_no_stop,7,24,115,0.00533333333333319
svc_digits,ags_gp_no_stop,7,25,118,0.00533333333333319
svc_digits,ags_gp_no_stop,7,26,120,0.00533333333333319
svc_digits,ags_gp_no_stop,7,27,125,0.0
svc_digits,ags_gp_no_stop,7,28,130,0.0
svc_digits,ags_gp_no_stop,7,29,135,0.0
svc_digits,ags_gp_no_stop,7,30,140,0.0
svc_digits,ags_gp_no_stop,7,31,143,0.0
svc_digits,ags_gp_no_stop,7,32,148,0.0
svc_digits,ags_gp_no_stop,7,33,151,0.0
svc_digits,ags_gp_no_stop,7,34,156,0.0
svc_digits,ags_gp_no_stop,7,35,159,0.0
svc_digits,ags_gp_no_stop,7,36,161,0.0
svc_digits,ags_gp_no_stop,7,37,165,0.0
svc_digits,ags_gp_no_stop,7,38,169,0.0
svc_digits,ags_gp_no_stop,7,39,173,0.0
svc_digits,ags_gp_no_stop,7,40,177,0.0
svc_digits,ags_gp_no_stop,8,1,5,0.00533333333333319
svc_digits,ags_gp_no_stop,8,2,10,0.0013333333333332975
svc_digits,ags_gp_no_stop,8,3,15,0.0013333333333332975
svc_digits,ags_gp_no_stop,8,4,20,0.0013333333333332975
svc_digits,ags_gp_no_stop,8,5,25,0.0013333333333332975
svc_digits,ags_gp_no_stop,8,6,30,0.0013333333333332975
svc_digits,ags_gp_no_stop,8,7,35,0.0013333333333332975
svc_digits,ags_gp_no_stop,8,8,40,0.0013333333333332975
svc_digits,ags_gp_no_stop,8,9,45,0.00533333333333319
svc_digits,ags_gp_no_stop,8,10,50,0.00533333333333319
svc_digits,ags_gp_no_stop,8,11,55,0.00533333333333319
svc_digits,ags_gp_no_stop,8,12,60,0.00533333333333319
svc_digits,ags_gp_no_stop,8,13,65,0.00533333333333319
svc_digits,ags_gp_no_stop,8,14,70,0.00533333333333319
svc_digits,ags_gp_no_stop,8,15,75,0.00533333333333319
svc_digits,ags_gp_no_stop,8,16,80,0.00533333333333319
svc_digits,ags_gp_no_stop,8,17,85,0.00533333333333319
svc_digits,ags_gp_no_stop,8,18,90,0.00533333333333319
svc_digits,ags_gp_no_stop,8,19,95,0.00533333333333319
svc_digits,ags_gp_no_stop,8,20,100,0.00533333333333319
svc_digits,ags_gp_no_stop,8,21,105,0.00533333333333319
svc_digits,ags_gp_no_stop,8,22,110,0.00533333333333319
svc_digits,ags_gp_no_stop,8,23,115,0.00533333333333319
svc_digits,ags_gp_no_stop,8,24,120,0.0
svc_digits,ags_gp_no_stop,8,25,125,0.0
svc_digits,ags_gp_no_stop,8,26,130,0.0
svc_digits,ags_gp_no_stop,8,27,135,0.0
svc_digits,ags_gp_no_stop,8,28,140,0.0
svc_digits,ags_gp_no_stop,8,29,145,0.0
svc_digits,ags_gp_no_stop,8,30,147,0.0
svc_digits,ags_gp_no_stop,8,31,149,0.0
svc_digits,ags_gp_no_stop,8,32,151,0.0
svc_digits,ags_gp_no_stop,8,33,153,0.0
svc_digits,ags_gp_no_stop,8,34,156,0.0
svc_digits,ags_gp_no_stop,8,35,161,0.0
svc_digits,ags_gp_no_stop,8,36,164,0.0
svc_digits,ags_gp_no_stop,8,37,168,0.0
svc_digits,ags_gp_no_stop,8,38,170,0.0
svc_digits,ags_gp_no_stop,8,39,172,0.0
svc_digits,ags_gp_no_stop,8,40,174,0.0
svc_digits,ags_gp_no_stop,9,1,5,0.051999999999999935
svc_digits,ags_gp_no_stop,9,2,10,0.008000000000000007
svc_digits,ags_gp_no_stop,9,3,15,0.010666666666666491
svc_digits,ags_gp_no_stop,9,4,20,0.010666666666666491
svc_digits,ags_gp_no_stop,9,5,25,0.010666666666666491
svc_digits,ags_gp_no_stop,9,6,30,0.010666666666666491
svc_digits,ags_gp_no_stop,9,7,35,0.00533333333333319
svc_digits,ags_gp_no_stop,9,8,40,0.00533333333333319
svc_digits,ags_gp_no_stop,9,9,45,0.00533333333333319
svc_digits,ags_gp_no_stop,9,10,50,0.00533333333333319
svc_digits,ags_gp_no_stop,9,11,55,0.00533333333333319
svc_digits,ags_gp_no_stop,9,12,60,0.00533333333333319
svc_digits,ags_gp_no_stop,9,13,65,0.00533333333333319
svc_digits,ags_gp_no_stop,9,14,70,0.0
svc_digits,ags_gp_no_stop,9,15,75,0.0
svc_digits,ags_gp_no_stop,9,16,80,0.0
svc_digits,ags_gp_no_stop,9,17,85,0.0
svc_digits,ags_gp_no_stop,9,18,90,0.0
svc_digits,ags_gp_no_stop,9,19,92,0.0
svc_digits,ags_gp_no_stop,9,20,97,0.0
svc_digits,ags_gp_no_stop,9,21,99,0.0
svc_digits,ags_gp_no_stop,9,22,101,0.0
svc_digits,ags_gp_no_stop,9,23,103,0.0
svc_digits,ags_gp_no_stop,9,24,108,0.0
svc_digits,ags_gp_no_stop,9,25,113,0.0
svc_digits,ags_gp_no_stop,9,26,116,0.0
svc_digits,ags_gp_no_stop,9,27,118,0.0
svc_digits,ags_gp_no_stop,9,28,123,0.0
svc_digits,ags_gp_no_stop,9,29,126,0.0
svc_digits,ags_gp_no_stop,9,30,128,0.0
svc_digits,ags_gp_no_stop,9,31,130,0.0
svc_digits,ags_gp_no_stop,9,32,132,0.0
svc_digits,ags_gp_no_stop,9,33,134,0.0
svc_digits,ags_gp_no_stop,9,34,139,0.0
svc_digits,ags_gp_no_stop,9,35,141,0.0
svc_digits,ags_gp_no_stop,9,36,144,0.0
svc_digits,ags_gp_no_stop,9,37,146,0.0
svc_digits,ags_gp_no_stop,9,38,148,0.0
svc_digits,ags_gp_no_stop,9,39,150,0.0
svc_digits,ags_gp_no_stop,9,40,152,0.0
svc_digits,random,0,1,5,0.010666666666666491
svc_digits,random,0,2,10,0.010666666666666491
svc_digits,random,0,3,15,0.010666666666666491
svc_digits,random,0,4,20,0.010666666666666491
svc_digits,random,0,5,25,0.010666666666666491
svc_digits,random,0,6,30,0.010666666666666491
svc_digits,random,0,7,35,0.010666666666666491
svc_digits,random,0,8,40,0.010666666666666491
svc_digits,random,0,9,45,0.006666666666666599
svc_digits,random,0,10,50,0.006666666666666599
svc_digits,random,0,11,55,0.006666666666666599
svc_digits,random,0,12,60,0.006666666666666599
svc_digits,random,0,13,65,0.006666666666666599
svc_digits,random,0,14,70,0.006666666666666599
svc_digits,random,0,15,75,0.006666666666666599
svc_digits,random,0,16,80,0.006666666666666599
svc_digits,random,0,17,85,0.006666666666666599
svc_digits,random,0,18,90,0.006666666666666599
svc_digits,random,0,19,95,0.006666666666666599
svc_digits,random,0,20,100,0.0013333333333332975
svc_digits,random,0,21,105,0.0013333333333332975
svc_digits,random,0,22,110,0.0013333333333332975
svc_digits,random,0,23,115,0.006666666666666599
svc_digits,random,0,24,120,0.006666666666666599
svc_digits,random,0,25,125,0.006666666666666599
svc_digits,random,0,26,130,0.006666666666666599
svc_digits,random,0,27,135,0.006666666666666599
svc_digits,random,0,28,140,0.006666666666666599
svc_digits,random,0,29,145,0.006666666666666599
svc_digits,random,0,30,150,0.006666666666666599
svc_digits,random,0,31,155,0.006666666666666599
svc_digits,random,0,32,160,0.006666666666666599
svc_digits,random,0,33,165,0.006666666666666599
svc_digits,random,0,34,170,0.006666666666666599
svc_digits,random,0,35,175,0.006666666666666599
svc_digits,random,0,36,180,0.006666666666666599
svc_digits,random,0,37,185,0.006666666666666599
svc_digits,random,0,38,190,0.006666666666666599
svc_digits,random,0,39,195,0.006666666666666599
svc_digits,random,0,40,200,0.0
svc_digits,random,1,1,5,0.0013333333333332975
svc_digits,random,1,2,10,0.0013333333333332975
svc_digits,random,1,3,15,0.0013333333333332975
svc_digits,random,1,4,20,0.0013333333333332975
svc_digits,random,1,5,25,0.0013333333333332975
svc_digits,random,1,6,30,0.0013333333333332975
svc_digits,random,1,7,35,0.0013333333333332975
svc_digits,random,1,8,40,0.0013333333333332975
svc_digits,random,1,9,45,0.0013333333333332975
svc_digits,random,1,10,50,0.0013333333333332975
svc_digits,random,1,11,55,0.0013333333333332975
svc_digits,random,1,12,60,0.0013333333333332975
svc_digits,random,1,13,65,0.0013333333333332975
svc_digits,random,1,14,70,0.0013333333333332975
svc_digits,random,1,15,75,0.0013333333333332975
svc_digits,random,1,16,80,0.0013333333333332975
svc_digits,random,1,17,85,0.0013333333333332975
svc_digits,random,1,18,90,0.0013333333333332975
svc_digits,random,1,19,95,0.0013333333333332975
svc_digits,random,1,20,100,0.0013333333333332975
svc_digits,random,1,21,105,0.0013333333333332975
svc_digits,random,1,22,110,0.0013333333333332975
svc_digits,random,1,23,115,0.0013333333333332975
svc_digits,random,1,24,120,0.0013333333333332975
svc_digits,random,1,25,125,0.0013333333333332975
svc_digits,random,1,26,130,0.0013333333333332975
svc_digits,random,1,27,135,0.0013333333333332975
svc_digits,random,1,28,140,0.0013333333333332975
svc_digits,random,1,29,145,0.0013333333333332975
svc_digits,random,1,30,150,0.0013333333333332975
svc_digits,random,1,31,155,0.0013333333333332975
svc_digits,random,1,32,160,0.0013333333333332975
svc_digits,random,1,33,165,0.0013333333333332975
svc_digits,random,1,34,170,0.0013333333333332975
svc_digits,random,1,35,175,0.0013333333333332975
svc_digits,random,1,36,180,0.0013333333333332975
svc_digits,random,1,37,185,0.0013333333333332975
svc_digits,random,1,38,190,0.0013333333333332975
svc_digits,random,1,39,195,0.0013333333333332975
svc_digits,random,1,40,200,0.0013333333333332975
svc_digits,random,2,1,5,0.5999999999999999
svc_digits,random,2,2,10,0.05333333333333323
svc_digits,random,2,3,15,0.006666666666666599
svc_digits,random,2,4,20,0.006666666666666599
svc_digits,random,2,5,25,0.006666666666666599
svc_digits,random,2,6,30,0.0013333333333332975
svc_digits,random,2,7,35,0.0013333333333332975
svc_digits,random,2,8,40,0.0013333333333332975
svc_digits,random,2,9,45,0.0013333333333332975
svc_digits,random,2,10,50,0.0013333333333332975
svc_digits,random,2,11,55,0.0013333333333332975
svc_digits,random,2,12,60,0.0013333333333332975
svc_digits,random,2,13,65,0.0013333333333332975
svc_digits,random,2,14,70,0.0013333333333332975
svc_digits,random,2,15,75,0.0013333333333332975
svc_digits,random,2,16,80,0.00533333333333319
svc_digits,random,2,17,85,0.00533333333333319
svc_digits,random,2,18,90,0.00533333333333319
svc_digits,random,2,19,95,0.00533333333333319
svc_digits,random,2,20,100,0.00533333333333319
svc_digits,random,2,21,105,0.00533333333333319
svc_digits,random,2,22,110,0.00533333333333319
svc_digits,random,2,23,115,0.00533333333333319
svc_digits,random,2,24,120,0.00533333333333319
svc_digits,random,2,25,125,0.00533333333333319
svc_digits,random,2,26,130,0.00533333333333319
svc_digits,random,2,27,135,0.00533333333333319
svc_digits,random,2,28,140,0.00533333333333319
svc_digits,random,2,29,145,0.00533333333333319
svc_digits,random,2,30,150,0.00533333333333319
svc_digits,random,2,31,155,0.00533333333333319
svc_digits,random,2,32,160,0.00533333333333319
svc_digits,random,2,33,165,0.00533333333333319
svc_digits,random,2,34,170,0.00533333333333319
svc_digits,random,2,35,175,0.00533333333333319
svc_digits,random,2,36,180,0.00533333333333319
svc_digits,random,2,37,185,0.00533333333333319
svc_digits,random,2,38,190,0.00533333333333319
svc_digits,random,2,39,195,0.00533333333333319
svc_digits,random,2,40,200,0.00533333333333319
svc_digits,random,3,1,5,0.010666666666666713
svc_digits,random,3,2,10,0.00533333333333319
svc_digits,random,3,3,15,0.00533333333333319
svc_digits,random,3,4,20,0.00533333333333319
svc_digits,random,3,5,25,0.00533333333333319
svc_digits,random,3,6,30,0.00533333333333319
svc_digits,random,3,7,35,0.00533333333333319
svc_digits,random,3,8,40,0.00533333333333319
svc_digits,random,3,9,45,0.00533333333333319
svc_digits,random,3,10,50,0.00533333333333319
svc_digits,random,3,11,55,0.00533333333333319
svc_digits,random,3,12,60,0.00533333333333319
svc_digits,random,3,13,65,0.00533333333333319
svc_digits,random,3,14,70,0.00533333333333319
svc_digits,random,3,15,75,0.00533333333333319
svc_digits,random,3,16,80,0.00533333333333319
svc_digits,random,3,17,85,0.00533333333333319
svc_digits,random,3,18,90,0.00533333333333319
svc_digits,random,3,19,95,0.00533333333333319
svc_digits,random,3,20,100,0.00533333333333319
svc_digits,random,3,21,105,0.00533333333333319
svc_digits,random,3,22,110,0.00533333333333319
svc_digits,random,3,23,115,0.00533333333333319
svc_digits,random,3,24,120,0.00533333333333319
svc_digits,random,3,25,125,0.00533333333333319
svc_digits,random,3,26,130,0.00533333333333319
svc_digits,random,3,27,135,0.00533333333333319
svc_digits,random,3,28,140,0.00533333333333319
svc_digits,random,3,29,145,0.00533333333333319
svc_digits,random,3,30,150,0.00533333333333319
svc_digits,random,3,31,155,0.00533333333333319
svc_digits,random,3,32,160,0.00533333333333319
svc_digits,random,3,33,165,0.00533333333333319
svc_digits,random,3,34,170,0.00533333333333319
svc_digits,random,3,35,175,0.00533333333333319
svc_digits,random,3,36,180,0.00533333333333319
svc_digits,random,3,37,185,0.00533333333333319
svc_digits,random,3,38,190,0.00533333333333319
svc_digits,random,3,39,195,0.00533333333333319
svc_digits,random,3,40,200,0.00533333333333319
svc_digits,random,4,1,5,0.0013333333333332975
svc_digits,random,4,2,10,0.0013333333333332975
svc_digits,random,4,3,15,0.0013333333333332975
svc_digits,random,4,4,20,0.0013333333333332975
svc_digits,random,4,5,25,0.0013333333333332975
svc_digits,random,4,6,30,0.0013333333333332975
svc_digits,random,4,7,35,0.0013333333333332975
svc_digits,random,4,8,40,0.0013333333333332975
svc_digits,random,4,9,45,0.0013333333333332975
svc_digits,random,4,10,50,0.0013333333333332975
svc_digits,random,4,11,55,0.0013333333333332975
svc_digits,random,4,12,60,0.0013333333333332975
svc_digits,random,4,13,65,0.0013333333333332975
svc_digits,random,4,14,70,0.0013333333333332975
svc_digits,random,4,15,75,0.0013333333333332975
svc_digits,random,4,16,80,0.0013333333333332975
svc_digits,random,4,17,85,0.0013333333333332975
svc_digits,random,4,18,90,0.0013333333333332975
svc_digits,random,4,19,95,0.0013333333333332975
svc_digits,random,4,20,100,0.0013333333333332975
svc_digits,random,4,21,105,0.0013333333333332975
svc_digits,random,4,22,110,0.0013333333333332975
svc_digits,random,4,23,115,0.0013333333333332975
svc_digits,random,4,24,120,0.0013333333333332975
svc_digits,random,4,25,125,0.0013333333333332975
svc_digits,random,4,26,130,0.0013333333333332975
svc_digits,random,4,27,135,0.0013333333333332975
svc_digits,random,4,28,140,0.0013333333333332975
svc_digits,random,4,29,145,0.0013333333333332975
svc_digits,random,4,30,150,0.0013333333333332975
svc_digits,random,4,31,155,0.0013333333333332975
svc_digits,random,4,32,160,0.0013333333333332975
svc_digits,random,4,33,165,0.0013333333333332975
svc_digits,random,4,34,170,0.0013333333333332975
svc_digits,random,4,35,175,0.0013333333333332975
svc_digits,random,4,36,180,0.0013333333333332975
svc_digits,random,4,37,185,0.0013333333333332975
svc_digits,random,4,38,190,0.0013333333333332975
svc_digits,random,4,39,195,0.0013333333333332975
svc_digits,random,4,40,200,0.0013333333333332975
svc_digits,random,5,1,5,0.7986666666666666
svc_digits,random,5,2,10,0.7986666666666666
svc_digits,random,5,3,15,0.027999999999999914
svc_digits,random,5,4,20,0.027999999999999914
svc_digits,random,5,5,25,0.027999999999999914
svc_digits,random,5,6,30,0.008000000000000007
svc_digits,random,5,7,35,0.0013333333333332975
svc_digits,random,5,8,40,0.0013333333333332975
svc_digits,random,5,9,45,0.0013333333333332975
svc_digits,random,5,10,50,0.0013333333333332975
svc_digits,random,5,11,55,0.0013333333333332975
svc_digits,random,5,12,60,0.0013333333333332975
svc_digits,random,5,13,65,0.0013333333333332975
svc_digits,random,5,14,70,0.0013333333333332975
svc_digits,random,5,15,75,0.0013333333333332975
svc_digits,random,5,16,80,0.0013333333333332975
svc_digits,random,5,17,85,0.0013333333333332975
svc_digits,random,5,18,90,0.0013333333333332975
svc_digits,random,5,19,95,0.0013333333333332975
svc_digits,random,5,20,100,0.0013333333333332975
svc_digits,random,5,21,105,0.0013333333333332975
svc_digits,random,5,22,110,0.0013333333333332975
svc_digits,random,5,23,115,0.0013333333333332975
svc_digits,random,5,24,120,0.0013333333333332975
svc_digits,random,5,25,125,0.0013333333333332975
svc_digits,random,5,26,130,0.0013333333333332975
svc_digits,random,5,27,135,0.0013333333333332975
svc_digits,random,5,28,140,0.0013333333333332975
svc_digits,random,5,29,145,0.0013333333333332975
svc_digits,random,5,30,150,0.0013333333333332975
svc_digits,random,5,31,155,0.0013333333333332975
svc_digits,random,5,32,160,0.0013333333333332975
svc_digits,random,5,33,165,0.0013333333333332975
svc_digits,random,5,34,170,0.0013333333333332975
svc_digits,random,5,35,175,0.0013333333333332975
svc_digits,random,5,36,180,0.0013333333333332975
svc_digits,random,5,37,185,0.0013333333333332975
svc_digits,random,5,38,190,0.00533333333333319
svc_digits,random,5,39,195,0.00533333333333319
svc_digits,random,5,40,200,0.00533333333333319
svc_digits,random,6,1,5,0.6013333333333333
svc_digits,random,6,2,10,0.6013333333333333
svc_digits,random,6,3,15,0.0119999999999999
svc_digits,random,6,4,20,0.0119999999999999
svc_digits,random,6,5,25,0.0119999999999999
svc_digits,random,6,6,30,0.0119999999999999
svc_digits,random,6,7,35,0.0119999999999999
svc_digits,random,6,8,40,0.0119999999999999
svc_digits,random,6,9,45,0.0119999999999999
svc_digits,random,6,10,50,0.00533333333333319
svc_digits,random,6,11,55,0.0013333333333332975
svc_digits,random,6,12,60,0.0013333333333332975
svc_digits,random,6,13,65,0.0013333333333332975
svc_digits,random,6,14,70,0.0013333333333332975
svc_digits,random,6,15,75,0.0013333333333332975
svc_digits,random,6,16,80,0.0013333333333332975
svc_digits,random,6,17,85,0.0013333333333332975
svc_digits,random,6,18,90,0.0013333333333332975
svc_digits,random,6,19,95,0.0013333333333332975
svc_digits,random,6,20,100,0.0013333333333332975
svc_digits,random,6,21,105,0.0013333333333332975
svc_digits,random,6,22,110,0.0013333333333332975
svc_digits,random,6,23,115,0.0013333333333332975
svc_digits,random,6,24,120,0.0013333333333332975
svc_digits,random,6,25,125,0.0013333333333332975
svc_digits,random,6,26,130,0.0013333333333332975
svc_digits,random,6,27,135,0.0013333333333332975
svc_digits,random,6,28,140,0.0013333333333332975
svc_digits,random,6,29,145,0.0013333333333332975
svc_digits,random,6,30,150,0.0013333333333332975
svc_digits,random,6,31,155,0.0013333333333332975
svc_digits,random,6,32,160,0.0013333333333332975
svc_digits,random,6,33,165,0.0013333333333332975
svc_digits,random,6,34,170,0.0013333333333332975
svc_digits,random,6,35,175,0.0013333333333332975
svc_digits,random,6,36,180,0.0013333333333332975
svc_digits,random,6,37,185,0.0013333333333332975
svc_digits,random,6,38,190,0.0013333333333332975
svc_digits,random,6,39,195,0.0013333333333332975
svc_digits,random,6,40,200,0.0013333333333332975
svc_digits,random,7,1,5,0.6013333333333333
svc_digits,random,7,2,10,0.30133333333333323
svc_digits,random,7,3,15,0.0119999999999999
svc_digits,random,7,4,20,0.00533333333333319
svc_digits,random,7,5,25,0.00533333333333319
svc_digits,random,7,6,30,0.00533333333333319
svc_digits,random,7,7,35,0.00533333333333319
svc_digits,random,7,8,40,0.00533333333333319
svc_digits,random,7,9,45,0.00533333333333319
svc_digits,random,7,10,50,0.00533333333333319
svc_digits,random,7,11,55,0.00533333333333319
svc_digits,random,7,12,60,0.00533333333333319
svc_digits,random,7,13,65,0.00533333333333319
svc_digits,random,7,14,70,0.00533333333333319
svc_digits,random,7,15,75,0.00533333333333319
svc_digits,random,7,16,80,0.00533333333333319
svc_digits,random,7,17,85,0.00533333333333319
svc_digits,random,7,18,90,0.00533333333333319
svc_digits,random,7,19,95,0.00533333333333319
svc_digits,random,7,20,100,0.00533333333333319
svc_digits,random,7,21,105,0.00533333333333319
svc_digits,random,7,22,110,0.00533333333333319
svc_digits,random,7,23,115,0.00533333333333319
svc_digits,random,7,24,120,0.00533333333333319
svc_digits,random,7,25,125,0.00533333333333319
svc_digits,random,7,26,130,0.00533333333333319
svc_digits,random,7,27,135,0.00533333333333319
svc_digits,random,7,28,140,0.00533333333333319
svc_digits,random,7,29,145,0.00533333333333319
svc_digits,random,7,30,150,0.00533333333333319
svc_digits,random,7,31,155,0.00533333333333319
svc_digits,random,7,32,160,0.00533333333333319
svc_digits,random,7,33,165,0.0013333333333332975
svc_digits,random,7,34,170,0.0013333333333332975
svc_digits,random,7,35,175,0.0013333333333332975
svc_digits,random,7,36,180,0.0013333333333332975
svc_digits,random,7,37,185,0.0013333333333332975
svc_digits,random,7,38,190,0.0013333333333332975
svc_digits,random,7,39,195,0.0013333333333332975
svc_digits,random,7,40,200,0.0013333333333332975
svc_digits,random,8,1,5,0.00533333333333319
svc_digits,random,8,2,10,0.00533333333333319
svc_digits,random,8,3,15,0.00533333333333319
svc_digits,random,8,4,20,0.00533333333333319
svc_digits,random,8,5,25,0.00533333333333319
svc_digits,random,8,6,30,0.00533333333333319
svc_digits,random,8,7,35,0.00533333333333319
svc_digits,random,8,8,40,0.00533333333333319
svc_digits,random,8,9,45,0.00533333333333319
svc_digits,random,8,10,50,0.00533333333333319
svc_digits,random,8,11,55,0.00533333333333319
svc_digits,random,8,12,60,0.00533333333333319
svc_digits,random,8,13,65,0.00533333333333319
svc_digits,random,8,14,70,0.00533333333333319
svc_digits,random,8,15,75,0.00533333333333319
svc_digits,random,8,16,80,0.00533333333333319
svc_digits,random,8,17,85,0.00533333333333319
svc_digits,random,8,18,90,0.00533333333333319
svc_digits,random,8,19,95,0.00533333333333319
svc_digits,random,8,20,100,0.00533333333333319
svc_digits,random,8,21,105,0.00533333333333319
svc_digits,random,8,22,110,0.00533333333333319
svc_digits,random,8,23,115,0.00533333333333319
svc_digits,random,8,24,120,0.00533333333333319
svc_digits,random,8,25,125,0.00533333333333319
svc_digits,random,8,26,130,0.00533333333333319
svc_digits,random,8,27,135,0.00533333333333319
svc_digits,random,8,28,140,0.00533333333333319
svc_digits,random,8,29,145,0.00533333333333319
svc_digits,random,8,30,150,0.00533333333333319
svc_digits,random,8,31,155,0.00533333333333319
svc_digits,random,8,32,160,0.00533333333333319
svc_digits,random,8,33,165,0.00533333333333319
svc_digits,random,8,34,170,0.00533333333333319
svc_digits,random,8,35,175,0.00533333333333319
svc_digits,random,8,36,180,0.00533333333333319
svc_digits,random,8,37,185,0.00533333333333319
svc_digits,random,8,38,190,0.00533333333333319
svc_digits,random,8,39,195,0.00533333333333319
svc_digits,random,8,40,200,0.00533333333333319
svc_digits,random,9,1,5,0.025333333333333208
svc_digits,random,9,2,10,0.025333333333333208
svc_digits,random,9,3,15,0.0013333333333332975
svc_digits,random,9,4,20,0.0013333333333332975
svc_digits,random,9,5,25,0.0013333333333332975
svc_digits,random,9,6,30,0.0013333333333332975
svc_digits,random,9,7,35,0.0013333333333332975
svc_digits,random,9,8,40,0.0013333333333332975
svc_digits,random,9,9,45,0.0013333333333332975
svc_digits,random,9,10,50,0.0013333333333332975
svc_digits,random,9,11,55,0.0013333333333332975
svc_digits,random,9,12,60,0.0013333333333332975
svc_digits,random,9,13,65,0.0013333333333332975
svc_digits,random,9,14,70,0.0013333333333332975
svc_digits,random,9,15,75,0.0013333333333332975
svc_digits,random,9,16,80,0.0013333333333332975
svc_digits,random,9,17,85,0.0013333333333332975
svc_digits,random,9,18,90,0.0013333333333332975
svc_digits,random,9,19,95,0.0013333333333332975
svc_digits,random,9,20,100,0.0013333333333332975
svc_digits,random,9,21,105,0.0013333333333332975
svc_digits,random,9,22,110,0.0013333333333332975
svc_digits,random,9,23,115,0.0013333333333332975
svc_digits,random,9,24,120,0.00533333333333319
svc_digits,random,9,25,125,0.00533333333333319
svc_digits,random,9,26,130,0.00533333333333319
svc_digits,random,9,27,135,0.00533333333333319
svc_digits,random,9,28,140,0.00533333333333319
svc_digits,random,9,29,145,0.00533333333333319
svc_digits,random,9,30,150,0.00533333333333319
svc_digits,random,9,31,155,0.00533333333333319
svc_digits,random,9,32,160,0.00533333333333319
svc_digits,random,9,33,165,0.00533333333333319
svc_digits,random,9,34,170,0.00533333333333319
svc_digits,random,9,35,175,0.00533333333333319
svc_digits,random,9,36,180,0.00533333333333319
svc_digits,random,9,37,185,0.00533333333333319
svc_digits,random,9,38,190,0.00533333333333319
svc_digits,random,9,39,195,0.00533333333333319
svc_digits,random,9,40,200,0.0
svc_digits,optuna_tpe,0,1,5,0.0013333333333332975
svc_digits,optuna_tpe,0,2,10,0.00533333333333319
svc_digits,optuna_tpe,0,3,15,0.00533333333333319
svc_digits,optuna_tpe,0,4,20,0.00533333333333319
svc_digits,optuna_tpe,0,5,25,0.00533333333333319
svc_digits,optuna_tpe,0,6,30,0.00533333333333319
svc_digits,optuna_tpe,0,7,35,0.00533333333333319
svc_digits,optuna_tpe,0,8,40,0.00533333333333319
svc_digits,optuna_tpe,0,9,45,0.00533333333333319
svc_digits,optuna_tpe,0,10,50,0.00533333333333319
svc_digits,optuna_tpe,0,11,55,0.00533333333333319
svc_digits,optuna_tpe,0,12,60,0.00533333333333319
svc_digits,optuna_tpe,0,13,65,0.00533333333333319
svc_digits,optuna_tpe,0,14,70,0.00533333333333319
svc_digits,optuna_tpe,0,15,75,0.00533333333333319
svc_digits,optuna_tpe,0,16,80,0.00533333333333319
svc_digits,optuna_tpe,0,17,85,0.00533333333333319
svc_digits,optuna_tpe,0,18,90,0.00533333333333319
svc_digits,optuna_tpe,0,19,95,0.00533333333333319
svc_digits,optuna_tpe,0,20,100,0.00533333333333319
svc_digits,optuna_tpe,0,21,105,0.00533333333333319
svc_digits,optuna_tpe,0,22,110,0.00533333333333319
svc_digits,optuna_tpe,0,23,115,0.00533333333333319
svc_digits,optuna_tpe,0,24,120,0.00533333333333319
svc_digits,optuna_tpe,0,25,125,0.00533333333333319
svc_digits,optuna_tpe,0,26,130,0.00533333333333319
svc_digits,optuna_tpe,0,27,135,0.00533333333333319
svc_digits,optuna_tpe,0,28,140,0.00533333333333319
svc_digits,optuna_tpe,0,29,145,0.00533333333333319
svc_digits,optuna_tpe,0,30,150,0.00533333333333319
svc_digits,optuna_tpe,0,31,155,0.00533333333333319
svc_digits,optuna_tpe,0,32,160,0.00533333333333319
svc_digits,optuna_tpe,0,33,165,0.00533333333333319
svc_digits,optuna_tpe,0,34,170,0.00533333333333319
svc_digits,optuna_tpe,0,35,175,0.00533333333333319
svc_digits,optuna_tpe,0,36,180,0.00533333333333319
svc_digits,optuna_tpe,0,37,185,0.00533333333333319
svc_digits,optuna_tpe,0,38,190,0.00533333333333319
svc_digits,optuna_tpe,0,39,195,0.00533333333333319
svc_digits,optuna_tpe,0,40,200,0.00533333333333319
svc_digits,optuna_tpe,1,1,5,0.0013333333333332975
svc_digits,optuna_tpe,1,2,10,0.0013333333333332975
svc_digits,optuna_tpe,1,3,15,0.0013333333333332975
svc_digits,optuna_tpe,1,4,20,0.0013333333333332975
svc_digits,optuna_tpe,1,5,25,0.0013333333333332975
svc_digits,optuna_tpe,1,6,30,0.0013333333333332975
svc_digits,optuna_tpe,1,7,35,0.0013333333333332975
svc_digits,optuna_tpe,1,8,40,0.0013333333333332975
svc_digits,optuna_tpe,1,9,45,0.0013333333333332975
svc_digits,optuna_tpe,1,10,50,0.0013333333333332975
svc_digits,optuna_tpe,1,11,55,0.0013333333333332975
svc_digits,optuna_tpe,1,12,60,0.0013333333333332975
svc_digits,optuna_tpe,1,13,65,0.0013333333333332975
svc_digits,optuna_tpe,1,14,70,0.0013333333333332975
svc_digits,optuna_tpe,1,15,75,0.0013333333333332975
svc_digits,optuna_tpe,1,16,80,0.0013333333333332975
svc_digits,optuna_tpe,1,17,85,0.0013333333333332975
svc_digits,optuna_tpe,1,18,90,0.0013333333333332975
svc_digits,optuna_tpe,1,19,95,0.0013333333333332975
svc_digits,optuna_tpe,1,20,100,0.0013333333333332975
svc_digits,optuna_tpe,1,21,105,0.0013333333333332975
svc_digits,optuna_tpe,1,22,110,0.0013333333333332975
svc_digits,optuna_tpe,1,23,115,0.0013333333333332975
svc_digits,optuna_tpe,1,24,120,0.0013333333333332975
svc_digits,optuna_tpe,1,25,125,0.0013333333333332975
svc_digits,optuna_tpe,1,26,130,0.0013333333333332975
svc_digits,optuna_tpe,1,27,135,0.0013333333333332975
svc_digits,optuna_tpe,1,28,140,0.0013333333333332975
svc_digits,optuna_tpe,1,29,145,0.0013333333333332975
svc_digits,optuna_tpe,1,30,150,0.0013333333333332975
svc_digits,optuna_tpe,1,31,155,0.0013333333333332975
svc_digits,optuna_tpe,1,32,160,0.0013333333333332975
svc_digits,optuna_tpe,1,33,165,0.0013333333333332975
svc_digits,optuna_tpe,1,34,170,0.0013333333333332975
svc_digits,optuna_tpe,1,35,175,0.0013333333333332975
svc_digits,optuna_tpe,1,36,180,0.0013333333333332975
svc_digits,optuna_tpe,1,37,185,0.0013333333333332975
svc_digits,optuna_tpe,1,38,190,0.0013333333333332975
svc_digits,optuna_tpe,1,39,195,0.0013333333333332975
svc_digits,optuna_tpe,1,40,200,0.0013333333333332975
svc_digits,optuna_tpe,2,1,5,0.6013333333333333
svc_digits,optuna_tpe,2,2,10,0.006666666666666599
svc_digits,optuna_tpe,2,3,15,0.006666666666666599
svc_digits,optuna_tpe,2,4,20,0.006666666666666599
svc_digits,optuna_tpe,2,5,25,0.006666666666666599
svc_digits,optuna_tpe,2,6,30,0.00533333333333319
svc_digits,optuna_tpe,2,7,35,0.00533333333333319
svc_digits,optuna_tpe,2,8,40,0.00533333333333319
svc_digits,optuna_tpe,2,9,45,0.00533333333333319
svc_digits,optuna_tpe,2,10,50,0.00533333333333319
svc_digits,optuna_tpe,2,11,55,0.00533333333333319
svc_digits,optuna_tpe,2,12,60,0.00533333333333319
svc_digits,optuna_tpe,2,13,65,0.00533333333333319
svc_digits,optuna_tpe,2,14,70,0.00533333333333319
svc_digits,optuna_tpe,2,15,75,0.00533333333333319
svc_digits,optuna_tpe,2,16,80,0.00533333333333319
svc_digits,optuna_tpe,2,17,85,0.00533333333333319
svc_digits,optuna_tpe,2,18,90,0.00533333333333319
svc_digits,optuna_tpe,2,19,95,0.00533333333333319
svc_digits,optuna_tpe,2,20,100,0.00533333333333319
svc_digits,optuna_tpe,2,21,105,0.00533333333333319
svc_digits,optuna_tpe,2,22,110,0.00533333333333319
svc_digits,optuna_tpe,2,23,115,0.00533333333333319
svc_digits,optuna_tpe,2,24,120,0.00533333333333319
svc_digits,optuna_tpe,2,25,125,0.00533333333333319
svc_digits,optuna_tpe,2,26,130,0.00533333333333319
svc_digits,optuna_tpe,2,27,135,0.00533333333333319
svc_digits,optuna_tpe,2,28,140,0.00533333333333319
svc_digits,optuna_tpe,2,29,145,0.00533333333333319
svc_digits,optuna_tpe,2,30,150,0.00533333333333319
svc_digits,optuna_tpe,2,31,155,0.00533333333333319
svc_digits,optuna_tpe,2,32,160,0.00533333333333319
svc_digits,optuna_tpe,2,33,165,0.00533333333333319
svc_digits,optuna_tpe,2,34,170,0.00533333333333319
svc_digits,optuna_tpe,2,35,175,0.00533333333333319
svc_digits,optuna_tpe,2,36,180,0.00533333333333319
svc_digits,optuna_tpe,2,37,185,0.00533333333333319
svc_digits,optuna_tpe,2,38,190,0.00533333333333319
svc_digits,optuna_tpe,2,39,195,0.00533333333333319
svc_digits,optuna_tpe,2,40,200,0.00533333333333319
svc_digits,optuna_tpe,3,1,5,0.0013333333333332975
svc_digits,optuna_tpe,3,2,10,0.0013333333333332975
svc_digits,optuna_tpe,3,3,15,0.0013333333333332975
svc_digits,optuna_tpe,3,4,20,0.0013333333333332975
svc_digits,optuna_tpe,3,5,25,0.0013333333333332975
svc_digits,optuna_tpe,3,6,30,0.0013333333333332975
svc_digits,optuna_tpe,3,7,35,0.0013333333333332975
svc_digits,optuna_tpe,3,8,40,0.0013333333333332975
svc_digits,optuna_tpe,3,9,45,0.0013333333333332975
svc_digits,optuna_tpe,3,10,50,0.0013333333333332975
svc_digits,optuna_tpe,3,11,55,0.0013333333333332975
svc_digits,optuna_tpe,3,12,60,0.0013333333333332975
svc_digits,optuna_tpe,3,13,65,0.0013333333333332975
svc_digits,optuna_tpe,3,14,70,0.0013333333333332975
svc_digits,optuna_tpe,3,15,75,0.0013333333333332975
svc_digits,optuna_tpe,3,16,80,0.0013333333333332975
svc_digits,optuna_tpe,3,17,85,0.0013333333333332975
svc_digits,optuna_tpe,3,18,90,0.0013333333333332975
svc_digits,optuna_tpe,3,19,95,0.0013333333333332975
svc_digits,optuna_tpe,3,20,100,0.0013333333333332975
svc_digits,optuna_tpe,3,21,105,0.0013333333333332975
svc_digits,optuna_tpe,3,22,110,0.0013333333333332975
svc_digits,optuna_tpe,3,23,115,0.0
svc_digits,optuna_tpe,3,24,120,0.0
svc_digits,optuna_tpe,3,25,125,0.0
svc_digits,optuna_tpe,3,26,130,0.0
svc_digits,optuna_tpe,3,27,135,0.0
svc_digits,optuna_tpe,3,28,140,0.0
svc_digits,optuna_tpe,3,29,145,0.0
svc_digits,optuna_tpe,3,30,150,0.0
svc_digits,optuna_tpe,3,31,155,0.0
svc_digits,optuna_tpe,3,32,160,0.0
svc_digits,optuna_tpe,3,33,165,0.0
svc_digits,optuna_tpe,3,34,170,0.0
svc_digits,optuna_tpe,3,35,175,0.0
svc_digits,optuna_tpe,3,36,180,0.0
svc_digits,optuna_tpe,3,37,185,0.0
svc_digits,optuna_tpe,3,38,190,0.0
svc_digits,optuna_tpe,3,39,195,0.0
svc_digits,optuna_tpe,3,40,200,0.0
svc_digits,optuna_tpe,4,1,5,0.00533333333333319
svc_digits,optuna_tpe,4,2,10,0.0013333333333332975
svc_digits,optuna_tpe,4,3,15,0.0013333333333332975
svc_digits,optuna_tpe,4,4,20,0.0013333333333332975
svc_digits,optuna_tpe,4,5,25,0.0013333333333332975
svc_digits,optuna_tpe,4,6,30,0.0013333333333332975
svc_digits,optuna_tpe,4,7,35,0.0013333333333332975
svc_digits,optuna_tpe,4,8,40,0.0013333333333332975
svc_digits,optuna_tpe,4,9,45,0.0013333333333332975
svc_digits,optuna_tpe,4,10,50,0.0013333333333332975
svc_digits,optuna_tpe,4,11,55,0.0013333333333332975
svc_digits,optuna_tpe,4,12,60,0.0013333333333332975
svc_digits,optuna_tpe,4,13,65,0.0013333333333332975
svc_digits,optuna_tpe,4,14,70,0.0013333333333332975
svc_digits,optuna_tpe,4,15,75,0.0013333333333332975
svc_digits,optuna_tpe,4,16,80,0.0013333333333332975
svc_digits,optuna_tpe,4,17,85,0.0013333333333332975
svc_digits,optuna_tpe,4,18,90,0.0013333333333332975
svc_digits,optuna_tpe,4,19,95,0.0013333333333332975
svc_digits,optuna_tpe,4,20,100,0.0013333333333332975
svc_digits,optuna_tpe,4,21,105,0.0013333333333332975
svc_digits,optuna_tpe,4,22,110,0.0013333333333332975
svc_digits,optuna_tpe,4,23,115,0.0013333333333332975
svc_digits,optuna_tpe,4,24,120,0.0013333333333332975
svc_digits,optuna_tpe,4,25,125,0.0013333333333332975
svc_digits,optuna_tpe,4,26,130,0.0013333333333332975
svc_digits,optuna_tpe,4,27,135,0.0013333333333332975
svc_digits,optuna_tpe,4,28,140,0.0013333333333332975
svc_digits,optuna_tpe,4,29,145,0.0013333333333332975
svc_digits,optuna_tpe,4,30,150,0.0013333333333332975
svc_digits,optuna_tpe,4,31,155,0.0013333333333332975
svc_digits,optuna_tpe,4,32,160,0.0013333333333332975
svc_digits,optuna_tpe,4,33,165,0.0013333333333332975
svc_digits,optuna_tpe,4,34,170,0.0013333333333332975
svc_digits,optuna_tpe,4,35,175,0.0013333333333332975
svc_digits,optuna_tpe,4,36,180,0.0013333333333332975
svc_digits,optuna_tpe,4,37,185,0.0013333333333332975
svc_digits,optuna_tpe,4,38,190,0.0013333333333332975
svc_digits,optuna_tpe,4,39,195,0.0013333333333332975
svc_digits,optuna_tpe,4,40,200,0.0013333333333332975
svc_digits,optuna_tpe,5,1,5,0.7893333333333332
svc_digits,optuna_tpe,5,2,10,0.7893333333333332
svc_digits,optuna_tpe,5,3,15,0.0
svc_digits,optuna_tpe,5,4,20,0.0
svc_digits,optuna_tpe,5,5,25,0.0
svc_digits,optuna_tpe,5,6,30,0.0
svc_digits,optuna_tpe,5,7,35,0.0
svc_digits,optuna_tpe,5,8,40,0.0
svc_digits,optuna_tpe,5,9,45,0.0
svc_digits,optuna_tpe,5,10,50,0.0
svc_digits,optuna_tpe,5,11,55,0.0
svc_digits,optuna_tpe,5,12,60,0.0
svc_digits,optuna_tpe,5,13,65,0.0
svc_digits,optuna_tpe,5,14,70,0.0
svc_digits,optuna_tpe,5,15,75,0.0
svc_digits,optuna_tpe,5,16,80,0.0
svc_digits,optuna_tpe,5,17,85,0.0
svc_digits,optuna_tpe,5,18,90,0.0
svc_digits,optuna_tpe,5,19,95,0.0
svc_digits,optuna_tpe,5,20,100,0.0
svc_digits,optuna_tpe,5,21,105,0.0
svc_digits,optuna_tpe,5,22,110,0.0
svc_digits,optuna_tpe,5,23,115,0.0
svc_digits,optuna_tpe,5,24,120,0.0
svc_digits,optuna_tpe,5,25,125,0.0
svc_digits,optuna_tpe,5,26,130,0.0
svc_digits,optuna_tpe,5,27,135,0.0
svc_digits,optuna_tpe,5,28,140,0.0
svc_digits,optuna_tpe,5,29,145,0.0
svc_digits,optuna_tpe,5,30,150,0.0
svc_digits,optuna_tpe,5,31,155,0.0
svc_digits,optuna_tpe,5,32,160,0.0
svc_digits,optuna_tpe,5,33,165,0.0
svc_digits,optuna_tpe,5,34,170,0.0
svc_digits,optuna_tpe,5,35,175,0.0
svc_digits,optuna_tpe,5,36,180,0.0
svc_digits,optuna_tpe,5,37,185,0.0
svc_digits,optuna_tpe,5,38,190,0.0
svc_digits,optuna_tpe,5,39,195,0.0
svc_digits,optuna_tpe,5,40,200,0.0
svc_digits,optuna_tpe,6,1,5,0.0119999999999999
svc_digits,optuna_tpe,6,2,10,0.0119999999999999
svc_digits,optuna_tpe,6,3,15,0.0119999999999999
svc_digits,optuna_tpe,6,4,20,0.0119999999999999
svc_digits,optuna_tpe,6,5,25,0.0119999999999999
svc_digits,optuna_tpe,6,6,30,0.0119999999999999
svc_digits,optuna_tpe,6,7,35,0.0
svc_digits,optuna_tpe,6,8,40,0.0
svc_digits,optuna_tpe,6,9,45,0.0
svc_digits,optuna_tpe,6,10,50,0.0
svc_digits,optuna_tpe,6,11,55,0.0
svc_digits,optuna_tpe,6,12,60,0.0
svc_digits,optuna_tpe,6,13,65,0.0
svc_digits,optuna_tpe,6,14,70,0.0
svc_digits,optuna_tpe,6,15,75,0.0
svc_digits,optuna_tpe,6,16,80,0.0
svc_digits,optuna_tpe,6,17,85,0.0
svc_digits,optuna_tpe,6,18,90,0.0
svc_digits,optuna_tpe,6,19,95,0.0
svc_digits,optuna_tpe,6,20,100,0.0
svc_digits,optuna_tpe,6,21,105,0.0
svc_digits,optuna_tpe,6,22,110,0.0
svc_digits,optuna_tpe,6,23,115,0.0
svc_digits,optuna_tpe,6,24,120,0.0
svc_digits,optuna_tpe,6,25,125,0.0
svc_digits,optuna_tpe,6,26,130,0.0
svc_digits,optuna_tpe,6,27,135,0.0
svc_digits,optuna_tpe,6,28,140,0.0
svc_digits,optuna_tpe,6,29,145,0.0
svc_digits,optuna_tpe,6,30,150,0.0
svc_digits,optuna_tpe,6,31,155,0.0
svc_digits,optuna_tpe,6,32,160,0.0
svc_digits,optuna_tpe,6,33,165,0.0
svc_digits,optuna_tpe,6,34,170,0.0
svc_digits,optuna_tpe,6,35,175,0.0
svc_digits,optuna_tpe,6,36,180,0.0
svc_digits,optuna_tpe,6,37,185,0.0
svc_digits,optuna_tpe,6,38,190,0.0
svc_digits,optuna_tpe,6,39,195,0.0
svc_digits,optuna_tpe,6,40,200,0.0
svc_digits,optuna_tpe,7,1,5,0.6346666666666665
svc_digits,optuna_tpe,7,2,10,0.0013333333333332975
svc_digits,optuna_tpe,7,3,15,0.0013333333333332975
svc_digits,optuna_tpe,7,4,20,0.0013333333333332975
svc_digits,optuna_tpe,7,5,25,0.0013333333333332975
svc_digits,optuna_tpe,7,6,30,0.0013333333333332975
svc_digits,optuna_tpe,7,7,35,0.0013333333333332975
svc_digits,optuna_tpe,7,8,40,0.0013333333333332975
svc_digits,optuna_tpe,7,9,45,0.0013333333333332975
svc_digits,optuna_tpe,7,10,50,0.0013333333333332975
svc_digits,optuna_tpe,7,11,55,0.0013333333333332975
svc_digits,optuna_tpe,7,12,60,0.0013333333333332975
svc_digits,optuna_tpe,7,13,65,0.0013333333333332975
svc_digits,optuna_tpe,7,14,70,0.0013333333333332975
svc_digits,optuna_tpe,7,15,75,0.0013333333333332975
svc_digits,optuna_tpe,7,16,80,0.0013333333333332975
svc_digits,optuna_tpe,7,17,85,0.0013333333333332975
svc_digits,optuna_tpe,7,18,90,0.0013333333333332975
svc_digits,optuna_tpe,7,19,95,0.0013333333333332975
svc_digits,optuna_tpe,7,20,100,0.0013333333333332975
svc_digits,optuna_tpe,7,21,105,0.0013333333333332975
svc_digits,optuna_tpe,7,22,110,0.0013333333333332975
svc_digits,optuna_tpe,7,23,115,0.0013333333333332975
svc_digits,optuna_tpe,7,24,120,0.0013333333333332975
svc_digits,optuna_tpe,7,25,125,0.0013333333333332975
svc_digits,optuna_tpe,7,26,130,0.0013333333333332975
svc_digits,optuna_tpe,7,27,135,0.0013333333333332975
svc_digits,optuna_tpe,7,28,140,0.0013333333333332975
svc_digits,optuna_tpe,7,29,145,0.0013333333333332975
svc_digits,optuna_tpe,7,30,150,0.0013333333333332975
svc_digits,optuna_tpe,7,31,155,0.0013333333333332975
svc_digits,optuna_tpe,7,32,160,0.0013333333333332975
svc_digits,optuna_tpe,7,33,165,0.0013333333333332975
svc_digits,optuna_tpe,7,34,170,0.0013333333333332975
svc_digits,optuna_tpe,7,35,175,0.0013333333333332975
svc_digits,optuna_tpe,7,36,180,0.0013333333333332975
svc_digits,optuna_tpe,7,37,185,0.0013333333333332975
svc_digits,optuna_tpe,7,38,190,0.0013333333333332975
svc_digits,optuna_tpe,7,39,195,0.0013333333333332975
svc_digits,optuna_tpe,7,40,200,0.0013333333333332975
svc_digits,optuna_tpe,8,1,5,0.7986666666666666
svc_digits,optuna_tpe,8,2,10,0.00533333333333319
svc_digits,optuna_tpe,8,3,15,0.00533333333333319
svc_digits,optuna_tpe,8,4,20,0.00533333333333319
svc_digits,optuna_tpe,8,5,25,0.006666666666666599
svc_digits,optuna_tpe,8,6,30,0.006666666666666599
svc_digits,optuna_tpe,8,7,35,0.0013333333333332975
svc_digits,optuna_tpe,8,8,40,0.0013333333333332975
svc_digits,optuna_tpe,8,9,45,0.0013333333333332975
svc_digits,optuna_tpe,8,10,50,0.0013333333333332975
svc_digits,optuna_tpe,8,11,55,0.0013333333333332975
svc_digits,optuna_tpe,8,12,60,0.0013333333333332975
svc_digits,optuna_tpe,8,13,65,0.0013333333333332975
svc_digits,optuna_tpe,8,14,70,0.0013333333333332975
svc_digits,optuna_tpe,8,15,75,0.0013333333333332975
svc_digits,optuna_tpe,8,16,80,0.0013333333333332975
svc_digits,optuna_tpe,8,17,85,0.0013333333333332975
svc_digits,optuna_tpe,8,18,90,0.00533333333333319
svc_digits,optuna_tpe,8,19,95,0.00533333333333319
svc_digits,optuna_tpe,8,20,100,0.00533333333333319
svc_digits,optuna_tpe,8,21,105,0.00533333333333319
svc_digits,optuna_tpe,8,22,110,0.00533333333333319
svc_digits,optuna_tpe,8,23,115,0.00533333333333319
svc_digits,optuna_tpe,8,24,120,0.00533333333333319
svc_digits,optuna_tpe,8,25,125,0.00533333333333319
svc_digits,optuna_tpe,8,26,130,0.00533333333333319
svc_digits,optuna_tpe,8,27,135,0.00533333333333319
svc_digits,optuna_tpe,8,28,140,0.00533333333333319
svc_digits,optuna_tpe,8,29,145,0.00533333333333319
svc_digits,optuna_tpe,8,30,150,0.00533333333333319
svc_digits,optuna_tpe,8,31,155,0.00533333333333319
svc_digits,optuna_tpe,8,32,160,0.00533333333333319
svc_digits,optuna_tpe,8,33,165,0.00533333333333319
svc_digits,optuna_tpe,8,34,170,0.00533333333333319
svc_digits,optuna_tpe,8,35,175,0.00533333333333319
svc_digits,optuna_tpe,8,36,180,0.00533333333333319
svc_digits,optuna_tpe,8,37,185,0.00533333333333319
svc_digits,optuna_tpe,8,38,190,0.00533333333333319
svc_digits,optuna_tpe,8,39,195,0.00533333333333319
svc_digits,optuna_tpe,8,40,200,0.00533333333333319
svc_digits,optuna_tpe,9,1,5,0.5973333333333333
svc_digits,optuna_tpe,9,2,10,0.5973333333333333
svc_digits,optuna_tpe,9,3,15,0.5973333333333333
svc_digits,optuna_tpe,9,4,20,0.5973333333333333
svc_digits,optuna_tpe,9,5,25,0.5973333333333333
svc_digits,optuna_tpe,9,6,30,0.5973333333333333
svc_digits,optuna_tpe,9,7,35,0.008000000000000007
svc_digits,optuna_tpe,9,8,40,0.00533333333333319
svc_digits,optuna_tpe,9,9,45,0.00533333333333319
svc_digits,optuna_tpe,9,10,50,0.00533333333333319
svc_digits,optuna_tpe,9,11,55,0.00533333333333319
svc_digits,optuna_tpe,9,12,60,0.00533333333333319
svc_digits,optuna_tpe,9,13,65,0.00533333333333319
svc_digits,optuna_tpe,9,14,70,0.00533333333333319
svc_digits,optuna_tpe,9,15,75,0.00533333333333319
svc_digits,optuna_tpe,9,16,80,0.00533333333333319
svc_digits,optuna_tpe,9,17,85,0.00533333333333319
svc_digits,optuna_tpe,9,18,90,0.00533333333333319
svc_digits,optuna_tpe,9,19,95,0.00533333333333319
svc_digits,optuna_tpe,9,20,100,0.00533333333333319
svc_digits,optuna_tpe,9,21,105,0.00533333333333319
svc_digits,optuna_tpe,9,22,110,0.00533333333333319
svc_digits,optuna_tpe,9,23,115,0.00533333333333319
svc_digits,optuna_tpe,9,24,120,0.00533333333333319
svc_digits,optuna_tpe,9,25,125,0.00533333333333319
svc_digits,optuna_tpe,9,26,130,0.00533333333333319
svc_digits,optuna_tpe,9,27,135,0.00533333333333319
svc_digits,optuna_tpe,9,28,140,0.00533333333333319
svc_digits,optuna_tpe,9,29,145,0.00533333333333319
svc_digits,optuna_tpe,9,30,150,0.00533333333333319
svc_digits,optuna_tpe,9,31,155,0.00533333333333319
svc_digits,optuna_tpe,9,32,160,0.00533333333333319
svc_digits,optuna_tpe,9,33,165,0.00533333333333319
svc_digits,optuna_tpe,9,34,170,0.00533333333333319
svc_digits,optuna_tpe,9,35,175,0.00533333333333319
svc_digits,optuna_tpe,9,36,180,0.0
svc_digits,optuna_tpe,9,37,185,0.0
svc_digits,optuna_tpe,9,38,190,0.0
svc_digits,optuna_tpe,9,39,195,0.0
svc_digits,optuna_tpe,9,40,200,0.0
tree_cancer,ags_default,0,1,5,0.011709986320109556
tree_cancer,ags_default,0,2,10,0.011709986320109556
tree_cancer,ags_default,0,3,15,0.011709986320109556
tree_cancer,ags_default,0,4,20,0.011709986320109556
tree_cancer,ags_default,0,5,25,0.009357045143638998
tree_cancer,ags_default,0,6,30,0.009357045143638998
tree_cancer,ags_default,0,7,35,0.009357045143638998
tree_cancer,ags_default,0,8,40,0.009357045143638998
tree_cancer,ags_default,0,9,45,0.009357045143638998
tree_cancer,ags_default,0,10,50,0.009357045143638998
tree_cancer,ags_default,0,11,55,0.009357045143638998
tree_cancer,ags_default,0,12,60,0.009357045143638998
tree_cancer,ags_default,0,13,65,0.011709986320109556
tree_cancer,ags_default,0,14,70,0.011709986320109556
tree_cancer,ags_default,0,15,75,0.011709986320109556
tree_cancer,ags_default,0,16,80,0.011709986320109556
tree_cancer,ags_default,0,17,85,0.011709986320109556
tree_cancer,ags_default,0,18,90,0.011709986320109556
tree_cancer,ags_default,1,1,5,0.009357045143638998
tree_cancer,ags_default,1,2,10,0.009357045143638998
tree_cancer,ags_default,1,3,15,0.009357045143638998
tree_cancer,ags_default,1,4,20,0.009357045143638998
tree_cancer,ags_default,1,5,25,0.009357045143638998
tree_cancer,ags_default,1,6,30,0.009357045143638998
tree_cancer,ags_default,1,7,35,0.009357045143638998
tree_cancer,ags_default,1,8,40,0.009357045143638998
tree_cancer,ags_default,1,9,45,0.009357045143638998
tree_cancer,ags_default,1,10,50,0.009357045143638998
tree_cancer,ags_default,1,11,55,0.009357045143638998
tree_cancer,ags_default,1,12,60,0.009357045143638998
tree_cancer,ags_default,1,13,65,0.009357045143638998
tree_cancer,ags_default,2,1,5,0.0469493844049248
tree_cancer,ags_default,2,2,10,0.02103967168262666
tree_cancer,ags_default,2,3,15,0.009411764705882453
tree_cancer,ags_default,2,4,20,0.0
tree_cancer,ags_default,2,5,25,0.0
tree_cancer,ags_default,2,6,30,0.0
tree_cancer,ags_default,2,7,35,0.0
tree_cancer,ags_default,2,8,40,0.0
tree_cancer,ags_default,2,9,45,0.0
tree_cancer,ags_default,2,10,50,0.0
tree_cancer,ags_default,2,11,55,0.0
tree_cancer,ags_default,2,12,60,0.0
tree_cancer,ags_default,2,13,65,0.0
tree_cancer,ags_default,3,1,5,0.014062927496580113
tree_cancer,ags_default,3,2,10,0.014062927496580113
tree_cancer,ags_default,3,3,15,0.014062927496580113
tree_cancer,ags_default,3,4,20,0.014062927496580113
tree_cancer,ags_default,3,5,25,0.014062927496580113
tree_cancer,ags_default,3,6,30,0.014062927496580113
tree_cancer,ags_default,3,7,35,0.014062927496580113
tree_cancer,ags_default,3,8,40,0.004705882352941337
tree_cancer,ags_default,3,9,45,0.004705882352941337
tree_cancer,ags_default,3,10,50,0.004705882352941337
tree_cancer,ags_default,3,11,55,0.004705882352941337
tree_cancer,ags_default,3,12,60,0.004705882352941337
tree_cancer,ags_default,3,13,65,0.004705882352941337
tree_cancer,ags_default,4,1,5,0.011682626538987773
tree_cancer,ags_default,4,2,10,0.011682626538987773
tree_cancer,ags_default,4,3,15,0.011682626538987773
tree_cancer,ags_default,4,4,20,0.011682626538987773
tree_cancer,ags_default,4,5,25,0.011682626538987773
tree_cancer,ags_default,4,6,30,0.011682626538987773
tree_cancer,ags_default,4,7,35,0.011682626538987773
tree_cancer,ags_default,4,8,40,0.011682626538987773
tree_cancer,ags_default,4,9,45,0.014062927496580113
tree_cancer,ags_default,4,10,50,0.014062927496580113
tree_cancer,ags_default,4,11,55,0.014062927496580113
tree_cancer,ags_default,4,12,60,0.014062927496580113
tree_cancer,ags_default,4,13,65,0.007086183310533567
tree_cancer,ags_default,4,14,70,0.007086183310533567
tree_cancer,ags_default,4,15,75,0.007086183310533567
tree_cancer,ags_default,4,16,80,0.007086183310533567
tree_cancer,ags_default,4,17,85,0.007086183310533567
tree_cancer,ags_default,4,18,90,0.007086183310533567
tree_cancer,ags_default,5,1,5,0.007058823529411895
tree_cancer,ags_default,5,2,10,0.007058823529411895
tree_cancer,ags_default,5,3,15,0.007058823529411895
tree_cancer,ags_default,5,4,20,0.007058823529411895
tree_cancer,ags_default,5,5,25,0.007058823529411895
tree_cancer,ags_default,5,6,30,0.007058823529411895
tree_cancer,ags_default,5,7,35,0.007058823529411895
tree_cancer,ags_default,5,8,40,0.007058823529411895
tree_cancer,ags_default,5,9,45,0.007058823529411895
tree_cancer,ags_default,5,10,50,0.007058823529411895
tree_cancer,ags_default,5,11,55,0.007058823529411895
tree_cancer,ags_default,5,12,60,0.007058823529411895
tree_cancer,ags_default,5,13,65,0.007058823529411895
tree_cancer,ags_default,6,1,5,0.0023529411764706687
tree_cancer,ags_default,6,2,10,0.0023529411764706687
tree_cancer,ags_default,6,3,15,0.0023529411764706687
tree_cancer,ags_default,6,4,20,0.0023529411764706687
tree_cancer,ags_default,6,5,25,0.0023529411764706687
tree_cancer,ags_default,6,6,30,0.023392612859097217
tree_cancer,ags_default,6,7,35,0.023392612859097217
tree_cancer,ags_default,6,8,40,0.023392612859097217
tree_cancer,ags_default,6,9,45,0.023392612859097217
tree_cancer,ags_default,6,10,48,0.023392612859097217
tree_cancer,ags_default,6,11,53,0.023392612859097217
tree_cancer,ags_default,6,12,58,0.023392612859097217
tree_cancer,ags_default,6,13,63,0.023392612859097217
tree_cancer,ags_default,7,1,5,0.018768809849521118
tree_cancer,ags_default,7,2,10,0.009411764705882453
tree_cancer,ags_default,7,3,15,0.009411764705882453
tree_cancer,ags_default,7,4,20,0.009411764705882453
tree_cancer,ags_default,7,5,25,0.009411764705882453
tree_cancer,ags_default,7,6,30,0.009411764705882453
tree_cancer,ags_default,7,7,35,0.009411764705882453
tree_cancer,ags_default,7,8,40,0.009411764705882453
tree_cancer,ags_default,7,9,45,0.014062927496580113
tree_cancer,ags_default,7,10,50,0.014062927496580113
tree_cancer,ags_default,7,11,55,0.014062927496580113
tree_cancer,ags_default,7,12,60,0.014062927496580113
tree_cancer,ags_default,7,13,65,0.014062927496580113
tree_cancer,ags_default,7,14,69,0.014062927496580113
tree_cancer,ags_default,8,1,5,0.025772913816689558
tree_cancer,ags_default,8,2,10,0.025772913816689558
tree_cancer,ags_default,8,3,15,0.025772913816689558
tree_cancer,ags_default,8,4,20,0.014062927496580113
tree_cancer,ags_default,8,5,25,0.014062927496580113
tree_cancer,ags_default,8,6,30,0.014062927496580113
tree_cancer,ags_default,8,7,35,0.0023529411764706687
tree_cancer,ags_default,8,8,40,0.0023529411764706687
tree_cancer,ags_default,8,9,45,0.0023529411764706687
tree_cancer,ags_default,8,10,50,0.0023529411764706687
tree_cancer,ags_default,8,11,55,0.0023529411764706687
tree_cancer,ags_default,8,12,60,0.0023529411764706687
tree_cancer,ags_default,8,13,65,0.0023529411764706687
tree_cancer,ags_default,9,1,5,0.011709986320109556
tree_cancer,ags_default,9,2,10,0.018768809849521118
tree_cancer,ags_default,9,3,15,0.018768809849521118
tree_cancer,ags_default,9,4,20,0.018768809849521118
tree_cancer,ags_default,9,5,25,0.018768809849521118
tree_cancer,ags_default,9,6,30,0.018768809849521118
tree_cancer,ags_default,9,7,35,0.018768809849521118
tree_cancer,ags_default,9,8,40,0.018768809849521118
tree_cancer,ags_default,9,9,45,0.018768809849521118
tree_cancer,ags_default,9,10,48,0.018768809849521118
tree_cancer,ags_default,9,11,53,0.018768809849521118
tree_cancer,ags_default,9,12,58,0.018768809849521118
tree_cancer,ags_default,9,13,63,0.018768809849521118
tree_cancer,ags_no_early_stop,0,1,5,0.011709986320109556
tree_cancer,ags_no_early_stop,0,2,10,0.011709986320109556
tree_cancer,ags_no_early_stop,0,3,15,0.011709986320109556
tree_cancer,ags_no_early_stop,0,4,20,0.011709986320109556
tree_cancer,ags_no_early_stop,0,5,25,0.009357045143638998
tree_cancer,ags_no_early_stop,0,6,30,0.009357045143638998
tree_cancer,ags_no_early_stop,0,7,35,0.009357045143638998
tree_cancer,ags_no_early_stop,0,8,40,0.009357045143638998
tree_cancer,ags_no_early_stop,0,9,45,0.009357045143638998
tree_cancer,ags_no_early_stop,0,10,50,0.009357045143638998
tree_cancer,ags_no_early_stop,0,11,55,0.009357045143638998
tree_cancer,ags_no_early_stop,0,12,60,0.009357045143638998
tree_cancer,ags_no_early_stop,0,13,65,0.011709986320109556
tree_cancer,ags_no_early_stop,0,14,70,0.011709986320109556
tree_cancer,ags_no_early_stop,0,15,75,0.011709986320109556
tree_cancer,ags_no_early_stop,0,16,80,0.011709986320109556
tree_cancer,ags_no_early_stop,0,17,85,0.011709986320109556
tree_cancer,ags_no_early_stop,0,18,90,0.011709986320109556
tree_cancer,ags_no_early_stop,0,19,95,0.011737346101231338
tree_cancer,ags_no_early_stop,0,20,100,0.011737346101231338
tree_cancer,ags_no_early_stop,0,21,105,0.011737346101231338
tree_cancer,ags_no_early_stop,0,22,110,0.011737346101231338
tree_cancer,ags_no_early_stop,0,23,115,0.011737346101231338
tree_cancer,ags_no_early_stop,0,24,120,0.011737346101231338
tree_cancer,ags_no_early_stop,0,25,125,0.011737346101231338
tree_cancer,ags_no_early_stop,0,26,129,0.011737346101231338
tree_cancer,ags_no_early_stop,0,27,134,0.011737346101231338
tree_cancer,ags_no_early_stop,0,28,139,0.011737346101231338
tree_cancer,ags_no_early_stop,0,29,144,0.011737346101231338
tree_cancer,ags_no_early_stop,0,30,149,0.011737346101231338
tree_cancer,ags_no_early_stop,0,31,154,0.011737346101231338
tree_cancer,ags_no_early_stop,0,32,159,0.011737346101231338
tree_cancer,ags_no_early_stop,0,33,164,0.011737346101231338
tree_cancer,ags_no_early_stop,0,34,169,0.011737346101231338
tree_cancer,ags_no_early_stop,0,35,174,0.011737346101231338
tree_cancer,ags_no_early_stop,0,36,179,0.011737346101231338
tree_cancer,ags_no_early_stop,0,37,184,0.011737346101231338
tree_cancer,ags_no_early_stop,0,38,189,0.011737346101231338
tree_cancer,ags_no_early_stop,0,39,194,0.011737346101231338
tree_cancer,ags_no_early_stop,0,40,199,0.011737346101231338
tree_cancer,ags_no_early_stop,0,41,204,0.011737346101231338
tree_cancer,ags_no_early_stop,0,42,209,0.011737346101231338
tree_cancer,ags_no_early_stop,0,43,214,0.011737346101231338
tree_cancer,ags_no_early_stop,0,44,219,0.011737346101231338
tree_cancer,ags_no_early_stop,0,45,224,0.011737346101231338
tree_cancer,ags_no_early_stop,0,46,228,0.011737346101231338
tree_cancer,ags_no_early_stop,0,47,232,0.011737346101231338
tree_cancer,ags_no_early_stop,0,48,234,0.011737346101231338
tree_cancer,ags_no_early_stop,0,49,239,0.011737346101231338
tree_cancer,ags_no_early_stop,0,50,243,0.011737346101231338
tree_cancer,ags_no_early_stop,0,51,248,0.011737346101231338
tree_cancer,ags_no_early_stop,0,52,253,0.011737346101231338
tree_cancer,ags_no_early_stop,0,53,257,0.011737346101231338
tree_cancer,ags_no_early_stop,0,54,262,0.011737346101231338
tree_cancer,ags_no_early_stop,0,55,267,0.011737346101231338
tree_cancer,ags_no_early_stop,0,56,272,0.011737346101231338
tree_cancer,ags_no_early_stop,0,57,277,0.011737346101231338
tree_cancer,ags_no_early_stop,0,58,282,0.011737346101231338
tree_cancer,ags_no_early_stop,0,59,287,0.011737346101231338
tree_cancer,ags_no_early_stop,0,60,292,0.011737346101231338
tree_cancer,ags_no_early_stop,1,1,5,0.009357045143638998
tree_cancer,ags_no_early_stop,1,2,10,0.009357045143638998
tree_cancer,ags_no_early_stop,1,3,15,0.009357045143638998
tree_cancer,ags_no_early_stop,1,4,20,0.009357045143638998
tree_cancer,ags_no_early_stop,1,5,25,0.009357045143638998
tree_cancer,ags_no_early_stop,1,6,30,0.009357045143638998
tree_cancer,ags_no_early_stop,1,7,35,0.009357045143638998
tree_cancer,ags_no_early_stop,1,8,40,0.009357045143638998
tree_cancer,ags_no_early_stop,1,9,45,0.009357045143638998
tree_cancer,ags_no_early_stop,1,10,50,0.009357045143638998
tree_cancer,ags_no_early_stop,1,11,55,0.009357045143638998
tree_cancer,ags_no_early_stop,1,12,60,0.009357045143638998
tree_cancer,ags_no_early_stop,1,13,65,0.009357045143638998
tree_cancer,ags_no_early_stop,1,14,70,0.0023529411764706687
tree_cancer,ags_no_early_stop,1,15,75,0.007086183310533567
tree_cancer,ags_no_early_stop,1,16,80,0.007086183310533567
tree_cancer,ags_no_early_stop,1,17,85,0.007086183310533567
tree_cancer,ags_no_early_stop,1,18,90,0.007086183310533567
tree_cancer,ags_no_early_stop,1,19,95,0.007086183310533567
tree_cancer,ags_no_early_stop,1,20,100,0.007086183310533567
tree_cancer,ags_no_early_stop,1,21,105,0.007086183310533567
tree_cancer,ags_no_early_stop,1,22,110,0.007086183310533567
tree_cancer,ags_no_early_stop,1,23,115,0.007086183310533567
tree_cancer,ags_no_early_stop,1,24,120,0.007086183310533567
tree_cancer,ags_no_early_stop,1,25,125,0.007086183310533567
tree_cancer,ags_no_early_stop,1,26,130,0.007086183310533567
tree_cancer,ags_no_early_stop,1,27,135,0.007086183310533567
tree_cancer,ags_no_early_stop,1,28,137,0.0023803009575924516
tree_cancer,ags_no_early_stop,1,29,139,0.0023803009575924516
tree_cancer,ags_no_early_stop,1,30,144,0.0023803009575924516
tree_cancer,ags_no_early_stop,1,31,146,0.0023803009575924516
tree_cancer,ags_no_early_stop,1,32,148,0.0023803009575924516
tree_cancer,ags_no_early_stop,1,33,150,0.0023803009575924516
tree_cancer,ags_no_early_stop,1,34,152,0.0023803009575924516
tree_cancer,ags_no_early_stop,1,35,157,0.0023803009575924516
tree_cancer,ags_no_early_stop,1,36,162,0.0023803009575924516
tree_cancer,ags_no_early_stop,1,37,167,0.0023803009575924516
tree_cancer,ags_no_early_stop,1,38,172,0.0023803009575924516
tree_cancer,ags_no_early_stop,1,39,177,0.0023803009575924516
tree_cancer,ags_no_early_stop,1,40,182,0.0023803009575924516
tree_cancer,ags_no_early_stop,1,41,185,0.0023803009575924516
tree_cancer,ags_no_early_stop,1,42,190,0.0023803009575924516
tree_cancer,ags_no_early_stop,1,43,195,0.0023803009575924516
tree_cancer,ags_no_early_stop,1,44,200,0.0023803009575924516
tree_cancer,ags_no_early_stop,1,45,205,0.0023803009575924516
tree_cancer,ags_no_early_stop,1,46,210,0.0023803009575924516
tree_cancer,ags_no_early_stop,1,47,215,0.0023803009575924516
tree_cancer,ags_no_early_stop,1,48,220,0.0023803009575924516
tree_cancer,ags_no_early_stop,1,49,225,0.0023803009575924516
tree_cancer,ags_no_early_stop,1,50,230,0.0023803009575924516
tree_cancer,ags_no_early_stop,1,51,235,0.0023803009575924516
tree_cancer,ags_no_early_stop,1,52,240,0.0023803009575924516
tree_cancer,ags_no_early_stop,1,53,245,0.0023803009575924516
tree_cancer,ags_no_early_stop,1,54,250,0.0023803009575924516
tree_cancer,ags_no_early_stop,1,55,255,0.0023803009575924516
tree_cancer,ags_no_early_stop,1,56,260,0.0023803009575924516
tree_cancer,ags_no_early_stop,1,57,265,0.0023803009575924516
tree_cancer,ags_no_early_stop,1,58,268,0.0023803009575924516
tree_cancer,ags_no_early_stop,1,59,271,0.0023803009575924516
tree_cancer,ags_no_early_stop,1,60,274,0.0023803009575924516
tree_cancer,ags_no_early_stop,2,1,5,0.0469493844049248
tree_cancer,ags_no_early_stop,2,2,10,0.02103967168262666
tree_cancer,ags_no_early_stop,2,3,15,0.009411764705882453
tree_cancer,ags_no_early_stop,2,4,20,0.0
tree_cancer,ags_no_early_stop,2,5,25,0.0
tree_cancer,ags_no_early_stop,2,6,30,0.0
tree_cancer,ags_no_early_stop,2,7,35,0.0
tree_cancer,ags_no_early_stop,2,8,40,0.0
tree_cancer,ags_no_early_stop,2,9,45,0.0
tree_cancer,ags_no_early_stop,2,10,50,0.0
tree_cancer,ags_no_early_stop,2,11,55,0.0
tree_cancer,ags_no_early_stop,2,12,60,0.0
tree_cancer,ags_no_early_stop,2,13,65,0.0
tree_cancer,ags_no_early_stop,2,14,68,0.0
tree_cancer,ags_no_early_stop,2,15,73,0.0
tree_cancer,ags_no_early_stop,2,16,78,0.0
tree_cancer,ags_no_early_stop,2,17,83,0.0
tree_cancer,ags_no_early_stop,2,18,88,0.0
tree_cancer,ags_no_early_stop,2,19,93,0.0
tree_cancer,ags_no_early_stop,2,20,98,0.0
tree_cancer,ags_no_early_stop,2,21,103,0.0
tree_cancer,ags_no_early_stop,2,22,108,0.0
tree_cancer,ags_no_early_stop,2,23,111,0.0
tree_cancer,ags_no_early_stop,2,24,116,0.0
tree_cancer,ags_no_early_stop,2,25,121,0.0
tree_cancer,ags_no_early_stop,2,26,124,0.0
tree_cancer,ags_no_early_stop,2,27,127,0.0
tree_cancer,ags_no_early_stop,2,28,132,0.0
tree_cancer,ags_no_early_stop,2,29,137,0.0
tree_cancer,ags_no_early_stop,2,30,142,0.0
tree_cancer,ags_no_early_stop,2,31,147,0.0
tree_cancer,ags_no_early_stop,2,32,152,0.0
tree_cancer,ags_no_early_stop,2,33,157,0.0
tree_cancer,ags_no_early_stop,2,34,162,0.0
tree_cancer,ags_no_early_stop,2,35,167,0.0
tree_cancer,ags_no_early_stop,2,36,172,0.0
tree_cancer,ags_no_early_stop,2,37,177,0.0
tree_cancer,ags_no_early_stop,2,38,182,0.0
tree_cancer,ags_no_early_stop,2,39,184,0.0
tree_cancer,ags_no_early_stop,2,40,189,0.0
tree_cancer,ags_no_early_stop,2,41,193,0.0
tree_cancer,ags_no_early_stop,2,42,198,0.0
tree_cancer,ags_no_early_stop,2,43,203,0.0
tree_cancer,ags_no_early_stop,2,44,207,0.0
tree_cancer,ags_no_early_stop,2,45,212,0.0
tree_cancer,ags_no_early_stop,2,46,214,0.0
tree_cancer,ags_no_early_stop,2,47,219,0.0
tree_cancer,ags_no_early_stop,2,48,224,0.0
tree_cancer,ags_no_early_stop,2,49,226,0.0
tree_cancer,ags_no_early_stop,2,50,230,0.0
tree_cancer,ags_no_early_stop,2,51,232,0.0
tree_cancer,ags_no_early_stop,2,52,234,0.0
tree_cancer,ags_no_early_stop,2,53,239,0.0
tree_cancer,ags_no_early_stop,2,54,244,0.0
tree_cancer,ags_no_early_stop,2,55,249,0.0
tree_cancer,ags_no_early_stop,2,56,254,0.0
tree_cancer,ags_no_early_stop,2,57,259,0.0
tree_cancer,ags_no_early_stop,2,58,264,0.0
tree_cancer,ags_no_early_stop,2,59,268,0.0
tree_cancer,ags_no_early_stop,2,60,273,0.0
tree_cancer,ags_no_early_stop,3,1,5,0.014062927496580113
tree_cancer,ags_no_early_stop,3,2,10,0.014062927496580113
tree_cancer,ags_no_early_stop,3,3,15,0.014062927496580113
tree_cancer,ags_no_early_stop,3,4,20,0.014062927496580113
tree_cancer,ags_no_early_stop,3,5,25,0.014062927496580113
tree_cancer,ags_no_early_stop,3,6,30,0.014062927496580113
tree_cancer,ags_no_early_stop,3,7,35,0.014062927496580113
tree_cancer,ags_no_early_stop,3,8,40,0.004705882352941337
tree_cancer,ags_no_early_stop,3,9,45,0.004705882352941337
tree_cancer,ags_no_early_stop,3,10,50,0.004705882352941337
tree_cancer,ags_no_early_stop,3,11,55,0.004705882352941337
tree_cancer,ags_no_early_stop,3,12,60,0.004705882352941337
tree_cancer,ags_no_early_stop,3,13,65,0.004705882352941337
tree_cancer,ags_no_early_stop,3,14,70,0.0023529411764706687
tree_cancer,ags_no_early_stop,3,15,75,0.0023529411764706687
tree_cancer,ags_no_early_stop,3,16,80,0.0023529411764706687
tree_cancer,ags_no_early_stop,3,17,85,0.0023529411764706687
tree_cancer,ags_no_early_stop,3,18,90,0.0023529411764706687
tree_cancer,ags_no_early_stop,3,19,95,0.0023529411764706687
tree_cancer,ags_no_early_stop,3,20,100,0.0023529411764706687
tree_cancer,ags_no_early_stop,3,21,105,0.0023529411764706687
tree_cancer,ags_no_early_stop,3,22,110,0.0023529411764706687
tree_cancer,ags_no_early_stop,3,23,115,0.0023529411764706687
tree_cancer,ags_no_early_stop,3,24,120,0.0023529411764706687
tree_cancer,ags_no_early_stop,3,25,125,0.0023529411764706687
tree_cancer,ags_no_early_stop,3,26,130,0.0023529411764706687
tree_cancer,ags_no_early_stop,3,27,135,0.0023529411764706687
tree_cancer,ags_no_early_stop,3,28,140,0.0023529411764706687
tree_cancer,ags_no_early_stop,3,29,145,0.0023529411764706687
tree_cancer,ags_no_early_stop,3,30,150,0.0023529411764706687
tree_cancer,ags_no_early_stop,3,31,152,0.0023529411764706687
tree_cancer,ags_no_early_stop,3,32,157,0.0023529411764706687
tree_cancer,ags_no_early_stop,3,33,162,0.0023529411764706687
tree_cancer,ags_no_early_stop,3,34,164,0.0023529411764706687
tree_cancer,ags_no_early_stop,3,35,169,0.0023529411764706687
tree_cancer,ags_no_early_stop,3,36,174,0.0023529411764706687
tree_cancer,ags_no_early_stop,3,37,176,0.0023529411764706687
tree_cancer,ags_no_early_stop,3,38,178,0.0023529411764706687
tree_cancer,ags_no_early_stop,3,39,180,0.0023529411764706687
tree_cancer,ags_no_early_stop,3,40,185,0.0023529411764706687
tree_cancer,ags_no_early_stop,3,41,187,0.0023529411764706687
tree_cancer,ags_no_early_stop,3,42,192,0.0023529411764706687
tree_cancer,ags_no_early_stop,3,43,197,0.0023529411764706687
tree_cancer,ags_no_early_stop,3,44,202,0.0023529411764706687
tree_cancer,ags_no_early_stop,3,45,207,0.0023529411764706687
tree_cancer,ags_no_early_stop,3,46,212,0.0023529411764706687
tree_cancer,ags_no_early_stop,3,47,217,0.0023529411764706687
tree_cancer,ags_no_early_stop,3,48,222,0.0023529411764706687
tree_cancer,ags_no_early_stop,3,49,227,0.0023529411764706687
tree_cancer,ags_no_early_stop,3,50,232,0.0023529411764706687
tree_cancer,ags_no_early_stop,3,51,237,0.0023529411764706687
tree_cancer,ags_no_early_stop,3,52,242,0.0023529411764706687
tree_cancer,ags_no_early_stop,3,53,247,0.0023529411764706687
tree_cancer,ags_no_early_stop,3,54,252,0.0023529411764706687
tree_cancer,ags_no_early_stop,3,55,257,0.0023529411764706687
tree_cancer,ags_no_early_stop,3,56,262,0.0023529411764706687
tree_cancer,ags_no_early_stop,3,57,264,0.0023529411764706687
tree_cancer,ags_no_early_stop,3,58,266,0.0023529411764706687
tree_cancer,ags_no_early_stop,3,59,271,0.0023529411764706687
tree_cancer,ags_no_early_stop,3,60,276,0.0023529411764706687
tree_cancer,ags_no_early_stop,4,1,5,0.011682626538987773
tree_cancer,ags_no_early_stop,4,2,10,0.011682626538987773
tree_cancer,ags_no_early_stop,4,3,15,0.011682626538987773
tree_cancer,ags_no_early_stop,4,4,20,0.011682626538987773
tree_cancer,ags_no_early_stop,4,5,25,0.011682626538987773
tree_cancer,ags_no_early_stop,4,6,30,0.011682626538987773
tree_cancer,ags_no_early_stop,4,7,35,0.011682626538987773
tree_cancer,ags_no_early_stop,4,8,40,0.011682626538987773
tree_cancer,ags_no_early_stop,4,9,45,0.014062927496580113
tree_cancer,ags_no_early_stop,4,10,50,0.014062927496580113
tree_cancer,ags_no_early_stop,4,11,55,0.014062927496580113
tree_cancer,ags_no_early_stop,4,12,60,0.014062927496580113
tree_cancer,ags_no_early_stop,4,13,65,0.007086183310533567
tree_cancer,ags_no_early_stop,4,14,70,0.007086183310533567
tree_cancer,ags_no_early_stop,4,15,75,0.007086183310533567
tree_cancer,ags_no_early_stop,4,16,80,0.007086183310533567
tree_cancer,ags_no_early_stop,4,17,85,0.007086183310533567
tree_cancer,ags_no_early_stop,4,18,90,0.007086183310533567
tree_cancer,ags_no_early_stop,4,19,95,0.007086183310533567
tree_cancer,ags_no_early_stop,4,20,97,0.007086183310533567
tree_cancer,ags_no_early_stop,4,21,102,0.007086183310533567
tree_cancer,ags_no_early_stop,4,22,104,0.007086183310533567
tree_cancer,ags_no_early_stop,4,23,109,0.007086183310533567
tree_cancer,ags_no_early_stop,4,24,114,0.007086183310533567
tree_cancer,ags_no_early_stop,4,25,119,0.007086183310533567
tree_cancer,ags_no_early_stop,4,26,124,0.007086183310533567
tree_cancer,ags_no_early_stop,4,27,129,0.007086183310533567
tree_cancer,ags_no_early_stop,4,28,134,0.007086183310533567
tree_cancer,ags_no_early_stop,4,29,139,0.007086183310533567
tree_cancer,ags_no_early_stop,4,30,141,0.007086183310533567
tree_cancer,ags_no_early_stop,4,31,146,0.007086183310533567
tree_cancer,ags_no_early_stop,4,32,151,0.007086183310533567
tree_cancer,ags_no_early_stop,4,33,156,0.007086183310533567
tree_cancer,ags_no_early_stop,4,34,161,0.007086183310533567
tree_cancer,ags_no_early_stop,4,35,166,0.007086183310533567
tree_cancer,ags_no_early_stop,4,36,171,0.007086183310533567
tree_cancer,ags_no_early_stop,4,37,176,0.007086183310533567
tree_cancer,ags_no_early_stop,4,38,181,0.007086183310533567
tree_cancer,ags_no_early_stop,4,39,186,0.007086183310533567
tree_cancer,ags_no_early_stop,4,40,191,0.007086183310533567
tree_cancer,ags_no_early_stop,4,41,196,0.007086183310533567
tree_cancer,ags_no_early_stop,4,42,198,0.007086183310533567
tree_cancer,ags_no_early_stop,4,43,203,0.007086183310533567
tree_cancer,ags_no_early_stop,4,44,208,0.007086183310533567
tree_cancer,ags_no_early_stop,4,45,211,0.007086183310533567
tree_cancer,ags_no_early_stop,4,46,216,0.007086183310533567
tree_cancer,ags_no_early_stop,4,47,219,0.007086183310533567
tree_cancer,ags_no_early_stop,4,48,224,0.007086183310533567
tree_cancer,ags_no_early_stop,4,49,226,0.007086183310533567
tree_cancer,ags_no_early_stop,4,50,228,0.007086183310533567
tree_cancer,ags_no_early_stop,4,51,230,0.007086183310533567
tree_cancer,ags_no_early_stop,4,52,232,0.0023529411764706687
tree_cancer,ags_no_early_stop,4,53,237,0.0023529411764706687
tree_cancer,ags_no_early_stop,4,54,242,0.0023529411764706687
tree_cancer,ags_no_early_stop,4,55,247,0.0023529411764706687
tree_cancer,ags_no_early_stop,4,56,252,0.0023529411764706687
tree_cancer,ags_no_early_stop,4,57,257,0.0023529411764706687
tree_cancer,ags_no_early_stop,4,58,262,0.0023529411764706687
tree_cancer,ags_no_early_stop,4,59,267,0.0023529411764706687
tree_cancer,ags_no_early_stop,4,60,272,0.0023529411764706687
tree_cancer,ags_no_early_stop,5,1,5,0.007058823529411895
tree_cancer,ags_no_early_stop,5,2,10,0.007058823529411895
tree_cancer,ags_no_early_stop,5,3,15,0.007058823529411895
tree_cancer,ags_no_early_stop,5,4,20,0.007058823529411895
tree_cancer,ags_no_early_stop,5,5,25,0.007058823529411895
tree_cancer,ags_no_early_stop,5,6,30,0.007058823529411895
tree_cancer,ags_no_early_stop,5,7,35,0.007058823529411895
tree_cancer,ags_no_early_stop,5,8,40,0.007058823529411895
tree_cancer,ags_no_early_stop,5,9,45,0.007058823529411895
tree_cancer,ags_no_early_stop,5,10,50,0.007058823529411895
tree_cancer,ags_no_early_stop,5,11,55,0.007058823529411895
tree_cancer,ags_no_early_stop,5,12,60,0.007058823529411895
tree_cancer,ags_no_early_stop,5,13,65,0.007058823529411895
tree_cancer,ags_no_early_stop,5,14,70,0.007058823529411895
tree_cancer,ags_no_early_stop,5,15,75,0.007058823529411895
tree_cancer,ags_no_early_stop,5,16,80,0.007058823529411895
tree_cancer,ags_no_early_stop,5,17,83,0.007058823529411895
tree_cancer,ags_no_early_stop,5,18,88,0.007058823529411895
tree_cancer,ags_no_early_stop,5,19,93,0.007058823529411895
tree_cancer,ags_no_early_stop,5,20,98,0.007058823529411895
tree_cancer,ags_no_early_stop,5,21,100,0.007058823529411895
tree_cancer,ags_no_early_stop,5,22,104,0.007058823529411895
tree_cancer,ags_no_early_stop,5,23,109,0.007058823529411895
tree_cancer,ags_no_early_stop,5,24,111,0.007058823529411895
tree_cancer,ags_no_early_stop,5,25,113,0.007058823529411895
tree_cancer,ags_no_early_stop,5,26,115,0.007058823529411895
tree_cancer,ags_no_early_stop,5,27,120,0.007058823529411895
tree_cancer,ags_no_early_stop,5,28,122,0.007058823529411895
tree_cancer,ags_no_early_stop,5,29,127,0.007058823529411895
tree_cancer,ags_no_early_stop,5,30,132,0.007058823529411895
tree_cancer,ags_no_early_stop,5,31,137,0.007058823529411895
tree_cancer,ags_no_early_stop,5,32,142,0.007058823529411895
tree_cancer,ags_no_early_stop,5,33,147,0.007058823529411895
tree_cancer,ags_no_early_stop,5,34,152,0.007058823529411895
tree_cancer,ags_no_early_stop,5,35,157,0.007058823529411895
tree_cancer,ags_no_early_stop,5,36,162,0.007058823529411895
tree_cancer,ags_no_early_stop,5,37,167,0.007058823529411895
tree_cancer,ags_no_early_stop,5,38,172,0.007058823529411895
tree_cancer,ags_no_early_stop,5,39,177,0.007058823529411895
tree_cancer,ags_no_early_stop,5,40,181,0.007058823529411895
tree_cancer,ags_no_early_stop,5,41,183,0.007058823529411895
tree_cancer,ags_no_early_stop,5,42,188,0.007058823529411895
tree_cancer,ags_no_early_stop,5,43,190,0.007058823529411895
tree_cancer,ags_no_early_stop,5,44,192,0.007058823529411895
tree_cancer,ags_no_early_stop,5,45,197,0.007058823529411895
tree_cancer,ags_no_early_stop,5,46,202,0.007058823529411895
tree_cancer,ags_no_early_stop,5,47,206,0.007058823529411895
tree_cancer,ags_no_early_stop,5,48,210,0.007058823529411895
tree_cancer,ags_no_early_stop,5,49,212,0.007058823529411895
tree_cancer,ags_no_early_stop,5,50,217,0.007058823529411895
tree_cancer,ags_no_early_stop,5,51,222,0.007058823529411895
tree_cancer,ags_no_early_stop,5,52,224,0.007058823529411895
tree_cancer,ags_no_early_stop,5,53,229,0.007058823529411895
tree_cancer,ags_no_early_stop,5,54,231,0.007058823529411895
tree_cancer,ags_no_early_stop,5,55,236,0.007058823529411895
tree_cancer,ags_no_early_stop,5,56,241,0.007058823529411895
tree_cancer,ags_no_early_stop,5,57,246,0.007058823529411895
tree_cancer,ags_no_early_stop,5,58,251,0.007058823529411895
tree_cancer,ags_no_early_stop,5,59,256,0.007058823529411895
tree_cancer,ags_no_early_stop,5,60,261,0.007058823529411895
tree_cancer,ags_no_early_stop,6,1,5,0.0023529411764706687
tree_cancer,ags_no_early_stop,6,2,10,0.0023529411764706687
tree_cancer,ags_no_early_stop,6,3,15,0.0023529411764706687
tree_cancer,ags_no_early_stop,6,4,20,0.0023529411764706687
tree_cancer,ags_no_early_stop,6,5,25,0.0023529411764706687
tree_cancer,ags_no_early_stop,6,6,30,0.023392612859097217
tree_cancer,ags_no_early_stop,6,7,35,0.023392612859097217
tree_cancer,ags_no_early_stop,6,8,40,0.023392612859097217
tree_cancer,ags_no_early_stop,6,9,45,0.023392612859097217
tree_cancer,ags_no_early_stop,6,10,48,0.023392612859097217
tree_cancer,ags_no_early_stop,6,11,53,0.023392612859097217
tree_cancer,ags_no_early_stop,6,12,58,0.023392612859097217
tree_cancer,ags_no_early_stop,6,13,63,0.023392612859097217
tree_cancer,ags_no_early_stop,6,14,68,0.023392612859097217
tree_cancer,ags_no_early_stop,6,15,73,0.023392612859097217
tree_cancer,ags_no_early_stop,6,16,78,0.023392612859097217
tree_cancer,ags_no_early_stop,6,17,82,0.023392612859097217
tree_cancer,ags_no_early_stop,6,18,84,0.023392612859097217
tree_cancer,ags_no_early_stop,6,19,87,0.023392612859097217
tree_cancer,ags_no_early_stop,6,20,89,0.023392612859097217
tree_cancer,ags_no_early_stop,6,21,94,0.023392612859097217
tree_cancer,ags_no_early_stop,6,22,99,0.023392612859097217
tree_cancer,ags_no_early_stop,6,23,102,0.023392612859097217
tree_cancer,ags_no_early_stop,6,24,105,0.023392612859097217
tree_cancer,ags_no_early_stop,6,25,107,0.023392612859097217
tree_cancer,ags_no_early_stop,6,26,112,0.023392612859097217
tree_cancer,ags_no_early_stop,6,27,117,0.023392612859097217
tree_cancer,ags_no_early_stop,6,28,122,0.023392612859097217
tree_cancer,ags_no_early_stop,6,29,127,0.011709986320109556
tree_cancer,ags_no_early_stop,6,30,129,0.011709986320109556
tree_cancer,ags_no_early_stop,6,31,134,0.011709986320109556
tree_cancer,ags_no_early_stop,6,32,139,0.011709986320109556
tree_cancer,ags_no_early_stop,6,33,144,0.011709986320109556
tree_cancer,ags_no_early_stop,6,34,147,0.011709986320109556
tree_cancer,ags_no_early_stop,6,35,149,0.011709986320109556
tree_cancer,ags_no_early_stop,6,36,153,0.011709986320109556
tree_cancer,ags_no_early_stop,6,37,158,0.011709986320109556
tree_cancer,ags_no_early_stop,6,38,160,0.011709986320109556
tree_cancer,ags_no_early_stop,6,39,162,0.011709986320109556
tree_cancer,ags_no_early_stop,6,40,167,0.011709986320109556
tree_cancer,ags_no_early_stop,6,41,172,0.011709986320109556
tree_cancer,ags_no_early_stop,6,42,177,0.011709986320109556
tree_cancer,ags_no_early_stop,6,43,182,0.011709986320109556
tree_cancer,ags_no_early_stop,6,44,187,0.011709986320109556
tree_cancer,ags_no_early_stop,6,45,192,0.011709986320109556
tree_cancer,ags_no_early_stop,6,46,195,0.011709986320109556
tree_cancer,ags_no_early_stop,6,47,200,0.011709986320109556
tree_cancer,ags_no_early_stop,6,48,203,0.011709986320109556
tree_cancer,ags_no_early_stop,6,49,208,0.011709986320109556
tree_cancer,ags_no_early_stop,6,50,211,0.011709986320109556
tree_cancer,ags_no_early_stop,6,51,213,0.011709986320109556
tree_cancer,ags_no_early_stop,6,52,216,0.011709986320109556
tree_cancer,ags_no_early_stop,6,53,220,0.011709986320109556
tree_cancer,ags_no_early_stop,6,54,224,0.011709986320109556
tree_cancer,ags_no_early_stop,6,55,228,0.011709986320109556
tree_cancer,ags_no_early_stop,6,56,230,0.011709986320109556
tree_cancer,ags_no_early_stop,6,57,235,0.011709986320109556
tree_cancer,ags_no_early_stop,6,58,237,0.011709986320109556
tree_cancer,ags_no_early_stop,6,59,242,0.011709986320109556
tree_cancer,ags_no_early_stop,6,60,247,0.011709986320109556
tree_cancer,ags_no_early_stop,7,1,5,0.018768809849521118
tree_cancer,ags_no_early_stop,7,2,10,0.009411764705882453
tree_cancer,ags_no_early_stop,7,3,15,0.009411764705882453
tree_cancer,ags_no_early_stop,7,4,20,0.009411764705882453
tree_cancer,ags_no_early_stop,7,5,25,0.009411764705882453
tree_cancer,ags_no_early_stop,7,6,30,0.009411764705882453
tree_cancer,ags_no_early_stop,7,7,35,0.009411764705882453
tree_cancer,ags_no_early_stop,7,8,40,0.009411764705882453
tree_cancer,ags_no_early_stop,7,9,45,0.014062927496580113
tree_cancer,ags_no_early_stop,7,10,50,0.014062927496580113
tree_cancer,ags_no_early_stop,7,11,55,0.014062927496580113
tree_cancer,ags_no_early_stop,7,12,60,0.014062927496580113
tree_cancer,ags_no_early_stop,7,13,65,0.014062927496580113
tree_cancer,ags_no_early_stop,7,14,69,0.014062927496580113
tree_cancer,ags_no_early_stop,7,15,74,0.014062927496580113
tree_cancer,ags_no_early_stop,7,16,79,0.014062927496580113
tree_cancer,ags_no_early_stop,7,17,84,0.014062927496580113
tree_cancer,ags_no_early_stop,7,18,89,0.014062927496580113
tree_cancer,ags_no_early_stop,7,19,91,0.014062927496580113
tree_cancer,ags_no_early_stop,7,20,95,0.014062927496580113
tree_cancer,ags_no_early_stop,7,21,98,0.014062927496580113
tree_cancer,ags_no_early_stop,7,22,103,0.014062927496580113
tree_cancer,ags_no_early_stop,7,23,105,0.014062927496580113
tree_cancer,ags_no_early_stop,7,24,110,0.014062927496580113
tree_cancer,ags_no_early_stop,7,25,112,0.014062927496580113
tree_cancer,ags_no_early_stop,7,26,117,0.014062927496580113
tree_cancer,ags_no_early_stop,7,27,121,0.014062927496580113
tree_cancer,ags_no_early_stop,7,28,126,0.014062927496580113
tree_cancer,ags_no_early_stop,7,29,131,0.014062927496580113
tree_cancer,ags_no_early_stop,7,30,136,0.014062927496580113
tree_cancer,ags_no_early_stop,7,31,140,0.014062927496580113
tree_cancer,ags_no_early_stop,7,32,144,0.014062927496580113
tree_cancer,ags_no_early_stop,7,33,149,0.014062927496580113
tree_cancer,ags_no_early_stop,7,34,154,0.014062927496580113
tree_cancer,ags_no_early_stop,7,35,156,0.014062927496580113
tree_cancer,ags_no_early_stop,7,36,161,0.014062927496580113
tree_cancer,ags_no_early_stop,7,37,166,0.014062927496580113
tree_cancer,ags_no_early_stop,7,38,171,0.014062927496580113
tree_cancer,ags_no_early_stop,7,39,176,0.014062927496580113
tree_cancer,ags_no_early_stop,7,40,181,0.014062927496580113
tree_cancer,ags_no_early_stop,7,41,186,0.014062927496580113
tree_cancer,ags_no_early_stop,7,42,191,0.014062927496580113
tree_cancer,ags_no_early_stop,7,43,196,0.014062927496580113
tree_cancer,ags_no_early_stop,7,44,201,0.014062927496580113
tree_cancer,ags_no_early_stop,7,45,203,0.014062927496580113
tree_cancer,ags_no_early_stop,7,46,205,0.014062927496580113
tree_cancer,ags_no_early_stop,7,47,208,0.014062927496580113
tree_cancer,ags_no_early_stop,7,48,210,0.014062927496580113
tree_cancer,ags_no_early_stop,7,49,212,0.014062927496580113
tree_cancer,ags_no_early_stop,7,50,214,0.014062927496580113
tree_cancer,ags_no_early_stop,7,51,217,0.014062927496580113
tree_cancer,ags_no_early_stop,7,52,222,0.014062927496580113
tree_cancer,ags_no_early_stop,7,53,227,0.014062927496580113
tree_cancer,ags_no_early_stop,7,54,230,0.014062927496580113
tree_cancer,ags_no_early_stop,7,55,232,0.014062927496580113
tree_cancer,ags_no_early_stop,7,56,234,0.014062927496580113
tree_cancer,ags_no_early_stop,7,57,236,0.014062927496580113
tree_cancer,ags_no_early_stop,7,58,238,0.014062927496580113
tree_cancer,ags_no_early_stop,7,59,243,0.014062927496580113
tree_cancer,ags_no_early_stop,7,60,248,0.014062927496580113
tree_cancer,ags_no_early_stop,8,1,5,0.025772913816689558
tree_cancer,ags_no_early_stop,8,2,10,0.025772913816689558
tree_cancer,ags_no_early_stop,8,3,15,0.025772913816689558
tree_cancer,ags_no_early_stop,8,4,20,0.014062927496580113
tree_cancer,ags_no_early_stop,8,5,25,0.014062927496580113
tree_cancer,ags_no_early_stop,8,6,30,0.014062927496580113
tree_cancer,ags_no_early_stop,8,7,35,0.0023529411764706687
tree_cancer,ags_no_early_stop,8,8,40,0.0023529411764706687
tree_cancer,ags_no_early_stop,8,9,45,0.0023529411764706687
tree_cancer,ags_no_early_stop,8,10,50,0.0023529411764706687
tree_cancer,ags_no_early_stop,8,11,55,0.0023529411764706687
tree_cancer,ags_no_early_stop,8,12,60,0.0023529411764706687
tree_cancer,ags_no_early_stop,8,13,65,0.0023529411764706687
tree_cancer,ags_no_early_stop,8,14,70,0.0023529411764706687
tree_cancer,ags_no_early_stop,8,15,75,0.0023529411764706687
tree_cancer,ags_no_early_stop,8,16,80,0.0023529411764706687
tree_cancer,ags_no_early_stop,8,17,85,0.0023529411764706687
tree_cancer,ags_no_early_stop,8,18,90,0.0023529411764706687
tree_cancer,ags_no_early_stop,8,19,95,0.0023529411764706687
tree_cancer,ags_no_early_stop,8,20,100,0.0023529411764706687
tree_cancer,ags_no_early_stop,8,21,105,0.0023529411764706687
tree_cancer,ags_no_early_stop,8,22,110,0.0023529411764706687
tree_cancer,ags_no_early_stop,8,23,115,0.0023529411764706687
tree_cancer,ags_no_early_stop,8,24,117,0.0023529411764706687
tree_cancer,ags_no_early_stop,8,25,122,0.0023529411764706687
tree_cancer,ags_no_early_stop,8,26,127,0.0023529411764706687
tree_cancer,ags_no_early_stop,8,27,132,0.0023529411764706687
tree_cancer,ags_no_early_stop,8,28,137,0.0023529411764706687
tree_cancer,ags_no_early_stop,8,29,142,1.1102230246251565e-16
tree_cancer,ags_no_early_stop,8,30,147,1.1102230246251565e-16
tree_cancer,ags_no_early_stop,8,31,152,1.1102230246251565e-16
tree_cancer,ags_no_early_stop,8,32,157,0.007058823529411895
tree_cancer,ags_no_early_stop,8,33,162,0.007058823529411895
tree_cancer,ags_no_early_stop,8,34,167,0.007058823529411895
tree_cancer,ags_no_early_stop,8,35,172,0.007058823529411895
tree_cancer,ags_no_early_stop,8,36,177,0.007058823529411895
tree_cancer,ags_no_early_stop,8,37,182,0.007058823529411895
tree_cancer,ags_no_early_stop,8,38,187,0.007058823529411895
tree_cancer,ags_no_early_stop,8,39,192,0.007058823529411895
tree_cancer,ags_no_early_stop,8,40,197,0.007058823529411895
tree_cancer,ags_no_early_stop,8,41,202,0.007058823529411895
tree_cancer,ags_no_early_stop,8,42,207,0.007058823529411895
tree_cancer,ags_no_early_stop,8,43,212,0.007058823529411895
tree_cancer,ags_no_early_stop,8,44,217,0.007058823529411895
tree_cancer,ags_no_early_stop,8,45,222,0.007058823529411895
tree_cancer,ags_no_early_stop,8,46,227,0.007058823529411895
tree_cancer,ags_no_early_stop,8,47,230,0.007058823529411895
tree_cancer,ags_no_early_stop,8,48,232,0.007058823529411895
tree_cancer,ags_no_early_stop,8,49,237,0.007058823529411895
tree_cancer,ags_no_early_stop,8,50,242,0.007058823529411895
tree_cancer,ags_no_early_stop,8,51,247,0.007058823529411895
tree_cancer,ags_no_early_stop,8,52,252,0.007058823529411895
tree_cancer,ags_no_early_stop,8,53,257,0.007058823529411895
tree_cancer,ags_no_early_stop,8,54,262,0.007058823529411895
tree_cancer,ags_no_early_stop,8,55,267,0.007058823529411895
tree_cancer,ags_no_early_stop,8,56,272,0.007058823529411895
tree_cancer,ags_no_early_stop,8,57,277,0.007058823529411895
tree_cancer,ags_no_early_stop,8,58,282,0.007058823529411895
tree_cancer,ags_no_early_stop,8,59,287,0.007058823529411895
tree_cancer,ags_no_early_stop,8,60,292,0.007058823529411895
tree_cancer,ags_no_early_stop,9,1,5,0.011709986320109556
tree_cancer,ags_no_early_stop,9,2,10,0.018768809849521118
tree_cancer,ags_no_early_stop,9,3,15,0.018768809849521118
tree_cancer,ags_no_early_stop,9,4,20,0.018768809849521118
tree_cancer,ags_no_early_stop,9,5,25,0.018768809849521118
tree_cancer,ags_no_early_stop,9,6,30,0.018768809849521118
tree_cancer,ags_no_early_stop,9,7,35,0.018768809849521118
tree_cancer,ags_no_early_stop,9,8,40,0.018768809849521118
tree_cancer,ags_no_early_stop,9,9,45,0.018768809849521118
tree_cancer,ags_no_early_stop,9,10,48,0.018768809849521118
tree_cancer,ags_no_early_stop,9,11,53,0.018768809849521118
tree_cancer,ags_no_early_stop,9,12,58,0.018768809849521118
tree_cancer,ags_no_early_stop,9,13,63,0.018768809849521118
tree_cancer,ags_no_early_stop,9,14,68,0.018768809849521118
tree_cancer,ags_no_early_stop,9,15,73,0.018768809849521118
tree_cancer,ags_no_early_stop,9,16,78,0.018768809849521118
tree_cancer,ags_no_early_stop,9,17,81,0.018768809849521118
tree_cancer,ags_no_early_stop,9,18,86,0.018768809849521118
tree_cancer,ags_no_early_stop,9,19,88,0.018768809849521118
tree_cancer,ags_no_early_stop,9,20,91,0.018768809849521118
tree_cancer,ags_no_early_stop,9,21,93,0.018768809849521118
tree_cancer,ags_no_early_stop,9,22,98,0.018768809849521118
tree_cancer,ags_no_early_stop,9,23,100,0.018768809849521118
tree_cancer,ags_no_early_stop,9,24,102,0.018768809849521118
tree_cancer,ags_no_early_stop,9,25,107,0.018768809849521118
tree_cancer,ags_no_early_stop,9,26,110,0.018768809849521118
tree_cancer,ags_no_early_stop,9,27,114,0.018768809849521118
tree_cancer,ags_no_early_stop,9,28,119,0.018768809849521118
tree_cancer,ags_no_early_stop,9,29,124,0.018768809849521118
tree_cancer,ags_no_early_stop,9,30,129,0.018768809849521118
tree_cancer,ags_no_early_stop,9,31,134,0.018768809849521118
tree_cancer,ags_no_early_stop,9,32,139,0.018768809849521118
tree_cancer,ags_no_early_stop,9,33,144,0.018768809849521118
tree_cancer,ags_no_early_stop,9,34,149,0.018768809849521118
tree_cancer,ags_no_early_stop,9,35,154,0.018768809849521118
tree_cancer,ags_no_early_stop,9,36,157,0.018768809849521118
tree_cancer,ags_no_early_stop,9,37,162,0.018768809849521118
tree_cancer,ags_no_early_stop,9,38,167,0.018768809849521118
tree_cancer,ags_no_early_stop,9,39,172,0.018768809849521118
tree_cancer,ags_no_early_stop,9,40,177,0.018768809849521118
tree_cancer,ags_no_early_stop,9,41,182,0.018768809849521118
tree_cancer,ags_no_early_stop,9,42,187,0.018768809849521118
tree_cancer,ags_no_early_stop,9,43,192,0.018768809849521118
tree_cancer,ags_no_early_stop,9,44,194,0.018768809849521118
tree_cancer,ags_no_early_stop,9,45,199,0.018768809849521118
tree_cancer,ags_no_early_stop,9,46,201,0.018768809849521118
tree_cancer,ags_no_early_stop,9,47,203,0.018768809849521118
tree_cancer,ags_no_early_stop,9,48,208,0.018768809849521118
tree_cancer,ags_no_early_stop,9,49,210,0.018768809849521118
tree_cancer,ags_no_early_stop,9,50,215,0.018768809849521118
tree_cancer,ags_no_early_stop,9,51,217,0.018768809849521118
tree_cancer,ags_no_early_stop,9,52,222,0.018768809849521118
tree_cancer,ags_no_early_stop,9,53,225,0.018768809849521118
tree_cancer,ags_no_early_stop,9,54,228,0.018768809849521118
tree_cancer,ags_no_early_stop,9,55,230,0.018768809849521118
tree_cancer,ags_no_early_stop,9,56,233,0.018768809849521118
tree_cancer,ags_no_early_stop,9,57,238,0.018768809849521118
tree_cancer,ags_no_early_stop,9,58,243,0.018768809849521118
tree_cancer,ags_no_early_stop,9,59,246,0.018768809849521118
tree_cancer,ags_no_early_stop,9,60,249,0.018768809849521118
tree_cancer,ags_no_prune_no_stop,0,1,5,0.011709986320109556
tree_cancer,ags_no_prune_no_stop,0,2,10,0.011709986320109556
tree_cancer,ags_no_prune_no_stop,0,3,15,0.011709986320109556
tree_cancer,ags_no_prune_no_stop,0,4,20,0.011709986320109556
tree_cancer,ags_no_prune_no_stop,0,5,25,0.009357045143638998
tree_cancer,ags_no_prune_no_stop,0,6,30,0.009357045143638998
tree_cancer,ags_no_prune_no_stop,0,7,35,0.009357045143638998
tree_cancer,ags_no_prune_no_stop,0,8,40,0.009357045143638998
tree_cancer,ags_no_prune_no_stop,0,9,45,0.009357045143638998
tree_cancer,ags_no_prune_no_stop,0,10,50,0.009357045143638998
tree_cancer,ags_no_prune_no_stop,0,11,55,0.009357045143638998
tree_cancer,ags_no_prune_no_stop,0,12,60,0.009357045143638998
tree_cancer,ags_no_prune_no_stop,0,13,65,0.011709986320109556
tree_cancer,ags_no_prune_no_stop,0,14,70,0.011709986320109556
tree_cancer,ags_no_prune_no_stop,0,15,75,0.011709986320109556
tree_cancer,ags_no_prune_no_stop,0,16,80,0.011709986320109556
tree_cancer,ags_no_prune_no_stop,0,17,85,0.011709986320109556
tree_cancer,ags_no_prune_no_stop,0,18,90,0.011709986320109556
tree_cancer,ags_no_prune_no_stop,0,19,95,0.011737346101231338
tree_cancer,ags_no_prune_no_stop,0,20,100,0.011737346101231338
tree_cancer,ags_no_prune_no_stop,0,21,105,0.011737346101231338
tree_cancer,ags_no_prune_no_stop,0,22,110,0.011737346101231338
tree_cancer,ags_no_prune_no_stop,0,23,115,0.011737346101231338
tree_cancer,ags_no_prune_no_stop,0,24,120,0.011737346101231338
tree_cancer,ags_no_prune_no_stop,0,25,125,0.011737346101231338
tree_cancer,ags_no_prune_no_stop,0,26,130,0.011737346101231338
tree_cancer,ags_no_prune_no_stop,0,27,135,0.011737346101231338
tree_cancer,ags_no_prune_no_stop,0,28,140,0.011737346101231338
tree_cancer,ags_no_prune_no_stop,0,29,145,0.011737346101231338
tree_cancer,ags_no_prune_no_stop,0,30,150,0.011737346101231338
tree_cancer,ags_no_prune_no_stop,0,31,155,0.011737346101231338
tree_cancer,ags_no_prune_no_stop,0,32,160,0.011737346101231338
tree_cancer,ags_no_prune_no_stop,0,33,165,0.011737346101231338
tree_cancer,ags_no_prune_no_stop,0,34,170,0.011737346101231338
tree_cancer,ags_no_prune_no_stop,0,35,175,0.011737346101231338
tree_cancer,ags_no_prune_no_stop,0,36,180,0.011737346101231338
tree_cancer,ags_no_prune_no_stop,0,37,185,0.011737346101231338
tree_cancer,ags_no_prune_no_stop,0,38,190,0.011737346101231338
tree_cancer,ags_no_prune_no_stop,0,39,195,0.011737346101231338
tree_cancer,ags_no_prune_no_stop,0,40,200,0.011737346101231338
tree_cancer,ags_no_prune_no_stop,0,41,205,0.011737346101231338
tree_cancer,ags_no_prune_no_stop,0,42,210,0.011737346101231338
tree_cancer,ags_no_prune_no_stop,0,43,215,0.011737346101231338
tree_cancer,ags_no_prune_no_stop,0,44,220,0.011737346101231338
tree_cancer,ags_no_prune_no_stop,0,45,225,0.011737346101231338
tree_cancer,ags_no_prune_no_stop,0,46,230,0.011737346101231338
tree_cancer,ags_no_prune_no_stop,0,47,235,0.011737346101231338
tree_cancer,ags_no_prune_no_stop,0,48,240,0.011737346101231338
tree_cancer,ags_no_prune_no_stop,0,49,245,0.011737346101231338
tree_cancer,ags_no_prune_no_stop,0,50,250,0.011737346101231338
tree_cancer,ags_no_prune_no_stop,0,51,255,0.011737346101231338
tree_cancer,ags_no_prune_no_stop,0,52,260,0.011737346101231338
tree_cancer,ags_no_prune_no_stop,0,53,265,0.011737346101231338
tree_cancer,ags_no_prune_no_stop,0,54,270,0.011737346101231338
tree_cancer,ags_no_prune_no_stop,0,55,275,0.011737346101231338
tree_cancer,ags_no_prune_no_stop,0,56,280,0.011737346101231338
tree_cancer,ags_no_prune_no_stop,0,57,285,0.011737346101231338
tree_cancer,ags_no_prune_no_stop,0,58,290,0.011737346101231338
tree_cancer,ags_no_prune_no_stop,0,59,295,0.011737346101231338
tree_cancer,ags_no_prune_no_stop,0,60,300,0.011737346101231338
tree_cancer,ags_no_prune_no_stop,1,1,5,0.009357045143638998
tree_cancer,ags_no_prune_no_stop,1,2,10,0.009357045143638998
tree_cancer,ags_no_prune_no_stop,1,3,15,0.009357045143638998
tree_cancer,ags_no_prune_no_stop,1,4,20,0.009357045143638998
tree_cancer,ags_no_prune_no_stop,1,5,25,0.009357045143638998
tree_cancer,ags_no_prune_no_stop,1,6,30,0.009357045143638998
tree_cancer,ags_no_prune_no_stop,1,7,35,0.009357045143638998
tree_cancer,ags_no_prune_no_stop,1,8,40,0.009357045143638998
tree_cancer,ags_no_prune_no_stop,1,9,45,0.009357045143638998
tree_cancer,ags_no_prune_no_stop,1,10,50,0.009357045143638998
tree_cancer,ags_no_prune_no_stop,1,11,55,0.009357045143638998
tree_cancer,ags_no_prune_no_stop,1,12,60,0.009357045143638998
tree_cancer,ags_no_prune_no_stop,1,13,65,0.009357045143638998
tree_cancer,ags_no_prune_no_stop,1,14,70,0.0023529411764706687
tree_cancer,ags_no_prune_no_stop,1,15,75,0.007086183310533567
tree_cancer,ags_no_prune_no_stop,1,16,80,0.007086183310533567
tree_cancer,ags_no_prune_no_stop,1,17,85,0.007086183310533567
tree_cancer,ags_no_prune_no_stop,1,18,90,0.007086183310533567
tree_cancer,ags_no_prune_no_stop,1,19,95,0.007086183310533567
tree_cancer,ags_no_prune_no_stop,1,20,100,0.007086183310533567
tree_cancer,ags_no_prune_no_stop,1,21,105,0.007086183310533567
tree_cancer,ags_no_prune_no_stop,1,22,110,0.007086183310533567
tree_cancer,ags_no_prune_no_stop,1,23,115,0.007086183310533567
tree_cancer,ags_no_prune_no_stop,1,24,120,0.007086183310533567
tree_cancer,ags_no_prune_no_stop,1,25,125,0.007086183310533567
tree_cancer,ags_no_prune_no_stop,1,26,130,0.007086183310533567
tree_cancer,ags_no_prune_no_stop,1,27,135,0.007086183310533567
tree_cancer,ags_no_prune_no_stop,1,28,140,0.007086183310533567
tree_cancer,ags_no_prune_no_stop,1,29,145,0.007086183310533567
tree_cancer,ags_no_prune_no_stop,1,30,150,0.007086183310533567
tree_cancer,ags_no_prune_no_stop,1,31,155,0.007086183310533567
tree_cancer,ags_no_prune_no_stop,1,32,160,0.007086183310533567
tree_cancer,ags_no_prune_no_stop,1,33,165,0.007086183310533567
tree_cancer,ags_no_prune_no_stop,1,34,170,0.007086183310533567
tree_cancer,ags_no_prune_no_stop,1,35,175,0.007086183310533567
tree_cancer,ags_no_prune_no_stop,1,36,180,0.007086183310533567
tree_cancer,ags_no_prune_no_stop,1,37,185,0.007086183310533567
tree_cancer,ags_no_prune_no_stop,1,38,190,0.007086183310533567
tree_cancer,ags_no_prune_no_stop,1,39,195,0.007086183310533567
tree_cancer,ags_no_prune_no_stop,1,40,200,0.007086183310533567
tree_cancer,ags_no_prune_no_stop,1,41,205,0.007086183310533567
tree_cancer,ags_no_prune_no_stop,1,42,210,0.007086183310533567
tree_cancer,ags_no_prune_no_stop,1,43,215,0.007086183310533567
tree_cancer,ags_no_prune_no_stop,1,44,220,0.007086183310533567
tree_cancer,ags_no_prune_no_stop,1,45,225,0.007086183310533567
tree_cancer,ags_no_prune_no_stop,1,46,230,0.007086183310533567
tree_cancer,ags_no_prune_no_stop,1,47,235,0.007086183310533567
tree_cancer,ags_no_prune_no_stop,1,48,240,0.007086183310533567
tree_cancer,ags_no_prune_no_stop,1,49,245,0.007086183310533567
tree_cancer,ags_no_prune_no_stop,1,50,250,0.007086183310533567
tree_cancer,ags_no_prune_no_stop,1,51,255,0.007086183310533567
tree_cancer,ags_no_prune_no_stop,1,52,260,0.007086183310533567
tree_cancer,ags_no_prune_no_stop,1,53,265,0.007086183310533567
tree_cancer,ags_no_prune_no_stop,1,54,270,0.007086183310533567
tree_cancer,ags_no_prune_no_stop,1,55,275,0.007086183310533567
tree_cancer,ags_no_prune_no_stop,1,56,280,0.007086183310533567
tree_cancer,ags_no_prune_no_stop,1,57,285,0.007086183310533567
tree_cancer,ags_no_prune_no_stop,1,58,290,0.007086183310533567
tree_cancer,ags_no_prune_no_stop,1,59,295,0.007086183310533567
tree_cancer,ags_no_prune_no_stop,1,60,300,0.007086183310533567
tree_cancer,ags_no_prune_no_stop,2,1,5,0.0469493844049248
tree_cancer,ags_no_prune_no_stop,2,2,10,0.02103967168262666
tree_cancer,ags_no_prune_no_stop,2,3,15,0.009411764705882453
tree_cancer,ags_no_prune_no_stop,2,4,20,0.0
tree_cancer,ags_no_prune_no_stop,2,5,25,0.0
tree_cancer,ags_no_prune_no_stop,2,6,30,0.0
tree_cancer,ags_no_prune_no_stop,2,7,35,0.0
tree_cancer,ags_no_prune_no_stop,2,8,40,0.0
tree_cancer,ags_no_prune_no_stop,2,9,45,0.0
tree_cancer,ags_no_prune_no_stop,2,10,50,0.0
tree_cancer,ags_no_prune_no_stop,2,11,55,0.0
tree_cancer,ags_no_prune_no_stop,2,12,60,0.0
tree_cancer,ags_no_prune_no_stop,2,13,65,0.0
tree_cancer,ags_no_prune_no_stop,2,14,70,0.0
tree_cancer,ags_no_prune_no_stop,2,15,75,0.0
tree_cancer,ags_no_prune_no_stop,2,16,80,0.0
tree_cancer,ags_no_prune_no_stop,2,17,85,0.0
tree_cancer,ags_no_prune_no_stop,2,18,90,0.0
tree_cancer,ags_no_prune_no_stop,2,19,95,0.0
tree_cancer,ags_no_prune_no_stop,2,20,100,0.0
tree_cancer,ags_no_prune_no_stop,2,21,105,0.0
tree_cancer,ags_no_prune_no_stop,2,22,110,0.0
tree_cancer,ags_no_prune_no_stop,2,23,115,0.0
tree_cancer,ags_no_prune_no_stop,2,24,120,0.0
tree_cancer,ags_no_prune_no_stop,2,25,125,0.0
tree_cancer,ags_no_prune_no_stop,2,26,130,0.0
tree_cancer,ags_no_prune_no_stop,2,27,135,0.0
tree_cancer,ags_no_prune_no_stop,2,28,140,0.0
tree_cancer,ags_no_prune_no_stop,2,29,145,0.0
tree_cancer,ags_no_prune_no_stop,2,30,150,0.0
tree_cancer,ags_no_prune_no_stop,2,31,155,0.0
tree_cancer,ags_no_prune_no_stop,2,32,160,0.0
tree_cancer,ags_no_prune_no_stop,2,33,165,0.0
tree_cancer,ags_no_prune_no_stop,2,34,170,0.0
tree_cancer,ags_no_prune_no_stop,2,35,175,0.0
tree_cancer,ags_no_prune_no_stop,2,36,180,0.0
tree_cancer,ags_no_prune_no_stop,2,37,185,0.0
tree_cancer,ags_no_prune_no_stop,2,38,190,0.0
tree_cancer,ags_no_prune_no_stop,2,39,195,0.0
tree_cancer,ags_no_prune_no_stop,2,40,200,0.0
tree_cancer,ags_no_prune_no_stop,2,41,205,0.0
tree_cancer,ags_no_prune_no_stop,2,42,210,0.0
tree_cancer,ags_no_prune_no_stop,2,43,215,0.0
tree_cancer,ags_no_prune_no_stop,2,44,220,0.0
tree_cancer,ags_no_prune_no_stop,2,45,225,0.0
tree_cancer,ags_no_prune_no_stop,2,46,230,0.0
tree_cancer,ags_no_prune_no_stop,2,47,235,0.0
tree_cancer,ags_no_prune_no_stop,2,48,240,0.0
tree_cancer,ags_no_prune_no_stop,2,49,245,0.0
tree_cancer,ags_no_prune_no_stop,2,50,250,0.0
tree_cancer,ags_no_prune_no_stop,2,51,255,0.0
tree_cancer,ags_no_prune_no_stop,2,52,260,0.0
tree_cancer,ags_no_prune_no_stop,2,53,265,0.0
tree_cancer,ags_no_prune_no_stop,2,54,270,0.0
tree_cancer,ags_no_prune_no_stop,2,55,275,0.0
tree_cancer,ags_no_prune_no_stop,2,56,280,0.0
tree_cancer,ags_no_prune_no_stop,2,57,285,0.0
tree_cancer,ags_no_prune_no_stop,2,58,290,0.0
tree_cancer,ags_no_prune_no_stop,2,59,295,0.0
tree_cancer,ags_no_prune_no_stop,2,60,300,0.0
tree_cancer,ags_no_prune_no_stop,3,1,5,0.014062927496580113
tree_cancer,ags_no_prune_no_stop,3,2,10,0.014062927496580113
tree_cancer,ags_no_prune_no_stop,3,3,15,0.014062927496580113
tree_cancer,ags_no_prune_no_stop,3,4,20,0.014062927496580113
tree_cancer,ags_no_prune_no_stop,3,5,25,0.014062927496580113
tree_cancer,ags_no_prune_no_stop,3,6,30,0.014062927496580113
tree_cancer,ags_no_prune_no_stop,3,7,35,0.014062927496580113
tree_cancer,ags_no_prune_no_stop,3,8,40,0.004705882352941337
tree_cancer,ags_no_prune_no_stop,3,9,45,0.004705882352941337
tree_cancer,ags_no_prune_no_stop,3,10,50,0.004705882352941337
tree_cancer,ags_no_prune_no_stop,3,11,55,0.004705882352941337
tree_cancer,ags_no_prune_no_stop,3,12,60,0.004705882352941337
tree_cancer,ags_no_prune_no_stop,3,13,65,0.004705882352941337
tree_cancer,ags_no_prune_no_stop,3,14,70,0.0023529411764706687
tree_cancer,ags_no_prune_no_stop,3,15,75,0.0023529411764706687
tree_cancer,ags_no_prune_no_stop,3,16,80,0.0023529411764706687
tree_cancer,ags_no_prune_no_stop,3,17,85,0.0023529411764706687
tree_cancer,ags_no_prune_no_stop,3,18,90,0.0023529411764706687
tree_cancer,ags_no_prune_no_stop,3,19,95,0.0023529411764706687
tree_cancer,ags_no_prune_no_stop,3,20,100,0.0023529411764706687
tree_cancer,ags_no_prune_no_stop,3,21,105,0.0023529411764706687
tree_cancer,ags_no_prune_no_stop,3,22,110,0.0023529411764706687
tree_cancer,ags_no_prune_no_stop,3,23,115,0.0023529411764706687
tree_cancer,ags_no_prune_no_stop,3,24,120,0.0023529411764706687
tree_cancer,ags_no_prune_no_stop,3,25,125,0.0023529411764706687
tree_cancer,ags_no_prune_no_stop,3,26,130,0.0023529411764706687
tree_cancer,ags_no_prune_no_stop,3,27,135,0.0023529411764706687
tree_cancer,ags_no_prune_no_stop,3,28,140,0.0023529411764706687
tree_cancer,ags_no_prune_no_stop,3,29,145,0.0023529411764706687
tree_cancer,ags_no_prune_no_stop,3,30,150,0.0023529411764706687
tree_cancer,ags_no_prune_no_stop,3,31,155,0.0023529411764706687
tree_cancer,ags_no_prune_no_stop,3,32,160,0.0023529411764706687
tree_cancer,ags_no_prune_no_stop,3,33,165,0.0023529411764706687
tree_cancer,ags_no_prune_no_stop,3,34,170,0.0023529411764706687
tree_cancer,ags_no_prune_no_stop,3,35,175,0.0023529411764706687
tree_cancer,ags_no_prune_no_stop,3,36,180,0.0023529411764706687
tree_cancer,ags_no_prune_no_stop,3,37,185,0.0023529411764706687
tree_cancer,ags_no_prune_no_stop,3,38,190,0.0023529411764706687
tree_cancer,ags_no_prune_no_stop,3,39,195,0.0023529411764706687
tree_cancer,ags_no_prune_no_stop,3,40,200,0.0023529411764706687
tree_cancer,ags_no_prune_no_stop,3,41,205,0.0023529411764706687
tree_cancer,ags_no_prune_no_stop,3,42,210,0.0023529411764706687
tree_cancer,ags_no_prune_no_stop,3,43,215,0.0023529411764706687
tree_cancer,ags_no_prune_no_stop,3,44,220,0.0023529411764706687
tree_cancer,ags_no_prune_no_stop,3,45,225,0.0023529411764706687
tree_cancer,ags_no_prune_no_stop,3,46,230,0.0023529411764706687
tree_cancer,ags_no_prune_no_stop,3,47,235,0.0023529411764706687
tree_cancer,ags_no_prune_no_stop,3,48,240,0.0023529411764706687
tree_cancer,ags_no_prune_no_stop,3,49,245,0.0023529411764706687
tree_cancer,ags_no_prune_no_stop,3,50,250,0.0023529411764706687
tree_cancer,ags_no_prune_no_stop,3,51,255,0.0023529411764706687
tree_cancer,ags_no_prune_no_stop,3,52,260,0.0023529411764706687
tree_cancer,ags_no_prune_no_stop,3,53,265,0.0023529411764706687
tree_cancer,ags_no_prune_no_stop,3,54,270,0.0023529411764706687
tree_cancer,ags_no_prune_no_stop,3,55,275,0.0023529411764706687
tree_cancer,ags_no_prune_no_stop,3,56,280,0.0023529411764706687
tree_cancer,ags_no_prune_no_stop,3,57,285,0.0023529411764706687
tree_cancer,ags_no_prune_no_stop,3,58,290,0.0023529411764706687
tree_cancer,ags_no_prune_no_stop,3,59,295,0.0023529411764706687
tree_cancer,ags_no_prune_no_stop,3,60,300,0.0023529411764706687
tree_cancer,ags_no_prune_no_stop,4,1,5,0.011682626538987773
tree_cancer,ags_no_prune_no_stop,4,2,10,0.011682626538987773
tree_cancer,ags_no_prune_no_stop,4,3,15,0.011682626538987773
tree_cancer,ags_no_prune_no_stop,4,4,20,0.011682626538987773
tree_cancer,ags_no_prune_no_stop,4,5,25,0.011682626538987773
tree_cancer,ags_no_prune_no_stop,4,6,30,0.011682626538987773
tree_cancer,ags_no_prune_no_stop,4,7,35,0.011682626538987773
tree_cancer,ags_no_prune_no_stop,4,8,40,0.011682626538987773
tree_cancer,ags_no_prune_no_stop,4,9,45,0.014062927496580113
tree_cancer,ags_no_prune_no_stop,4,10,50,0.014062927496580113
tree_cancer,ags_no_prune_no_stop,4,11,55,0.014062927496580113
tree_cancer,ags_no_prune_no_stop,4,12,60,0.014062927496580113
tree_cancer,ags_no_prune_no_stop,4,13,65,0.007086183310533567
tree_cancer,ags_no_prune_no_stop,4,14,70,0.007086183310533567
tree_cancer,ags_no_prune_no_stop,4,15,75,0.007086183310533567
tree_cancer,ags_no_prune_no_stop,4,16,80,0.007086183310533567
tree_cancer,ags_no_prune_no_stop,4,17,85,0.007086183310533567
tree_cancer,ags_no_prune_no_stop,4,18,90,0.007086183310533567
tree_cancer,ags_no_prune_no_stop,4,19,95,0.007086183310533567
tree_cancer,ags_no_prune_no_stop,4,20,100,0.007086183310533567
tree_cancer,ags_no_prune_no_stop,4,21,105,0.007086183310533567
tree_cancer,ags_no_prune_no_stop,4,22,110,0.007086183310533567
tree_cancer,ags_no_prune_no_stop,4,23,115,0.007086183310533567
tree_cancer,ags_no_prune_no_stop,4,24,120,0.007086183310533567
tree_cancer,ags_no_prune_no_stop,4,25,125,0.007086183310533567
tree_cancer,ags_no_prune_no_stop,4,26,130,0.007086183310533567
tree_cancer,ags_no_prune_no_stop,4,27,135,0.007086183310533567
tree_cancer,ags_no_prune_no_stop,4,28,140,0.007086183310533567
tree_cancer,ags_no_prune_no_stop,4,29,145,0.007086183310533567
tree_cancer,ags_no_prune_no_stop,4,30,150,0.007086183310533567
tree_cancer,ags_no_prune_no_stop,4,31,155,0.007086183310533567
tree_cancer,ags_no_prune_no_stop,4,32,160,0.007086183310533567
tree_cancer,ags_no_prune_no_stop,4,33,165,0.007086183310533567
tree_cancer,ags_no_prune_no_stop,4,34,170,0.007086183310533567
tree_cancer,ags_no_prune_no_stop,4,35,175,0.007086183310533567
tree_cancer,ags_no_prune_no_stop,4,36,180,0.007086183310533567
tree_cancer,ags_no_prune_no_stop,4,37,185,0.007086183310533567
tree_cancer,ags_no_prune_no_stop,4,38,190,0.007086183310533567
tree_cancer,ags_no_prune_no_stop,4,39,195,0.007086183310533567
tree_cancer,ags_no_prune_no_stop,4,40,200,0.007086183310533567
tree_cancer,ags_no_prune_no_stop,4,41,205,0.007086183310533567
tree_cancer,ags_no_prune_no_stop,4,42,210,0.007086183310533567
tree_cancer,ags_no_prune_no_stop,4,43,215,0.007086183310533567
tree_cancer,ags_no_prune_no_stop,4,44,220,0.007086183310533567
tree_cancer,ags_no_prune_no_stop,4,45,225,0.007086183310533567
tree_cancer,ags_no_prune_no_stop,4,46,230,0.007086183310533567
tree_cancer,ags_no_prune_no_stop,4,47,235,0.007086183310533567
tree_cancer,ags_no_prune_no_stop,4,48,240,0.007086183310533567
tree_cancer,ags_no_prune_no_stop,4,49,245,0.007086183310533567
tree_cancer,ags_no_prune_no_stop,4,50,250,0.007086183310533567
tree_cancer,ags_no_prune_no_stop,4,51,255,0.007086183310533567
tree_cancer,ags_no_prune_no_stop,4,52,260,0.007086183310533567
tree_cancer,ags_no_prune_no_stop,4,53,265,0.007086183310533567
tree_cancer,ags_no_prune_no_stop,4,54,270,0.007086183310533567
tree_cancer,ags_no_prune_no_stop,4,55,275,0.007086183310533567
tree_cancer,ags_no_prune_no_stop,4,56,280,0.007086183310533567
tree_cancer,ags_no_prune_no_stop,4,57,285,0.007086183310533567
tree_cancer,ags_no_prune_no_stop,4,58,290,0.007086183310533567
tree_cancer,ags_no_prune_no_stop,4,59,295,0.007086183310533567
tree_cancer,ags_no_prune_no_stop,4,60,300,0.007086183310533567
tree_cancer,ags_no_prune_no_stop,5,1,5,0.007058823529411895
tree_cancer,ags_no_prune_no_stop,5,2,10,0.007058823529411895
tree_cancer,ags_no_prune_no_stop,5,3,15,0.007058823529411895
tree_cancer,ags_no_prune_no_stop,5,4,20,0.007058823529411895
tree_cancer,ags_no_prune_no_stop,5,5,25,0.007058823529411895
tree_cancer,ags_no_prune_no_stop,5,6,30,0.007058823529411895
tree_cancer,ags_no_prune_no_stop,5,7,35,0.007058823529411895
tree_cancer,ags_no_prune_no_stop,5,8,40,0.007058823529411895
tree_cancer,ags_no_prune_no_stop,5,9,45,0.007058823529411895
tree_cancer,ags_no_prune_no_stop,5,10,50,0.007058823529411895
tree_cancer,ags_no_prune_no_stop,5,11,55,0.007058823529411895
tree_cancer,ags_no_prune_no_stop,5,12,60,0.007058823529411895
tree_cancer,ags_no_prune_no_stop,5,13,65,0.007058823529411895
tree_cancer,ags_no_prune_no_stop,5,14,70,0.007058823529411895
tree_cancer,ags_no_prune_no_stop,5,15,75,0.007058823529411895
tree_cancer,ags_no_prune_no_stop,5,16,80,0.007058823529411895
tree_cancer,ags_no_prune_no_stop,5,17,85,0.007058823529411895
tree_cancer,ags_no_prune_no_stop,5,18,90,0.007058823529411895
tree_cancer,ags_no_prune_no_stop,5,19,95,0.007058823529411895
tree_cancer,ags_no_prune_no_stop,5,20,100,0.007058823529411895
tree_cancer,ags_no_prune_no_stop,5,21,105,0.007058823529411895
tree_cancer,ags_no_prune_no_stop,5,22,110,0.007058823529411895
tree_cancer,ags_no_prune_no_stop,5,23,115,0.007058823529411895
tree_cancer,ags_no_prune_no_stop,5,24,120,0.007058823529411895
tree_cancer,ags_no_prune_no_stop,5,25,125,0.007058823529411895
tree_cancer,ags_no_prune_no_stop,5,26,130,0.007058823529411895
tree_cancer,ags_no_prune_no_stop,5,27,135,0.007058823529411895
tree_cancer,ags_no_prune_no_stop,5,28,140,0.007058823529411895
tree_cancer,ags_no_prune_no_stop,5,29,145,0.007058823529411895
tree_cancer,ags_no_prune_no_stop,5,30,150,0.007058823529411895
tree_cancer,ags_no_prune_no_stop,5,31,155,0.007058823529411895
tree_cancer,ags_no_prune_no_stop,5,32,160,0.007058823529411895
tree_cancer,ags_no_prune_no_stop,5,33,165,0.007058823529411895
tree_cancer,ags_no_prune_no_stop,5,34,170,0.007058823529411895
tree_cancer,ags_no_prune_no_stop,5,35,175,0.007058823529411895
tree_cancer,ags_no_prune_no_stop,5,36,180,0.007058823529411895
tree_cancer,ags_no_prune_no_stop,5,37,185,0.007058823529411895
tree_cancer,ags_no_prune_no_stop,5,38,190,0.007058823529411895
tree_cancer,ags_no_prune_no_stop,5,39,195,0.007058823529411895
tree_cancer,ags_no_prune_no_stop,5,40,200,0.007058823529411895
tree_cancer,ags_no_prune_no_stop,5,41,205,0.007058823529411895
tree_cancer,ags_no_prune_no_stop,5,42,210,0.007058823529411895
tree_cancer,ags_no_prune_no_stop,5,43,215,0.007058823529411895
tree_cancer,ags_no_prune_no_stop,5,44,220,0.007058823529411895
tree_cancer,ags_no_prune_no_stop,5,45,225,0.007058823529411895
tree_cancer,ags_no_prune_no_stop,5,46,230,0.007058823529411895
tree_cancer,ags_no_prune_no_stop,5,47,235,0.007058823529411895
tree_cancer,ags_no_prune_no_stop,5,48,240,0.007058823529411895
tree_cancer,ags_no_prune_no_stop,5,49,245,0.007058823529411895
tree_cancer,ags_no_prune_no_stop,5,50,250,0.007058823529411895
tree_cancer,ags_no_prune_no_stop,5,51,255,0.007058823529411895
tree_cancer,ags_no_prune_no_stop,5,52,260,0.007058823529411895
tree_cancer,ags_no_prune_no_stop,5,53,265,0.007058823529411895
tree_cancer,ags_no_prune_no_stop,5,54,270,0.007058823529411895
tree_cancer,ags_no_prune_no_stop,5,55,275,0.007058823529411895
tree_cancer,ags_no_prune_no_stop,5,56,280,0.007058823529411895
tree_cancer,ags_no_prune_no_stop,5,57,285,0.007058823529411895
tree_cancer,ags_no_prune_no_stop,5,58,290,0.007058823529411895
tree_cancer,ags_no_prune_no_stop,5,59,295,0.007058823529411895
tree_cancer,ags_no_prune_no_stop,5,60,300,0.007058823529411895
tree_cancer,ags_no_prune_no_stop,6,1,5,0.0023529411764706687
tree_cancer,ags_no_prune_no_stop,6,2,10,0.0023529411764706687
tree_cancer,ags_no_prune_no_stop,6,3,15,0.0023529411764706687
tree_cancer,ags_no_prune_no_stop,6,4,20,0.0023529411764706687
tree_cancer,ags_no_prune_no_stop,6,5,25,0.0023529411764706687
tree_cancer,ags_no_prune_no_stop,6,6,30,0.023392612859097217
tree_cancer,ags_no_prune_no_stop,6,7,35,0.023392612859097217
tree_cancer,ags_no_prune_no_stop,6,8,40,0.023392612859097217
tree_cancer,ags_no_prune_no_stop,6,9,45,0.023392612859097217
tree_cancer,ags_no_prune_no_stop,6,10,50,0.023392612859097217
tree_cancer,ags_no_prune_no_stop,6,11,55,0.023392612859097217
tree_cancer,ags_no_prune_no_stop,6,12,60,0.023392612859097217
tree_cancer,ags_no_prune_no_stop,6,13,65,0.023392612859097217
tree_cancer,ags_no_prune_no_stop,6,14,70,0.023392612859097217
tree_cancer,ags_no_prune_no_stop,6,15,75,0.023392612859097217
tree_cancer,ags_no_prune_no_stop,6,16,80,0.023392612859097217
tree_cancer,ags_no_prune_no_stop,6,17,85,0.023392612859097217
tree_cancer,ags_no_prune_no_stop,6,18,90,0.023392612859097217
tree_cancer,ags_no_prune_no_stop,6,19,95,0.023392612859097217
tree_cancer,ags_no_prune_no_stop,6,20,100,0.023392612859097217
tree_cancer,ags_no_prune_no_stop,6,21,105,0.023392612859097217
tree_cancer,ags_no_prune_no_stop,6,22,110,0.023392612859097217
tree_cancer,ags_no_prune_no_stop,6,23,115,0.023392612859097217
tree_cancer,ags_no_prune_no_stop,6,24,120,0.023392612859097217
tree_cancer,ags_no_prune_no_stop,6,25,125,0.023392612859097217
tree_cancer,ags_no_prune_no_stop,6,26,130,0.023392612859097217
tree_cancer,ags_no_prune_no_stop,6,27,135,0.023392612859097217
tree_cancer,ags_no_prune_no_stop,6,28,140,0.023392612859097217
tree_cancer,ags_no_prune_no_stop,6,29,145,0.011709986320109556
tree_cancer,ags_no_prune_no_stop,6,30,150,0.011709986320109556
tree_cancer,ags_no_prune_no_stop,6,31,155,0.011709986320109556
tree_cancer,ags_no_prune_no_stop,6,32,160,0.011709986320109556
tree_cancer,ags_no_prune_no_stop,6,33,165,0.011709986320109556
tree_cancer,ags_no_prune_no_stop,6,34,170,0.011709986320109556
tree_cancer,ags_no_prune_no_stop,6,35,175,0.011709986320109556
tree_cancer,ags_no_prune_no_stop,6,36,180,0.011709986320109556
tree_cancer,ags_no_prune_no_stop,6,37,185,0.011709986320109556
tree_cancer,ags_no_prune_no_stop,6,38,190,0.011709986320109556
tree_cancer,ags_no_prune_no_stop,6,39,195,0.011709986320109556
tree_cancer,ags_no_prune_no_stop,6,40,200,0.011709986320109556
tree_cancer,ags_no_prune_no_stop,6,41,205,0.011709986320109556
tree_cancer,ags_no_prune_no_stop,6,42,210,0.011709986320109556
tree_cancer,ags_no_prune_no_stop,6,43,215,0.011709986320109556
tree_cancer,ags_no_prune_no_stop,6,44,220,0.011709986320109556
tree_cancer,ags_no_prune_no_stop,6,45,225,0.011709986320109556
tree_cancer,ags_no_prune_no_stop,6,46,230,0.011709986320109556
tree_cancer,ags_no_prune_no_stop,6,47,235,0.011709986320109556
tree_cancer,ags_no_prune_no_stop,6,48,240,0.011709986320109556
tree_cancer,ags_no_prune_no_stop,6,49,245,0.011709986320109556
tree_cancer,ags_no_prune_no_stop,6,50,250,0.011709986320109556
tree_cancer,ags_no_prune_no_stop,6,51,255,0.011709986320109556
tree_cancer,ags_no_prune_no_stop,6,52,260,0.011709986320109556
tree_cancer,ags_no_prune_no_stop,6,53,265,0.011709986320109556
tree_cancer,ags_no_prune_no_stop,6,54,270,0.011709986320109556
tree_cancer,ags_no_prune_no_stop,6,55,275,0.011709986320109556
tree_cancer,ags_no_prune_no_stop,6,56,280,0.011709986320109556
tree_cancer,ags_no_prune_no_stop,6,57,285,0.011709986320109556
tree_cancer,ags_no_prune_no_stop,6,58,290,0.011709986320109556
tree_cancer,ags_no_prune_no_stop,6,59,295,0.011709986320109556
tree_cancer,ags_no_prune_no_stop,6,60,300,0.011709986320109556
tree_cancer,ags_no_prune_no_stop,7,1,5,0.018768809849521118
tree_cancer,ags_no_prune_no_stop,7,2,10,0.009411764705882453
tree_cancer,ags_no_prune_no_stop,7,3,15,0.009411764705882453
tree_cancer,ags_no_prune_no_stop,7,4,20,0.009411764705882453
tree_cancer,ags_no_prune_no_stop,7,5,25,0.009411764705882453
tree_cancer,ags_no_prune_no_stop,7,6,30,0.009411764705882453
tree_cancer,ags_no_prune_no_stop,7,7,35,0.009411764705882453
tree_cancer,ags_no_prune_no_stop,7,8,40,0.009411764705882453
tree_cancer,ags_no_prune_no_stop,7,9,45,0.014062927496580113
tree_cancer,ags_no_prune_no_stop,7,10,50,0.014062927496580113
tree_cancer,ags_no_prune_no_stop,7,11,55,0.014062927496580113
tree_cancer,ags_no_prune_no_stop,7,12,60,0.014062927496580113
tree_cancer,ags_no_prune_no_stop,7,13,65,0.014062927496580113
tree_cancer,ags_no_prune_no_stop,7,14,70,0.014062927496580113
tree_cancer,ags_no_prune_no_stop,7,15,75,0.014062927496580113
tree_cancer,ags_no_prune_no_stop,7,16,80,0.014062927496580113
tree_cancer,ags_no_prune_no_stop,7,17,85,0.014062927496580113
tree_cancer,ags_no_prune_no_stop,7,18,90,0.014062927496580113
tree_cancer,ags_no_prune_no_stop,7,19,95,0.014062927496580113
tree_cancer,ags_no_prune_no_stop,7,20,100,0.014062927496580113
tree_cancer,ags_no_prune_no_stop,7,21,105,0.014062927496580113
tree_cancer,ags_no_prune_no_stop,7,22,110,0.014062927496580113
tree_cancer,ags_no_prune_no_stop,7,23,115,0.014062927496580113
tree_cancer,ags_no_prune_no_stop,7,24,120,0.014062927496580113
tree_cancer,ags_no_prune_no_stop,7,25,125,0.014062927496580113
tree_cancer,ags_no_prune_no_stop,7,26,130,0.014062927496580113
tree_cancer,ags_no_prune_no_stop,7,27,135,0.014062927496580113
tree_cancer,ags_no_prune_no_stop,7,28,140,0.014062927496580113
tree_cancer,ags_no_prune_no_stop,7,29,145,0.014062927496580113
tree_cancer,ags_no_prune_no_stop,7,30,150,0.014062927496580113
tree_cancer,ags_no_prune_no_stop,7,31,155,0.014062927496580113
tree_cancer,ags_no_prune_no_stop,7,32,160,0.014062927496580113
tree_cancer,ags_no_prune_no_stop,7,33,165,0.014062927496580113
tree_cancer,ags_no_prune_no_stop,7,34,170,0.014062927496580113
tree_cancer,ags_no_prune_no_stop,7,35,175,0.014062927496580113
tree_cancer,ags_no_prune_no_stop,7,36,180,0.014062927496580113
tree_cancer,ags_no_prune_no_stop,7,37,185,0.014062927496580113
tree_cancer,ags_no_prune_no_stop,7,38,190,0.014062927496580113
tree_cancer,ags_no_prune_no_stop,7,39,195,0.014062927496580113
tree_cancer,ags_no_prune_no_stop,7,40,200,0.014062927496580113
tree_cancer,ags_no_prune_no_stop,7,41,205,0.014062927496580113
tree_cancer,ags_no_prune_no_stop,7,42,210,0.014062927496580113
tree_cancer,ags_no_prune_no_stop,7,43,215,0.014062927496580113
tree_cancer,ags_no_prune_no_stop,7,44,220,0.014062927496580113
tree_cancer,ags_no_prune_no_stop,7,45,225,0.014062927496580113
tree_cancer,ags_no_prune_no_stop,7,46,230,0.014062927496580113
tree_cancer,ags_no_prune_no_stop,7,47,235,0.014062927496580113
tree_cancer,ags_no_prune_no_stop,7,48,240,0.014062927496580113
tree_cancer,ags_no_prune_no_stop,7,49,245,0.014062927496580113
tree_cancer,ags_no_prune_no_stop,7,50,250,0.014062927496580113
tree_cancer,ags_no_prune_no_stop,7,51,255,0.014062927496580113
tree_cancer,ags_no_prune_no_stop,7,52,260,0.014062927496580113
tree_cancer,ags_no_prune_no_stop,7,53,265,0.014062927496580113
tree_cancer,ags_no_prune_no_stop,7,54,270,0.014062927496580113
tree_cancer,ags_no_prune_no_stop,7,55,275,0.014062927496580113
tree_cancer,ags_no_prune_no_stop,7,56,280,0.014062927496580113
tree_cancer,ags_no_prune_no_stop,7,57,285,0.014062927496580113
tree_cancer,ags_no_prune_no_stop,7,58,290,0.014062927496580113
tree_cancer,ags_no_prune_no_stop,7,59,295,0.014062927496580113
tree_cancer,ags_no_prune_no_stop,7,60,300,0.014062927496580113
tree_cancer,ags_no_prune_no_stop,8,1,5,0.025772913816689558
tree_cancer,ags_no_prune_no_stop,8,2,10,0.025772913816689558
tree_cancer,ags_no_prune_no_stop,8,3,15,0.025772913816689558
tree_cancer,ags_no_prune_no_stop,8,4,20,0.014062927496580113
tree_cancer,ags_no_prune_no_stop,8,5,25,0.014062927496580113
tree_cancer,ags_no_prune_no_stop,8,6,30,0.014062927496580113
tree_cancer,ags_no_prune_no_stop,8,7,35,0.0023529411764706687
tree_cancer,ags_no_prune_no_stop,8,8,40,0.0023529411764706687
tree_cancer,ags_no_prune_no_stop,8,9,45,0.0023529411764706687
tree_cancer,ags_no_prune_no_stop,8,10,50,0.0023529411764706687
tree_cancer,ags_no_prune_no_stop,8,11,55,0.0023529411764706687
tree_cancer,ags_no_prune_no_stop,8,12,60,0.0023529411764706687
tree_cancer,ags_no_prune_no_stop,8,13,65,0.0023529411764706687
tree_cancer,ags_no_prune_no_stop,8,14,70,0.0023529411764706687
tree_cancer,ags_no_prune_no_stop,8,15,75,0.0023529411764706687
tree_cancer,ags_no_prune_no_stop,8,16,80,0.0023529411764706687
tree_cancer,ags_no_prune_no_stop,8,17,85,0.0023529411764706687
tree_cancer,ags_no_prune_no_stop,8,18,90,0.0023529411764706687
tree_cancer,ags_no_prune_no_stop,8,19,95,0.0023529411764706687
tree_cancer,ags_no_prune_no_stop,8,20,100,0.0023529411764706687
tree_cancer,ags_no_prune_no_stop,8,21,105,0.0023529411764706687
tree_cancer,ags_no_prune_no_stop,8,22,110,0.0023529411764706687
tree_cancer,ags_no_prune_no_stop,8,23,115,0.0023529411764706687
tree_cancer,ags_no_prune_no_stop,8,24,120,0.0023529411764706687
tree_cancer,ags_no_prune_no_stop,8,25,125,0.0023529411764706687
tree_cancer,ags_no_prune_no_stop,8,26,130,0.0023529411764706687
tree_cancer,ags_no_prune_no_stop,8,27,135,0.0023529411764706687
tree_cancer,ags_no_prune_no_stop,8,28,140,0.0023529411764706687
tree_cancer,ags_no_prune_no_stop,8,29,145,1.1102230246251565e-16
tree_cancer,ags_no_prune_no_stop,8,30,150,1.1102230246251565e-16
tree_cancer,ags_no_prune_no_stop,8,31,155,1.1102230246251565e-16
tree_cancer,ags_no_prune_no_stop,8,32,160,0.007058823529411895
tree_cancer,ags_no_prune_no_stop,8,33,165,0.007058823529411895
tree_cancer,ags_no_prune_no_stop,8,34,170,0.007058823529411895
tree_cancer,ags_no_prune_no_stop,8,35,175,0.007058823529411895
tree_cancer,ags_no_prune_no_stop,8,36,180,0.007058823529411895
tree_cancer,ags_no_prune_no_stop,8,37,185,0.007058823529411895
tree_cancer,ags_no_prune_no_stop,8,38,190,0.007058823529411895
tree_cancer,ags_no_prune_no_stop,8,39,195,0.007058823529411895
tree_cancer,ags_no_prune_no_stop,8,40,200,0.007058823529411895
tree_cancer,ags_no_prune_no_stop,8,41,205,0.007058823529411895
tree_cancer,ags_no_prune_no_stop,8,42,210,0.007058823529411895
tree_cancer,ags_no_prune_no_stop,8,43,215,0.007058823529411895
tree_cancer,ags_no_prune_no_stop,8,44,220,0.007058823529411895
tree_cancer,ags_no_prune_no_stop,8,45,225,0.007058823529411895
tree_cancer,ags_no_prune_no_stop,8,46,230,0.007058823529411895
tree_cancer,ags_no_prune_no_stop,8,47,235,0.007058823529411895
tree_cancer,ags_no_prune_no_stop,8,48,240,0.007058823529411895
tree_cancer,ags_no_prune_no_stop,8,49,245,0.007058823529411895
tree_cancer,ags_no_prune_no_stop,8,50,250,0.007058823529411895
tree_cancer,ags_no_prune_no_stop,8,51,255,0.007058823529411895
tree_cancer,ags_no_prune_no_stop,8,52,260,0.007058823529411895
tree_cancer,ags_no_prune_no_stop,8,53,265,0.007058823529411895
tree_cancer,ags_no_prune_no_stop,8,54,270,0.007058823529411895
tree_cancer,ags_no_prune_no_stop,8,55,275,0.007058823529411895
tree_cancer,ags_no_prune_no_stop,8,56,280,0.007058823529411895
tree_cancer,ags_no_prune_no_stop,8,57,285,0.007058823529411895
tree_cancer,ags_no_prune_no_stop,8,58,290,0.007058823529411895
tree_cancer,ags_no_prune_no_stop,8,59,295,0.007058823529411895
tree_cancer,ags_no_prune_no_stop,8,60,300,0.007058823529411895
tree_cancer,ags_no_prune_no_stop,9,1,5,0.011709986320109556
tree_cancer,ags_no_prune_no_stop,9,2,10,0.018768809849521118
tree_cancer,ags_no_prune_no_stop,9,3,15,0.018768809849521118
tree_cancer,ags_no_prune_no_stop,9,4,20,0.018768809849521118
tree_cancer,ags_no_prune_no_stop,9,5,25,0.018768809849521118
tree_cancer,ags_no_prune_no_stop,9,6,30,0.018768809849521118
tree_cancer,ags_no_prune_no_stop,9,7,35,0.018768809849521118
tree_cancer,ags_no_prune_no_stop,9,8,40,0.018768809849521118
tree_cancer,ags_no_prune_no_stop,9,9,45,0.018768809849521118
tree_cancer,ags_no_prune_no_stop,9,10,50,0.018768809849521118
tree_cancer,ags_no_prune_no_stop,9,11,55,0.018768809849521118
tree_cancer,ags_no_prune_no_stop,9,12,60,0.018768809849521118
tree_cancer,ags_no_prune_no_stop,9,13,65,0.018768809849521118
tree_cancer,ags_no_prune_no_stop,9,14,70,0.018768809849521118
tree_cancer,ags_no_prune_no_stop,9,15,75,0.018768809849521118
tree_cancer,ags_no_prune_no_stop,9,16,80,0.018768809849521118
tree_cancer,ags_no_prune_no_stop,9,17,85,0.018768809849521118
tree_cancer,ags_no_prune_no_stop,9,18,90,0.018768809849521118
tree_cancer,ags_no_prune_no_stop,9,19,95,0.018768809849521118
tree_cancer,ags_no_prune_no_stop,9,20,100,0.018768809849521118
tree_cancer,ags_no_prune_no_stop,9,21,105,0.018768809849521118
tree_cancer,ags_no_prune_no_stop,9,22,110,0.018768809849521118
tree_cancer,ags_no_prune_no_stop,9,23,115,0.018768809849521118
tree_cancer,ags_no_prune_no_stop,9,24,120,0.018768809849521118
tree_cancer,ags_no_prune_no_stop,9,25,125,0.018768809849521118
tree_cancer,ags_no_prune_no_stop,9,26,130,0.018768809849521118
tree_cancer,ags_no_prune_no_stop,9,27,135,0.018768809849521118
tree_cancer,ags_no_prune_no_stop,9,28,140,0.018768809849521118
tree_cancer,ags_no_prune_no_stop,9,29,145,0.018768809849521118
tree_cancer,ags_no_prune_no_stop,9,30,150,0.018768809849521118
tree_cancer,ags_no_prune_no_stop,9,31,155,0.018768809849521118
tree_cancer,ags_no_prune_no_stop,9,32,160,0.018768809849521118
tree_cancer,ags_no_prune_no_stop,9,33,165,0.018768809849521118
tree_cancer,ags_no_prune_no_stop,9,34,170,0.018768809849521118
tree_cancer,ags_no_prune_no_stop,9,35,175,0.018768809849521118
tree_cancer,ags_no_prune_no_stop,9,36,180,0.018768809849521118
tree_cancer,ags_no_prune_no_stop,9,37,185,0.018768809849521118
tree_cancer,ags_no_prune_no_stop,9,38,190,0.018768809849521118
tree_cancer,ags_no_prune_no_stop,9,39,195,0.018768809849521118
tree_cancer,ags_no_prune_no_stop,9,40,200,0.018768809849521118
tree_cancer,ags_no_prune_no_stop,9,41,205,0.018768809849521118
tree_cancer,ags_no_prune_no_stop,9,42,210,0.018768809849521118
tree_cancer,ags_no_prune_no_stop,9,43,215,0.018768809849521118
tree_cancer,ags_no_prune_no_stop,9,44,220,0.018768809849521118
tree_cancer,ags_no_prune_no_stop,9,45,225,0.018768809849521118
tree_cancer,ags_no_prune_no_stop,9,46,230,0.018768809849521118
tree_cancer,ags_no_prune_no_stop,9,47,235,0.018768809849521118
tree_cancer,ags_no_prune_no_stop,9,48,240,0.018768809849521118
tree_cancer,ags_no_prune_no_stop,9,49,245,0.018768809849521118
tree_cancer,ags_no_prune_no_stop,9,50,250,0.018768809849521118
tree_cancer,ags_no_prune_no_stop,9,51,255,0.018768809849521118
tree_cancer,ags_no_prune_no_stop,9,52,260,0.018768809849521118
tree_cancer,ags_no_prune_no_stop,9,53,265,0.018768809849521118
tree_cancer,ags_no_prune_no_stop,9,54,270,0.018768809849521118
tree_cancer,ags_no_prune_no_stop,9,55,275,0.018768809849521118
tree_cancer,ags_no_prune_no_stop,9,56,280,0.018768809849521118
tree_cancer,ags_no_prune_no_stop,9,57,285,0.018768809849521118
tree_cancer,ags_no_prune_no_stop,9,58,290,0.018768809849521118
tree_cancer,ags_no_prune_no_stop,9,59,295,0.018768809849521118
tree_cancer,ags_no_prune_no_stop,9,60,300,0.018768809849521118
tree_cancer,ags_gp_no_stop,0,1,5,0.011709986320109556
tree_cancer,ags_gp_no_stop,0,2,10,0.011709986320109556
tree_cancer,ags_gp_no_stop,0,3,15,0.011709986320109556
tree_cancer,ags_gp_no_stop,0,4,20,0.011709986320109556
tree_cancer,ags_gp_no_stop,0,5,25,0.009357045143638998
tree_cancer,ags_gp_no_stop,0,6,30,0.009357045143638998
tree_cancer,ags_gp_no_stop,0,7,35,0.009357045143638998
tree_cancer,ags_gp_no_stop,0,8,40,0.009357045143638998
tree_cancer,ags_gp_no_stop,0,9,45,0.009357045143638998
tree_cancer,ags_gp_no_stop,0,10,50,0.009357045143638998
tree_cancer,ags_gp_no_stop,0,11,55,0.00700410396716844
tree_cancer,ags_gp_no_stop,0,12,60,0.011709986320109556
tree_cancer,ags_gp_no_stop,0,13,65,0.011737346101231338
tree_cancer,ags_gp_no_stop,0,14,70,0.011737346101231338
tree_cancer,ags_gp_no_stop,0,15,75,0.011737346101231338
tree_cancer,ags_gp_no_stop,0,16,80,0.011737346101231338
tree_cancer,ags_gp_no_stop,0,17,85,0.011737346101231338
tree_cancer,ags_gp_no_stop,0,18,90,0.011737346101231338
tree_cancer,ags_gp_no_stop,0,19,95,0.011737346101231338
tree_cancer,ags_gp_no_stop,0,20,100,0.011737346101231338
tree_cancer,ags_gp_no_stop,0,21,105,0.011737346101231338
tree_cancer,ags_gp_no_stop,0,22,110,0.011737346101231338
tree_cancer,ags_gp_no_stop,0,23,115,0.011737346101231338
tree_cancer,ags_gp_no_stop,0,24,120,0.011737346101231338
tree_cancer,ags_gp_no_stop,0,25,125,0.011737346101231338
tree_cancer,ags_gp_no_stop,0,26,130,0.011737346101231338
tree_cancer,ags_gp_no_stop,0,27,135,0.011737346101231338
tree_cancer,ags_gp_no_stop,0,28,140,0.011737346101231338
tree_cancer,ags_gp_no_stop,0,29,145,0.011737346101231338
tree_cancer,ags_gp_no_stop,0,30,150,0.011737346101231338
tree_cancer,ags_gp_no_stop,0,31,155,0.011737346101231338
tree_cancer,ags_gp_no_stop,0,32,160,0.011737346101231338
tree_cancer,ags_gp_no_stop,0,33,165,0.011737346101231338
tree_cancer,ags_gp_no_stop,0,34,170,0.011737346101231338
tree_cancer,ags_gp_no_stop,0,35,175,0.011737346101231338
tree_cancer,ags_gp_no_stop,0,36,179,0.011737346101231338
tree_cancer,ags_gp_no_stop,0,37,181,0.011737346101231338
tree_cancer,ags_gp_no_stop,0,38,183,0.011737346101231338
tree_cancer,ags_gp_no_stop,0,39,188,0.011737346101231338
tree_cancer,ags_gp_no_stop,0,40,191,0.011737346101231338
tree_cancer,ags_gp_no_stop,0,41,196,0.011737346101231338
tree_cancer,ags_gp_no_stop,0,42,198,0.011737346101231338
tree_cancer,ags_gp_no_stop,0,43,201,0.011737346101231338
tree_cancer,ags_gp_no_stop,0,44,206,0.011737346101231338
tree_cancer,ags_gp_no_stop,0,45,211,0.011737346101231338
tree_cancer,ags_gp_no_stop,0,46,216,0.011737346101231338
tree_cancer,ags_gp_no_stop,0,47,221,0.011737346101231338
tree_cancer,ags_gp_no_stop,0,48,226,0.011737346101231338
tree_cancer,ags_gp_no_stop,0,49,231,0.011737346101231338
tree_cancer,ags_gp_no_stop,0,50,236,0.011737346101231338
tree_cancer,ags_gp_no_stop,0,51,241,0.011737346101231338
tree_cancer,ags_gp_no_stop,0,52,246,0.011737346101231338
tree_cancer,ags_gp_no_stop,0,53,251,0.011737346101231338
tree_cancer,ags_gp_no_stop,0,54,256,0.011737346101231338
tree_cancer,ags_gp_no_stop,0,55,261,0.011737346101231338
tree_cancer,ags_gp_no_stop,0,56,266,0.011737346101231338
tree_cancer,ags_gp_no_stop,0,57,271,0.011737346101231338
tree_cancer,ags_gp_no_stop,0,58,276,0.011737346101231338
tree_cancer,ags_gp_no_stop,0,59,281,0.011737346101231338
tree_cancer,ags_gp_no_stop,0,60,286,0.011737346101231338
tree_cancer,ags_gp_no_stop,1,1,5,0.009357045143638998
tree_cancer,ags_gp_no_stop,1,2,10,0.009357045143638998
tree_cancer,ags_gp_no_stop,1,3,15,0.009357045143638998
tree_cancer,ags_gp_no_stop,1,4,20,0.009357045143638998
tree_cancer,ags_gp_no_stop,1,5,25,0.009357045143638998
tree_cancer,ags_gp_no_stop,1,6,30,0.009357045143638998
tree_cancer,ags_gp_no_stop,1,7,35,0.009357045143638998
tree_cancer,ags_gp_no_stop,1,8,40,0.009357045143638998
tree_cancer,ags_gp_no_stop,1,9,45,0.0023529411764706687
tree_cancer,ags_gp_no_stop,1,10,50,0.0023529411764706687
tree_cancer,ags_gp_no_stop,1,11,55,0.007086183310533567
tree_cancer,ags_gp_no_stop,1,12,60,0.007086183310533567
tree_cancer,ags_gp_no_stop,1,13,65,0.007086183310533567
tree_cancer,ags_gp_no_stop,1,14,70,0.007086183310533567
tree_cancer,ags_gp_no_stop,1,15,75,0.007086183310533567
tree_cancer,ags_gp_no_stop,1,16,80,0.007086183310533567
tree_cancer,ags_gp_no_stop,1,17,85,0.007086183310533567
tree_cancer,ags_gp_no_stop,1,18,87,0.0023803009575924516
tree_cancer,ags_gp_no_stop,1,19,89,0.0023803009575924516
tree_cancer,ags_gp_no_stop,1,20,94,0.0023803009575924516
tree_cancer,ags_gp_no_stop,1,21,99,0.0023803009575924516
tree_cancer,ags_gp_no_stop,1,22,104,0.0023803009575924516
tree_cancer,ags_gp_no_stop,1,23,109,0.0023803009575924516
tree_cancer,ags_gp_no_stop,1,24,114,0.0023803009575924516
tree_cancer,ags_gp_no_stop,1,25,119,0.0023803009575924516
tree_cancer,ags_gp_no_stop,1,26,124,0.0023803009575924516
tree_cancer,ags_gp_no_stop,1,27,129,0.0023803009575924516
tree_cancer,ags_gp_no_stop,1,28,134,0.0023803009575924516
tree_cancer,ags_gp_no_stop,1,29,139,0.0023803009575924516
tree_cancer,ags_gp_no_stop,1,30,144,0.0023803009575924516
tree_cancer,ags_gp_no_stop,1,31,149,0.0023803009575924516
tree_cancer,ags_gp_no_stop,1,32,154,0.0023803009575924516
tree_cancer,ags_gp_no_stop,1,33,159,0.0023803009575924516
tree_cancer,ags_gp_no_stop,1,34,164,0.0023803009575924516
tree_cancer,ags_gp_no_stop,1,35,169,0.0023803009575924516
tree_cancer,ags_gp_no_stop,1,36,174,0.0023803009575924516
tree_cancer,ags_gp_no_stop,1,37,179,0.0023803009575924516
tree_cancer,ags_gp_no_stop,1,38,184,0.0023803009575924516
tree_cancer,ags_gp_no_stop,1,39,189,0.0023803009575924516
tree_cancer,ags_gp_no_stop,1,40,192,0.0023803009575924516
tree_cancer,ags_gp_no_stop,1,41,197,0.0023803009575924516
tree_cancer,ags_gp_no_stop,1,42,202,0.0023803009575924516
tree_cancer,ags_gp_no_stop,1,43,207,0.0023803009575924516
tree_cancer,ags_gp_no_stop,1,44,212,0.0023803009575924516
tree_cancer,ags_gp_no_stop,1,45,217,0.0023803009575924516
tree_cancer,ags_gp_no_stop,1,46,222,0.0023803009575924516
tree_cancer,ags_gp_no_stop,1,47,227,0.0023803009575924516
tree_cancer,ags_gp_no_stop,1,48,232,0.0023803009575924516
tree_cancer,ags_gp_no_stop,1,49,237,0.0023803009575924516
tree_cancer,ags_gp_no_stop,1,50,242,0.0023803009575924516
tree_cancer,ags_gp_no_stop,1,51,247,0.0023803009575924516
tree_cancer,ags_gp_no_stop,1,52,252,0.0023803009575924516
tree_cancer,ags_gp_no_stop,1,53,257,0.0023803009575924516
tree_cancer,ags_gp_no_stop,1,54,262,0.0023803009575924516
tree_cancer,ags_gp_no_stop,1,55,267,0.0023803009575924516
tree_cancer,ags_gp_no_stop,1,56,272,0.0023803009575924516
tree_cancer,ags_gp_no_stop,1,57,277,0.0023803009575924516
tree_cancer,ags_gp_no_stop,1,58,282,0.0023803009575924516
tree_cancer,ags_gp_no_stop,1,59,287,0.0023803009575924516
tree_cancer,ags_gp_no_stop,1,60,292,0.0023803009575924516
tree_cancer,ags_gp_no_stop,2,1,5,0.0469493844049248
tree_cancer,ags_gp_no_stop,2,2,10,0.02103967168262666
tree_cancer,ags_gp_no_stop,2,3,15,0.009411764705882453
tree_cancer,ags_gp_no_stop,2,4,20,0.0
tree_cancer,ags_gp_no_stop,2,5,25,0.0
tree_cancer,ags_gp_no_stop,2,6,30,0.0
tree_cancer,ags_gp_no_stop,2,7,35,0.0
tree_cancer,ags_gp_no_stop,2,8,40,0.0
tree_cancer,ags_gp_no_stop,2,9,45,0.0
tree_cancer,ags_gp_no_stop,2,10,50,0.0
tree_cancer,ags_gp_no_stop,2,11,55,0.0
tree_cancer,ags_gp_no_stop,2,12,60,0.0
tree_cancer,ags_gp_no_stop,2,13,65,0.0
tree_cancer,ags_gp_no_stop,2,14,70,0.0
tree_cancer,ags_gp_no_stop,2,15,75,0.0
tree_cancer,ags_gp_no_stop,2,16,80,0.0
tree_cancer,ags_gp_no_stop,2,17,85,0.0
tree_cancer,ags_gp_no_stop,2,18,90,0.0
tree_cancer,ags_gp_no_stop,2,19,95,0.0
tree_cancer,ags_gp_no_stop,2,20,100,0.0
tree_cancer,ags_gp_no_stop,2,21,105,0.0
tree_cancer,ags_gp_no_stop,2,22,110,0.0
tree_cancer,ags_gp_no_stop,2,23,113,0.0
tree_cancer,ags_gp_no_stop,2,24,116,0.0
tree_cancer,ags_gp_no_stop,2,25,121,0.0
tree_cancer,ags_gp_no_stop,2,26,125,0.0
tree_cancer,ags_gp_no_stop,2,27,129,0.0
tree_cancer,ags_gp_no_stop,2,28,133,0.0
tree_cancer,ags_gp_no_stop,2,29,138,0.0
tree_cancer,ags_gp_no_stop,2,30,143,0.0
tree_cancer,ags_gp_no_stop,2,31,148,0.0
tree_cancer,ags_gp_no_stop,2,32,153,0.0
tree_cancer,ags_gp_no_stop,2,33,158,0.0
tree_cancer,ags_gp_no_stop,2,34,163,0.0
tree_cancer,ags_gp_no_stop,2,35,168,0.0
tree_cancer,ags_gp_no_stop,2,36,173,0.0
tree_cancer,ags_gp_no_stop,2,37,178,0.0
tree_cancer,ags_gp_no_stop,2,38,183,0.0
tree_cancer,ags_gp_no_stop,2,39,188,0.0
tree_cancer,ags_gp_no_stop,2,40,193,0.0
tree_cancer,ags_gp_no_stop,2,41,198,0.0
tree_cancer,ags_gp_no_stop,2,42,203,0.0
tree_cancer,ags_gp_no_stop,2,43,208,0.0
tree_cancer,ags_gp_no_stop,2,44,210,0.0
tree_cancer,ags_gp_no_stop,2,45,212,0.0
tree_cancer,ags_gp_no_stop,2,46,214,0.0
tree_cancer,ags_gp_no_stop,2,47,219,0.0
tree_cancer,ags_gp_no_stop,2,48,223,0.0
tree_cancer,ags_gp_no_stop,2,49,226,0.0
tree_cancer,ags_gp_no_stop,2,50,231,0.0
tree_cancer,ags_gp_no_stop,2,51,236,0.0
tree_cancer,ags_gp_no_stop,2,52,240,0.0
tree_cancer,ags_gp_no_stop,2,53,245,0.0
tree_cancer,ags_gp_no_stop,2,54,250,0.0
tree_cancer,ags_gp_no_stop,2,55,255,0.0
tree_cancer,ags_gp_no_stop,2,56,259,0.0
tree_cancer,ags_gp_no_stop,2,57,261,0.0
tree_cancer,ags_gp_no_stop,2,58,265,0.0
tree_cancer,ags_gp_no_stop,2,59,270,0.0
tree_cancer,ags_gp_no_stop,2,60,274,0.0
tree_cancer,ags_gp_no_stop,3,1,5,0.014062927496580113
tree_cancer,ags_gp_no_stop,3,2,10,0.014062927496580113
tree_cancer,ags_gp_no_stop,3,3,15,0.014062927496580113
tree_cancer,ags_gp_no_stop,3,4,20,0.014062927496580113
tree_cancer,ags_gp_no_stop,3,5,25,0.014062927496580113
tree_cancer,ags_gp_no_stop,3,6,30,0.014062927496580113
tree_cancer,ags_gp_no_stop,3,7,35,0.014062927496580113
tree_cancer,ags_gp_no_stop,3,8,40,0.004705882352941337
tree_cancer,ags_gp_no_stop,3,9,45,0.004705882352941337
tree_cancer,ags_gp_no_stop,3,10,50,0.0023529411764706687
tree_cancer,ags_gp_no_stop,3,11,55,0.0023529411764706687
tree_cancer,ags_gp_no_stop,3,12,60,0.0023529411764706687
tree_cancer,ags_gp_no_stop,3,13,65,0.0023529411764706687
tree_cancer,ags_gp_no_stop,3,14,70,0.0023529411764706687
tree_cancer,ags_gp_no_stop,3,15,75,0.0023529411764706687
tree_cancer,ags_gp_no_stop,3,16,77,0.0023529411764706687
tree_cancer,ags_gp_no_stop,3,17,82,0.0023529411764706687
tree_cancer,ags_gp_no_stop,3,18,87,0.0023529411764706687
tree_cancer,ags_gp_no_stop,3,19,92,0.0023529411764706687
tree_cancer,ags_gp_no_stop,3,20,97,0.0023529411764706687
tree_cancer,ags_gp_no_stop,3,21,102,0.0023529411764706687
tree_cancer,ags_gp_no_stop,3,22,107,0.0023529411764706687
tree_cancer,ags_gp_no_stop,3,23,112,0.0023529411764706687
tree_cancer,ags_gp_no_stop,3,24,117,0.0023529411764706687
tree_cancer,ags_gp_no_stop,3,25,122,0.0023529411764706687
tree_cancer,ags_gp_no_stop,3,26,127,0.0023529411764706687
tree_cancer,ags_gp_no_stop,3,27,132,0.0023529411764706687
tree_cancer,ags_gp_no_stop,3,28,137,0.0023529411764706687
tree_cancer,ags_gp_no_stop,3,29,142,0.0023529411764706687
tree_cancer,ags_gp_no_stop,3,30,147,0.0023529411764706687
tree_cancer,ags_gp_no_stop,3,31,149,0.0023529411764706687
tree_cancer,ags_gp_no_stop,3,32,154,0.0023529411764706687
tree_cancer,ags_gp_no_stop,3,33,156,0.0023529411764706687
tree_cancer,ags_gp_no_stop,3,34,161,0.0023529411764706687
tree_cancer,ags_gp_no_stop,3,35,166,0.0023529411764706687
tree_cancer,ags_gp_no_stop,3,36,171,0.0023529411764706687
tree_cancer,ags_gp_no_stop,3,37,176,0.0023529411764706687
tree_cancer,ags_gp_no_stop,3,38,181,0.0023529411764706687
tree_cancer,ags_gp_no_stop,3,39,186,0.0023529411764706687
tree_cancer,ags_gp_no_stop,3,40,191,0.0023529411764706687
tree_cancer,ags_gp_no_stop,3,41,196,0.0023529411764706687
tree_cancer,ags_gp_no_stop,3,42,201,0.0023529411764706687
tree_cancer,ags_gp_no_stop,3,43,206,0.0023529411764706687
tree_cancer,ags_gp_no_stop,3,44,211,0.0023529411764706687
tree_cancer,ags_gp_no_stop,3,45,216,0.0023529411764706687
tree_cancer,ags_gp_no_stop,3,46,221,0.0023529411764706687
tree_cancer,ags_gp_no_stop,3,47,226,0.0023529411764706687
tree_cancer,ags_gp_no_stop,3,48,231,0.0023529411764706687
tree_cancer,ags_gp_no_stop,3,49,236,0.0023529411764706687
tree_cancer,ags_gp_no_stop,3,50,241,0.0023529411764706687
tree_cancer,ags_gp_no_stop,3,51,246,0.0023529411764706687
tree_cancer,ags_gp_no_stop,3,52,251,0.0023529411764706687
tree_cancer,ags_gp_no_stop,3,53,256,0.0023529411764706687
tree_cancer,ags_gp_no_stop,3,54,258,0.0023529411764706687
tree_cancer,ags_gp_no_stop,3,55,263,0.0023529411764706687
tree_cancer,ags_gp_no_stop,3,56,268,0.0023529411764706687
tree_cancer,ags_gp_no_stop,3,57,273,0.0023529411764706687
tree_cancer,ags_gp_no_stop,3,58,278,0.0023529411764706687
tree_cancer,ags_gp_no_stop,3,59,283,0.0023529411764706687
tree_cancer,ags_gp_no_stop,3,60,288,0.0023529411764706687
tree_cancer,ags_gp_no_stop,4,1,5,0.011682626538987773
tree_cancer,ags_gp_no_stop,4,2,10,0.011682626538987773
tree_cancer,ags_gp_no_stop,4,3,15,0.011682626538987773
tree_cancer,ags_gp_no_stop,4,4,20,0.011682626538987773
tree_cancer,ags_gp_no_stop,4,5,25,0.011682626538987773
tree_cancer,ags_gp_no_stop,4,6,30,0.011682626538987773
tree_cancer,ags_gp_no_stop,4,7,35,0.011682626538987773
tree_cancer,ags_gp_no_stop,4,8,40,0.011682626538987773
tree_cancer,ags_gp_no_stop,4,9,45,0.011682626538987773
tree_cancer,ags_gp_no_stop,4,10,50,0.011682626538987773
tree_cancer,ags_gp_no_stop,4,11,55,0.011682626538987773
tree_cancer,ags_gp_no_stop,4,12,60,0.011682626538987773
tree_cancer,ags_gp_no_stop,4,13,65,0.011682626538987773
tree_cancer,ags_gp_no_stop,4,14,70,0.011682626538987773
tree_cancer,ags_gp_no_stop,4,15,75,0.014062927496580113
tree_cancer,ags_gp_no_stop,4,16,80,0.007086183310533567
tree_cancer,ags_gp_no_stop,4,17,85,0.007086183310533567
tree_cancer,ags_gp_no_stop,4,18,90,0.007086183310533567
tree_cancer,ags_gp_no_stop,4,19,95,0.007086183310533567
tree_cancer,ags_gp_no_stop,4,20,100,0.007086183310533567
tree_cancer,ags_gp_no_stop,4,21,105,0.007086183310533567
tree_cancer,ags_gp_no_stop,4,22,110,0.007086183310533567
tree_cancer,ags_gp_no_stop,4,23,112,0.007086183310533567
tree_cancer,ags_gp_no_stop,4,24,117,0.007086183310533567
tree_cancer,ags_gp_no_stop,4,25,122,0.007086183310533567
tree_cancer,ags_gp_no_stop,4,26,127,0.007086183310533567
tree_cancer,ags_gp_no_stop,4,27,132,0.007086183310533567
tree_cancer,ags_gp_no_stop,4,28,137,0.007086183310533567
tree_cancer,ags_gp_no_stop,4,29,142,0.007086183310533567
tree_cancer,ags_gp_no_stop,4,30,147,0.007086183310533567
tree_cancer,ags_gp_no_stop,4,31,152,0.007086183310533567
tree_cancer,ags_gp_no_stop,4,32,157,0.007086183310533567
tree_cancer,ags_gp_no_stop,4,33,162,0.007086183310533567
tree_cancer,ags_gp_no_stop,4,34,167,0.007086183310533567
tree_cancer,ags_gp_no_stop,4,35,172,0.007086183310533567
tree_cancer,ags_gp_no_stop,4,36,177,0.007086183310533567
tree_cancer,ags_gp_no_stop,4,37,182,0.007086183310533567
tree_cancer,ags_gp_no_stop,4,38,187,0.007086183310533567
tree_cancer,ags_gp_no_stop,4,39,190,0.007086183310533567
tree_cancer,ags_gp_no_stop,4,40,193,0.007086183310533567
tree_cancer,ags_gp_no_stop,4,41,196,0.007086183310533567
tree_cancer,ags_gp_no_stop,4,42,199,0.007086183310533567
tree_cancer,ags_gp_no_stop,4,43,202,0.007086183310533567
tree_cancer,ags_gp_no_stop,4,44,204,0.007086183310533567
tree_cancer,ags_gp_no_stop,4,45,206,0.007086183310533567
tree_cancer,ags_gp_no_stop,4,46,211,0.007086183310533567
tree_cancer,ags_gp_no_stop,4,47,216,0.007086183310533567
tree_cancer,ags_gp_no_stop,4,48,221,0.007086183310533567
tree_cancer,ags_gp_no_stop,4,49,226,0.007086183310533567
tree_cancer,ags_gp_no_stop,4,50,231,0.007086183310533567
tree_cancer,ags_gp_no_stop,4,51,236,0.007086183310533567
tree_cancer,ags_gp_no_stop,4,52,241,0.007086183310533567
tree_cancer,ags_gp_no_stop,4,53,246,0.007086183310533567
tree_cancer,ags_gp_no_stop,4,54,251,0.007086183310533567
tree_cancer,ags_gp_no_stop,4,55,256,0.007086183310533567
tree_cancer,ags_gp_no_stop,4,56,261,0.007086183310533567
tree_cancer,ags_gp_no_stop,4,57,266,0.007086183310533567
tree_cancer,ags_gp_no_stop,4,58,271,0.007086183310533567
tree_cancer,ags_gp_no_stop,4,59,276,0.007086183310533567
tree_cancer,ags_gp_no_stop,4,60,278,0.007086183310533567
tree_cancer,ags_gp_no_stop,5,1,5,0.007058823529411895
tree_cancer,ags_gp_no_stop,5,2,10,0.007058823529411895
tree_cancer,ags_gp_no_stop,5,3,15,0.007058823529411895
tree_cancer,ags_gp_no_stop,5,4,20,0.007058823529411895
tree_cancer,ags_gp_no_stop,5,5,25,0.007058823529411895
tree_cancer,ags_gp_no_stop,5,6,30,0.007058823529411895
tree_cancer,ags_gp_no_stop,5,7,35,0.007058823529411895
tree_cancer,ags_gp_no_stop,5,8,40,0.007058823529411895
tree_cancer,ags_gp_no_stop,5,9,45,0.007058823529411895
tree_cancer,ags_gp_no_stop,5,10,47,0.007058823529411895
tree_cancer,ags_gp_no_stop,5,11,52,0.007058823529411895
tree_cancer,ags_gp_no_stop,5,12,57,0.007058823529411895
tree_cancer,ags_gp_no_stop,5,13,62,0.007058823529411895
tree_cancer,ags_gp_no_stop,5,14,67,0.007058823529411895
tree_cancer,ags_gp_no_stop,5,15,72,0.007058823529411895
tree_cancer,ags_gp_no_stop,5,16,77,0.007058823529411895
tree_cancer,ags_gp_no_stop,5,17,82,0.007058823529411895
tree_cancer,ags_gp_no_stop,5,18,84,0.007058823529411895
tree_cancer,ags_gp_no_stop,5,19,89,0.007058823529411895
tree_cancer,ags_gp_no_stop,5,20,94,0.007058823529411895
tree_cancer,ags_gp_no_stop,5,21,97,0.007058823529411895
tree_cancer,ags_gp_no_stop,5,22,101,0.007058823529411895
tree_cancer,ags_gp_no_stop,5,23,103,0.007058823529411895
tree_cancer,ags_gp_no_stop,5,24,108,0.007058823529411895
tree_cancer,ags_gp_no_stop,5,25,110,0.007058823529411895
tree_cancer,ags_gp_no_stop,5,26,112,0.007058823529411895
tree_cancer,ags_gp_no_stop,5,27,117,0.007058823529411895
tree_cancer,ags_gp_no_stop,5,28,119,0.007058823529411895
tree_cancer,ags_gp_no_stop,5,29,124,0.007058823529411895
tree_cancer,ags_gp_no_stop,5,30,127,0.007058823529411895
tree_cancer,ags_gp_no_stop,5,31,132,0.007058823529411895
tree_cancer,ags_gp_no_stop,5,32,134,0.007058823529411895
tree_cancer,ags_gp_no_stop,5,33,139,0.007058823529411895
tree_cancer,ags_gp_no_stop,5,34,144,0.007058823529411895
tree_cancer,ags_gp_no_stop,5,35,149,0.007058823529411895
tree_cancer,ags_gp_no_stop,5,36,154,0.007058823529411895
tree_cancer,ags_gp_no_stop,5,37,159,0.007058823529411895
tree_cancer,ags_gp_no_stop,5,38,164,0.007058823529411895
tree_cancer,ags_gp_no_stop,5,39,169,0.007058823529411895
tree_cancer,ags_gp_no_stop,5,40,173,0.007058823529411895
tree_cancer,ags_gp_no_stop,5,41,178,0.007058823529411895
tree_cancer,ags_gp_no_stop,5,42,180,0.007058823529411895
tree_cancer,ags_gp_no_stop,5,43,182,0.007058823529411895
tree_cancer,ags_gp_no_stop,5,44,184,0.007058823529411895
tree_cancer,ags_gp_no_stop,5,45,188,0.007058823529411895
tree_cancer,ags_gp_no_stop,5,46,193,0.007058823529411895
tree_cancer,ags_gp_no_stop,5,47,198,0.007058823529411895
tree_cancer,ags_gp_no_stop,5,48,203,0.007058823529411895
tree_cancer,ags_gp_no_stop,5,49,208,0.007058823529411895
tree_cancer,ags_gp_no_stop,5,50,213,0.007058823529411895
tree_cancer,ags_gp_no_stop,5,51,216,0.007058823529411895
tree_cancer,ags_gp_no_stop,5,52,219,0.007058823529411895
tree_cancer,ags_gp_no_stop,5,53,224,0.007058823529411895
tree_cancer,ags_gp_no_stop,5,54,229,0.007058823529411895
tree_cancer,ags_gp_no_stop,5,55,231,0.007058823529411895
tree_cancer,ags_gp_no_stop,5,56,233,0.007058823529411895
tree_cancer,ags_gp_no_stop,5,57,238,0.007058823529411895
tree_cancer,ags_gp_no_stop,5,58,243,0.007058823529411895
tree_cancer,ags_gp_no_stop,5,59,248,0.007058823529411895
tree_cancer,ags_gp_no_stop,5,60,253,0.007058823529411895
tree_cancer,ags_gp_no_stop,6,1,5,0.0023529411764706687
tree_cancer,ags_gp_no_stop,6,2,10,0.0023529411764706687
tree_cancer,ags_gp_no_stop,6,3,15,0.0023529411764706687
tree_cancer,ags_gp_no_stop,6,4,20,0.0023529411764706687
tree_cancer,ags_gp_no_stop,6,5,25,0.0023529411764706687
tree_cancer,ags_gp_no_stop,6,6,30,0.023392612859097217
tree_cancer,ags_gp_no_stop,6,7,35,0.023392612859097217
tree_cancer,ags_gp_no_stop,6,8,40,0.023392612859097217
tree_cancer,ags_gp_no_stop,6,9,45,0.023392612859097217
tree_cancer,ags_gp_no_stop,6,10,50,0.023392612859097217
tree_cancer,ags_gp_no_stop,6,11,55,0.023392612859097217
tree_cancer,ags_gp_no_stop,6,12,58,0.023392612859097217
tree_cancer,ags_gp_no_stop,6,13,63,0.023392612859097217
tree_cancer,ags_gp_no_stop,6,14,68,0.023392612859097217
tree_cancer,ags_gp_no_stop,6,15,73,0.023392612859097217
tree_cancer,ags_gp_no_stop,6,16,78,0.023392612859097217
tree_cancer,ags_gp_no_stop,6,17,83,0.011709986320109556
tree_cancer,ags_gp_no_stop,6,18,88,0.011709986320109556
tree_cancer,ags_gp_no_stop,6,19,91,0.011709986320109556
tree_cancer,ags_gp_no_stop,6,20,96,0.011709986320109556
tree_cancer,ags_gp_no_stop,6,21,101,0.011709986320109556
tree_cancer,ags_gp_no_stop,6,22,103,0.011709986320109556
tree_cancer,ags_gp_no_stop,6,23,108,0.011709986320109556
tree_cancer,ags_gp_no_stop,6,24,113,0.011709986320109556
tree_cancer,ags_gp_no_stop,6,25,118,0.011709986320109556
tree_cancer,ags_gp_no_stop,6,26,123,0.011709986320109556
tree_cancer,ags_gp_no_stop,6,27,128,0.011709986320109556
tree_cancer,ags_gp_no_stop,6,28,133,0.011709986320109556
tree_cancer,ags_gp_no_stop,6,29,138,0.011709986320109556
tree_cancer,ags_gp_no_stop,6,30,141,0.011709986320109556
tree_cancer,ags_gp_no_stop,6,31,145,0.011709986320109556
tree_cancer,ags_gp_no_stop,6,32,148,0.011709986320109556
tree_cancer,ags_gp_no_stop,6,33,151,0.011709986320109556
tree_cancer,ags_gp_no_stop,6,34,156,0.011709986320109556
tree_cancer,ags_gp_no_stop,6,35,160,0.011709986320109556
tree_cancer,ags_gp_no_stop,6,36,162,0.011709986320109556
tree_cancer,ags_gp_no_stop,6,37,167,0.011709986320109556
tree_cancer,ags_gp_no_stop,6,38,169,0.011709986320109556
tree_cancer,ags_gp_no_stop,6,39,171,0.011709986320109556
tree_cancer,ags_gp_no_stop,6,40,173,0.011709986320109556
tree_cancer,ags_gp_no_stop,6,41,177,0.011709986320109556
tree_cancer,ags_gp_no_stop,6,42,179,0.011709986320109556
tree_cancer,ags_gp_no_stop,6,43,181,0.011709986320109556
tree_cancer,ags_gp_no_stop,6,44,186,0.011709986320109556
tree_cancer,ags_gp_no_stop,6,45,191,0.011709986320109556
tree_cancer,ags_gp_no_stop,6,46,196,0.011709986320109556
tree_cancer,ags_gp_no_stop,6,47,201,0.011709986320109556
tree_cancer,ags_gp_no_stop,6,48,206,0.011709986320109556
tree_cancer,ags_gp_no_stop,6,49,211,0.011709986320109556
tree_cancer,ags_gp_no_stop,6,50,216,0.011709986320109556
tree_cancer,ags_gp_no_stop,6,51,221,0.011709986320109556
tree_cancer,ags_gp_no_stop,6,52,226,0.011709986320109556
tree_cancer,ags_gp_no_stop,6,53,231,0.011709986320109556
tree_cancer,ags_gp_no_stop,6,54,236,0.011709986320109556
tree_cancer,ags_gp_no_stop,6,55,241,0.011709986320109556
tree_cancer,ags_gp_no_stop,6,56,246,0.011709986320109556
tree_cancer,ags_gp_no_stop,6,57,249,0.011709986320109556
tree_cancer,ags_gp_no_stop,6,58,252,0.011709986320109556
tree_cancer,ags_gp_no_stop,6,59,254,0.011709986320109556
tree_cancer,ags_gp_no_stop,6,60,259,0.011709986320109556
tree_cancer,ags_gp_no_stop,7,1,5,0.018768809849521118
tree_cancer,ags_gp_no_stop,7,2,10,0.009411764705882453
tree_cancer,ags_gp_no_stop,7,3,15,0.009411764705882453
tree_cancer,ags_gp_no_stop,7,4,20,0.009411764705882453
tree_cancer,ags_gp_no_stop,7,5,25,0.009411764705882453
tree_cancer,ags_gp_no_stop,7,6,30,0.009411764705882453
tree_cancer,ags_gp_no_stop,7,7,35,0.009411764705882453
tree_cancer,ags_gp_no_stop,7,8,40,0.009411764705882453
tree_cancer,ags_gp_no_stop,7,9,45,0.014062927496580113
tree_cancer,ags_gp_no_stop,7,10,50,0.014062927496580113
tree_cancer,ags_gp_no_stop,7,11,55,0.014062927496580113
tree_cancer,ags_gp_no_stop,7,12,60,0.014062927496580113
tree_cancer,ags_gp_no_stop,7,13,65,0.014062927496580113
tree_cancer,ags_gp_no_stop,7,14,70,0.014062927496580113
tree_cancer,ags_gp_no_stop,7,15,75,0.014062927496580113
tree_cancer,ags_gp_no_stop,7,16,80,0.014062927496580113
tree_cancer,ags_gp_no_stop,7,17,85,0.014062927496580113
tree_cancer,ags_gp_no_stop,7,18,90,0.014062927496580113
tree_cancer,ags_gp_no_stop,7,19,95,0.014062927496580113
tree_cancer,ags_gp_no_stop,7,20,100,0.014062927496580113
tree_cancer,ags_gp_no_stop,7,21,105,0.014062927496580113
tree_cancer,ags_gp_no_stop,7,22,110,0.014062927496580113
tree_cancer,ags_gp_no_stop,7,23,112,0.009411764705882453
tree_cancer,ags_gp_no_stop,7,24,117,0.009411764705882453
tree_cancer,ags_gp_no_stop,7,25,119,0.009411764705882453
tree_cancer,ags_gp_no_stop,7,26,121,0.009411764705882453
tree_cancer,ags_gp_no_stop,7,27,123,0.009411764705882453
tree_cancer,ags_gp_no_stop,7,28,126,0.009411764705882453
tree_cancer,ags_gp_no_stop,7,29,131,0.009411764705882453
tree_cancer,ags_gp_no_stop,7,30,136,0.009411764705882453
tree_cancer,ags_gp_no_stop,7,31,141,0.009411764705882453
tree_cancer,ags_gp_no_stop,7,32,146,0.009411764705882453
tree_cancer,ags_gp_no_stop,7,33,149,0.009411764705882453
tree_cancer,ags_gp_no_stop,7,34,152,0.009411764705882453
tree_cancer,ags_gp_no_stop,7,35,156,0.009411764705882453
tree_cancer,ags_gp_no_stop,7,36,159,0.009411764705882453
tree_cancer,ags_gp_no_stop,7,37,164,0.009411764705882453
tree_cancer,ags_gp_no_stop,7,38,166,0.009411764705882453
tree_cancer,ags_gp_no_stop,7,39,171,0.009411764705882453
tree_cancer,ags_gp_no_stop,7,40,173,0.009411764705882453
tree_cancer,ags_gp_no_stop,7,41,178,0.009411764705882453
tree_cancer,ags_gp_no_stop,7,42,180,0.009411764705882453
tree_cancer,ags_gp_no_stop,7,43,185,0.009411764705882453
tree_cancer,ags_gp_no_stop,7,44,190,0.009411764705882453
tree_cancer,ags_gp_no_stop,7,45,195,0.009411764705882453
tree_cancer,ags_gp_no_stop,7,46,200,0.009411764705882453
tree_cancer,ags_gp_no_stop,7,47,204,0.009411764705882453
tree_cancer,ags_gp_no_stop,7,48,206,0.009411764705882453
tree_cancer,ags_gp_no_stop,7,49,211,0.009411764705882453
tree_cancer,ags_gp_no_stop,7,50,214,0.009411764705882453
tree_cancer,ags_gp_no_stop,7,51,219,0.009411764705882453
tree_cancer,ags_gp_no_stop,7,52,222,0.009411764705882453
tree_cancer,ags_gp_no_stop,7,53,227,0.009411764705882453
tree_cancer,ags_gp_no_stop,7,54,231,0.009411764705882453
tree_cancer,ags_gp_no_stop,7,55,236,0.009411764705882453
tree_cancer,ags_gp_no_stop,7,56,241,0.009411764705882453
tree_cancer,ags_gp_no_stop,7,57,244,0.009411764705882453
tree_cancer,ags_gp_no_stop,7,58,247,0.009411764705882453
tree_cancer,ags_gp_no_stop,7,59,250,0.009411764705882453
tree_cancer,ags_gp_no_stop,7,60,255,0.009411764705882453
tree_cancer,ags_gp_no_stop,8,1,5,0.025772913816689558
tree_cancer,ags_gp_no_stop,8,2,10,0.025772913816689558
tree_cancer,ags_gp_no_stop,8,3,15,0.025772913816689558
tree_cancer,ags_gp_no_stop,8,4,20,0.014062927496580113
tree_cancer,ags_gp_no_stop,8,5,25,0.014062927496580113
tree_cancer,ags_gp_no_stop,8,6,30,0.014062927496580113
tree_cancer,ags_gp_no_stop,8,7,35,0.0023529411764706687
tree_cancer,ags_gp_no_stop,8,8,40,0.0023529411764706687
tree_cancer,ags_gp_no_stop,8,9,45,0.0023529411764706687
tree_cancer,ags_gp_no_stop,8,10,50,0.0023529411764706687
tree_cancer,ags_gp_no_stop,8,11,55,0.0023529411764706687
tree_cancer,ags_gp_no_stop,8,12,60,0.0023529411764706687
tree_cancer,ags_gp_no_stop,8,13,65,0.0023529411764706687
tree_cancer,ags_gp_no_stop,8,14,70,0.0023529411764706687
tree_cancer,ags_gp_no_stop,8,15,75,0.0023529411764706687
tree_cancer,ags_gp_no_stop,8,16,80,0.0023529411764706687
tree_cancer,ags_gp_no_stop,8,17,85,0.0023529411764706687
tree_cancer,ags_gp_no_stop,8,18,90,0.0023529411764706687
tree_cancer,ags_gp_no_stop,8,19,95,0.0023529411764706687
tree_cancer,ags_gp_no_stop,8,20,100,0.0023529411764706687
tree_cancer,ags_gp_no_stop,8,21,105,0.0023529411764706687
tree_cancer,ags_gp_no_stop,8,22,110,0.0023529411764706687
tree_cancer,ags_gp_no_stop,8,23,115,0.0023529411764706687
tree_cancer,ags_gp_no_stop,8,24,120,0.0023529411764706687
tree_cancer,ags_gp_no_stop,8,25,125,0.0023529411764706687
tree_cancer,ags_gp_no_stop,8,26,130,0.0023529411764706687
tree_cancer,ags_gp_no_stop,8,27,135,0.0023529411764706687
tree_cancer,ags_gp_no_stop,8,28,140,0.0023529411764706687
tree_cancer,ags_gp_no_stop,8,29,145,0.0023529411764706687
tree_cancer,ags_gp_no_stop,8,30,150,0.0023529411764706687
tree_cancer,ags_gp_no_stop,8,31,152,0.0023529411764706687
tree_cancer,ags_gp_no_stop,8,32,157,0.0023529411764706687
tree_cancer,ags_gp_no_stop,8,33,162,1.1102230246251565e-16
tree_cancer,ags_gp_no_stop,8,34,164,1.1102230246251565e-16
tree_cancer,ags_gp_no_stop,8,35,169,1.1102230246251565e-16
tree_cancer,ags_gp_no_stop,8,36,174,1.1102230246251565e-16
tree_cancer,ags_gp_no_stop,8,37,179,0.007058823529411895
tree_cancer,ags_gp_no_stop,8,38,181,0.007058823529411895
tree_cancer,ags_gp_no_stop,8,39,186,0.007058823529411895
tree_cancer,ags_gp_no_stop,8,40,191,0.007058823529411895
tree_cancer,ags_gp_no_stop,8,41,196,0.007058823529411895
tree_cancer,ags_gp_no_stop,8,42,201,0.007058823529411895
tree_cancer,ags_gp_no_stop,8,43,206,0.007058823529411895
tree_cancer,ags_gp_no_stop,8,44,211,0.007058823529411895
tree_cancer,ags_gp_no_stop,8,45,216,0.007058823529411895
tree_cancer,ags_gp_no_stop,8,46,221,0.007058823529411895
tree_cancer,ags_gp_no_stop,8,47,226,0.007058823529411895
tree_cancer,ags_gp_no_stop,8,48,231,0.007058823529411895
tree_cancer,ags_gp_no_stop,8,49,236,0.007058823529411895
tree_cancer,ags_gp_no_stop,8,50,238,0.007058823529411895
tree_cancer,ags_gp_no_stop,8,51,243,0.007058823529411895
tree_cancer,ags_gp_no_stop,8,52,248,0.007058823529411895
tree_cancer,ags_gp_no_stop,8,53,250,0.007058823529411895
tree_cancer,ags_gp_no_stop,8,54,255,0.007058823529411895
tree_cancer,ags_gp_no_stop,8,55,260,0.007058823529411895
tree_cancer,ags_gp_no_stop,8,56,265,0.007058823529411895
tree_cancer,ags_gp_no_stop,8,57,267,0.007058823529411895
tree_cancer,ags_gp_no_stop,8,58,269,0.007058823529411895
tree_cancer,ags_gp_no_stop,8,59,271,0.007058823529411895
tree_cancer,ags_gp_no_stop,8,60,274,0.007058823529411895
tree_cancer,ags_gp_no_stop,9,1,5,0.011709986320109556
tree_cancer,ags_gp_no_stop,9,2,10,0.018768809849521118
tree_cancer,ags_gp_no_stop,9,3,15,0.018768809849521118
tree_cancer,ags_gp_no_stop,9,4,20,0.018768809849521118
tree_cancer,ags_gp_no_stop,9,5,25,0.018768809849521118
tree_cancer,ags_gp_no_stop,9,6,30,0.018768809849521118
tree_cancer,ags_gp_no_stop,9,7,35,0.018768809849521118
tree_cancer,ags_gp_no_stop,9,8,40,0.018768809849521118
tree_cancer,ags_gp_no_stop,9,9,45,0.018768809849521118
tree_cancer,ags_gp_no_stop,9,10,50,0.018768809849521118
tree_cancer,ags_gp_no_stop,9,11,55,0.018768809849521118
tree_cancer,ags_gp_no_stop,9,12,60,0.018768809849521118
tree_cancer,ags_gp_no_stop,9,13,62,0.018768809849521118
tree_cancer,ags_gp_no_stop,9,14,67,0.018768809849521118
tree_cancer,ags_gp_no_stop,9,15,72,0.018768809849521118
tree_cancer,ags_gp_no_stop,9,16,74,0.018768809849521118
tree_cancer,ags_gp_no_stop,9,17,79,0.018768809849521118
tree_cancer,ags_gp_no_stop,9,18,84,0.018768809849521118
tree_cancer,ags_gp_no_stop,9,19,89,0.018768809849521118
tree_cancer,ags_gp_no_stop,9,20,94,0.018768809849521118
tree_cancer,ags_gp_no_stop,9,21,99,0.018768809849521118
tree_cancer,ags_gp_no_stop,9,22,104,0.018768809849521118
tree_cancer,ags_gp_no_stop,9,23,109,0.018768809849521118
tree_cancer,ags_gp_no_stop,9,24,114,0.018768809849521118
tree_cancer,ags_gp_no_stop,9,25,119,0.018768809849521118
tree_cancer,ags_gp_no_stop,9,26,124,0.018768809849521118
tree_cancer,ags_gp_no_stop,9,27,129,0.018768809849521118
tree_cancer,ags_gp_no_stop,9,28,134,0.018768809849521118
tree_cancer,ags_gp_no_stop,9,29,139,0.018768809849521118
tree_cancer,ags_gp_no_stop,9,30,144,0.018768809849521118
tree_cancer,ags_gp_no_stop,9,31,149,0.018768809849521118
tree_cancer,ags_gp_no_stop,9,32,151,0.018768809849521118
tree_cancer,ags_gp_no_stop,9,33,153,0.018768809849521118
tree_cancer,ags_gp_no_stop,9,34,155,0.018768809849521118
tree_cancer,ags_gp_no_stop,9,35,157,0.018768809849521118
tree_cancer,ags_gp_no_stop,9,36,159,0.018768809849521118
tree_cancer,ags_gp_no_stop,9,37,161,0.018768809849521118
tree_cancer,ags_gp_no_stop,9,38,163,0.018768809849521118
tree_cancer,ags_gp_no_stop,9,39,165,0.018768809849521118
tree_cancer,ags_gp_no_stop,9,40,167,0.018768809849521118
tree_cancer,ags_gp_no_stop,9,41,170,0.018768809849521118
tree_cancer,ags_gp_no_stop,9,42,174,0.018768809849521118
tree_cancer,ags_gp_no_stop,9,43,176,0.018768809849521118
tree_cancer,ags_gp_no_stop,9,44,178,0.018768809849521118
tree_cancer,ags_gp_no_stop,9,45,183,0.018768809849521118
tree_cancer,ags_gp_no_stop,9,46,188,0.018768809849521118
tree_cancer,ags_gp_no_stop,9,47,193,0.018768809849521118
tree_cancer,ags_gp_no_stop,9,48,198,0.018768809849521118
tree_cancer,ags_gp_no_stop,9,49,203,0.018768809849521118
tree_cancer,ags_gp_no_stop,9,50,208,0.018768809849521118
tree_cancer,ags_gp_no_stop,9,51,213,0.018768809849521118
tree_cancer,ags_gp_no_stop,9,52,218,0.018768809849521118
tree_cancer,ags_gp_no_stop,9,53,223,0.018768809849521118
tree_cancer,ags_gp_no_stop,9,54,228,0.018768809849521118
tree_cancer,ags_gp_no_stop,9,55,233,0.018768809849521118
tree_cancer,ags_gp_no_stop,9,56,238,0.018768809849521118
tree_cancer,ags_gp_no_stop,9,57,243,0.018768809849521118
tree_cancer,ags_gp_no_stop,9,58,245,0.018768809849521118
tree_cancer,ags_gp_no_stop,9,59,250,0.018768809849521118
tree_cancer,ags_gp_no_stop,9,60,255,0.018768809849521118
tree_cancer,random,0,1,5,0.009329685362517215
tree_cancer,random,0,2,10,0.009329685362517215
tree_cancer,random,0,3,15,0.009329685362517215
tree_cancer,random,0,4,20,0.009329685362517215
tree_cancer,random,0,5,25,0.009329685362517215
tree_cancer,random,0,6,30,0.009329685362517215
tree_cancer,random,0,7,35,0.009329685362517215
tree_cancer,random,0,8,40,0.009329685362517215
tree_cancer,random,0,9,45,0.011709986320109556
tree_cancer,random,0,10,50,0.011709986320109556
tree_cancer,random,0,11,55,0.011709986320109556
tree_cancer,random,0,12,60,0.0023529411764706687
tree_cancer,random,0,13,65,0.0023529411764706687
tree_cancer,random,0,14,70,0.0023529411764706687
tree_cancer,random,0,15,75,0.0023529411764706687
tree_cancer,random,0,16,80,0.004733242134063009
tree_cancer,random,0,17,85,0.004733242134063009
tree_cancer,random,0,18,90,0.004733242134063009
tree_cancer,random,0,19,95,0.004733242134063009
tree_cancer,random,0,20,100,0.004733242134063009
tree_cancer,random,0,21,105,0.004733242134063009
tree_cancer,random,0,22,110,0.004733242134063009
tree_cancer,random,0,23,115,0.004733242134063009
tree_cancer,random,0,24,120,0.004733242134063009
tree_cancer,random,0,25,125,0.004733242134063009
tree_cancer,random,0,26,130,0.004733242134063009
tree_cancer,random,0,27,135,0.004733242134063009
tree_cancer,random,0,28,140,0.004733242134063009
tree_cancer,random,0,29,145,0.004733242134063009
tree_cancer,random,0,30,150,0.004733242134063009
tree_cancer,random,0,31,155,0.004733242134063009
tree_cancer,random,0,32,160,0.004733242134063009
tree_cancer,random,0,33,165,0.004733242134063009
tree_cancer,random,0,34,170,0.004733242134063009
tree_cancer,random,0,35,175,0.004733242134063009
tree_cancer,random,0,36,180,0.004733242134063009
tree_cancer,random,0,37,185,0.004733242134063009
tree_cancer,random,0,38,190,0.004733242134063009
tree_cancer,random,0,39,195,0.004733242134063009
tree_cancer,random,0,40,200,0.004733242134063009
tree_cancer,random,0,41,205,0.004733242134063009
tree_cancer,random,0,42,210,0.007058823529411895
tree_cancer,random,0,43,215,0.007058823529411895
tree_cancer,random,0,44,220,0.007058823529411895
tree_cancer,random,0,45,225,0.007058823529411895
tree_cancer,random,0,46,230,0.007058823529411895
tree_cancer,random,0,47,235,0.007058823529411895
tree_cancer,random,0,48,240,0.007058823529411895
tree_cancer,random,0,49,245,0.007058823529411895
tree_cancer,random,0,50,250,0.007058823529411895
tree_cancer,random,0,51,255,0.007058823529411895
tree_cancer,random,0,52,260,0.007058823529411895
tree_cancer,random,0,53,265,0.007058823529411895
tree_cancer,random,0,54,270,0.007058823529411895
tree_cancer,random,0,55,275,0.007058823529411895
tree_cancer,random,0,56,280,0.007058823529411895
tree_cancer,random,0,57,285,0.007058823529411895
tree_cancer,random,0,58,290,0.007058823529411895
tree_cancer,random,0,59,295,0.007058823529411895
tree_cancer,random,0,60,300,0.007058823529411895
tree_cancer,random,1,1,5,0.051655266757865914
tree_cancer,random,1,2,10,0.009357045143638998
tree_cancer,random,1,3,15,0.0023529411764706687
tree_cancer,random,1,4,20,0.0023529411764706687
tree_cancer,random,1,5,25,0.0023529411764706687
tree_cancer,random,1,6,30,0.0023529411764706687
tree_cancer,random,1,7,35,0.0023529411764706687
tree_cancer,random,1,8,40,0.0023529411764706687
tree_cancer,random,1,9,45,0.0023529411764706687
tree_cancer,random,1,10,50,0.004733242134063009
tree_cancer,random,1,11,55,0.004733242134063009
tree_cancer,random,1,12,60,0.004733242134063009
tree_cancer,random,1,13,65,0.004733242134063009
tree_cancer,random,1,14,70,0.004733242134063009
tree_cancer,random,1,15,75,0.004733242134063009
tree_cancer,random,1,16,80,0.004733242134063009
tree_cancer,random,1,17,85,0.004733242134063009
tree_cancer,random,1,18,90,0.004733242134063009
tree_cancer,random,1,19,95,0.004733242134063009
tree_cancer,random,1,20,100,0.004733242134063009
tree_cancer,random,1,21,105,0.004733242134063009
tree_cancer,random,1,22,110,0.004733242134063009
tree_cancer,random,1,23,115,0.004705882352941337
tree_cancer,random,1,24,120,0.004705882352941337
tree_cancer,random,1,25,125,0.004705882352941337
tree_cancer,random,1,26,130,0.004705882352941337
tree_cancer,random,1,27,135,0.004705882352941337
tree_cancer,random,1,28,140,0.004705882352941337
tree_cancer,random,1,29,145,0.004705882352941337
tree_cancer,random,1,30,150,0.004705882352941337
tree_cancer,random,1,31,155,0.004705882352941337
tree_cancer,random,1,32,160,0.004705882352941337
tree_cancer,random,1,33,165,0.004705882352941337
tree_cancer,random,1,34,170,0.004705882352941337
tree_cancer,random,1,35,175,0.004705882352941337
tree_cancer,random,1,36,180,0.004705882352941337
tree_cancer,random,1,37,185,0.004705882352941337
tree_cancer,random,1,38,190,0.004705882352941337
tree_cancer,random,1,39,195,0.004705882352941337
tree_cancer,random,1,40,200,0.004705882352941337
tree_cancer,random,1,41,205,0.004705882352941337
tree_cancer,random,1,42,210,0.004705882352941337
tree_cancer,random,1,43,215,0.004705882352941337
tree_cancer,random,1,44,220,0.004705882352941337
tree_cancer,random,1,45,225,0.004705882352941337
tree_cancer,random,1,46,230,0.004705882352941337
tree_cancer,random,1,47,235,0.004705882352941337
tree_cancer,random,1,48,240,0.004705882352941337
tree_cancer,random,1,49,245,0.004705882352941337
tree_cancer,random,1,50,250,0.004705882352941337
tree_cancer,random,1,51,255,0.004705882352941337
tree_cancer,random,1,52,260,0.004705882352941337
tree_cancer,random,1,53,265,0.004705882352941337
tree_cancer,random,1,54,270,0.004705882352941337
tree_cancer,random,1,55,275,0.004705882352941337
tree_cancer,random,1,56,280,0.004705882352941337
tree_cancer,random,1,57,285,0.004705882352941337
tree_cancer,random,1,58,290,0.004705882352941337
tree_cancer,random,1,59,295,0.004705882352941337
tree_cancer,random,1,60,300,0.004705882352941337
tree_cancer,random,2,1,5,0.009329685362517104
tree_cancer,random,2,2,10,0.009329685362517104
tree_cancer,random,2,3,15,0.009329685362517104
tree_cancer,random,2,4,20,0.009329685362517104
tree_cancer,random,2,5,25,0.009329685362517104
tree_cancer,random,2,6,30,0.009329685362517104
tree_cancer,random,2,7,35,0.009329685362517104
tree_cancer,random,2,8,40,0.009329685362517104
tree_cancer,random,2,9,45,0.009329685362517104
tree_cancer,random,2,10,50,0.009329685362517104
tree_cancer,random,2,11,55,0.009329685362517104
tree_cancer,random,2,12,60,0.009329685362517104
tree_cancer,random,2,13,65,0.009439124487004236
tree_cancer,random,2,14,70,0.009439124487004236
tree_cancer,random,2,15,75,0.009439124487004236
tree_cancer,random,2,16,80,0.009439124487004236
tree_cancer,random,2,17,85,0.009439124487004236
tree_cancer,random,2,18,90,0.009439124487004236
tree_cancer,random,2,19,95,0.009439124487004236
tree_cancer,random,2,20,100,0.009439124487004236
tree_cancer,random,2,21,105,0.009439124487004236
tree_cancer,random,2,22,110,0.009439124487004236
tree_cancer,random,2,23,115,0.009439124487004236
tree_cancer,random,2,24,120,0.009439124487004236
tree_cancer,random,2,25,125,0.009439124487004236
tree_cancer,random,2,26,130,0.009439124487004236
tree_cancer,random,2,27,135,0.009439124487004236
tree_cancer,random,2,28,140,0.009439124487004236
tree_cancer,random,2,29,145,0.009439124487004236
tree_cancer,random,2,30,150,0.009439124487004236
tree_cancer,random,2,31,155,0.009439124487004236
tree_cancer,random,2,32,160,0.009439124487004236
tree_cancer,random,2,33,165,0.009439124487004236
tree_cancer,random,2,34,170,0.009439124487004236
tree_cancer,random,2,35,175,0.009439124487004236
tree_cancer,random,2,36,180,0.009439124487004236
tree_cancer,random,2,37,185,0.009439124487004236
tree_cancer,random,2,38,190,0.009439124487004236
tree_cancer,random,2,39,195,0.009439124487004236
tree_cancer,random,2,40,200,0.009439124487004236
tree_cancer,random,2,41,205,0.009439124487004236
tree_cancer,random,2,42,210,0.009439124487004236
tree_cancer,random,2,43,215,0.009439124487004236
tree_cancer,random,2,44,220,0.009439124487004236
tree_cancer,random,2,45,225,0.009439124487004236
tree_cancer,random,2,46,230,0.009439124487004236
tree_cancer,random,2,47,235,0.009439124487004236
tree_cancer,random,2,48,240,0.009439124487004236
tree_cancer,random,2,49,245,0.009439124487004236
tree_cancer,random,2,50,250,0.009439124487004236
tree_cancer,random,2,51,255,0.009439124487004236
tree_cancer,random,2,52,260,0.009439124487004236
tree_cancer,random,2,53,265,0.009439124487004236
tree_cancer,random,2,54,270,0.009439124487004236
tree_cancer,random,2,55,275,0.009439124487004236
tree_cancer,random,2,56,280,0.009439124487004236
tree_cancer,random,2,57,285,0.009439124487004236
tree_cancer,random,2,58,290,0.009439124487004236
tree_cancer,random,2,59,295,0.009439124487004236
tree_cancer,random,2,60,300,0.009439124487004236
tree_cancer,random,3,1,5,0.009329685362517215
tree_cancer,random,3,2,10,0.009329685362517215
tree_cancer,random,3,3,15,0.009329685362517215
tree_cancer,random,3,4,20,0.009329685362517215
tree_cancer,random,3,5,25,0.009329685362517215
tree_cancer,random,3,6,30,0.009329685362517215
tree_cancer,random,3,7,35,0.009329685362517215
tree_cancer,random,3,8,40,0.009329685362517215
tree_cancer,random,3,9,45,0.009329685362517215
tree_cancer,random,3,10,50,0.009329685362517215
tree_cancer,random,3,11,55,0.009329685362517215
tree_cancer,random,3,12,60,0.009329685362517215
tree_cancer,random,3,13,65,0.009329685362517215
tree_cancer,random,3,14,70,0.009329685362517215
tree_cancer,random,3,15,75,0.009329685362517215
tree_cancer,random,3,16,80,0.009329685362517215
tree_cancer,random,3,17,85,0.009329685362517215
tree_cancer,random,3,18,90,0.009329685362517215
tree_cancer,random,3,19,95,0.009329685362517215
tree_cancer,random,3,20,100,0.009329685362517215
tree_cancer,random,3,21,105,0.009329685362517215
tree_cancer,random,3,22,110,0.009329685362517215
tree_cancer,random,3,23,115,0.009329685362517215
tree_cancer,random,3,24,120,0.009329685362517215
tree_cancer,random,3,25,125,0.009329685362517215
tree_cancer,random,3,26,130,0.009329685362517215
tree_cancer,random,3,27,135,0.009329685362517215
tree_cancer,random,3,28,140,0.009329685362517215
tree_cancer,random,3,29,145,0.009329685362517215
tree_cancer,random,3,30,150,0.009329685362517215
tree_cancer,random,3,31,155,0.009329685362517215
tree_cancer,random,3,32,160,0.009329685362517215
tree_cancer,random,3,33,165,0.009329685362517215
tree_cancer,random,3,34,170,0.009329685362517215
tree_cancer,random,3,35,175,0.0023529411764705577
tree_cancer,random,3,36,180,0.0023529411764705577
tree_cancer,random,3,37,185,0.0023529411764705577
tree_cancer,random,3,38,190,0.0023529411764705577
tree_cancer,random,3,39,195,0.0023529411764705577
tree_cancer,random,3,40,200,0.0023529411764705577
tree_cancer,random,3,41,205,0.0023529411764705577
tree_cancer,random,3,42,210,0.0023529411764705577
tree_cancer,random,3,43,215,0.0023529411764705577
tree_cancer,random,3,44,220,0.0023529411764705577
tree_cancer,random,3,45,225,0.0023529411764705577
tree_cancer,random,3,46,230,0.0023529411764705577
tree_cancer,random,3,47,235,0.0023529411764705577
tree_cancer,random,3,48,240,0.0023529411764705577
tree_cancer,random,3,49,245,0.0023529411764705577
tree_cancer,random,3,50,250,0.0023529411764706687
tree_cancer,random,3,51,255,0.0023529411764706687
tree_cancer,random,3,52,260,0.0023529411764706687
tree_cancer,random,3,53,265,0.0023529411764706687
tree_cancer,random,3,54,270,0.0023529411764706687
tree_cancer,random,3,55,275,0.0023529411764706687
tree_cancer,random,3,56,280,0.0023529411764706687
tree_cancer,random,3,57,285,0.0023529411764706687
tree_cancer,random,3,58,290,0.0023529411764706687
tree_cancer,random,3,59,295,0.0023529411764706687
tree_cancer,random,3,60,300,0.0023529411764706687
tree_cancer,random,4,1,5,0.009329685362517104
tree_cancer,random,4,2,10,0.0023529411764706687
tree_cancer,random,4,3,15,0.0023529411764706687
tree_cancer,random,4,4,20,0.0023529411764706687
tree_cancer,random,4,5,25,0.0023529411764706687
tree_cancer,random,4,6,30,0.0023529411764706687
tree_cancer,random,4,7,35,0.0023529411764706687
tree_cancer,random,4,8,40,0.0023529411764705577
tree_cancer,random,4,9,45,0.0023529411764705577
tree_cancer,random,4,10,50,0.0023529411764705577
tree_cancer,random,4,11,55,0.0023529411764705577
tree_cancer,random,4,12,60,0.0023529411764705577
tree_cancer,random,4,13,65,0.0023529411764705577
tree_cancer,random,4,14,70,0.0023529411764705577
tree_cancer,random,4,15,75,0.0023529411764705577
tree_cancer,random,4,16,80,0.0023529411764705577
tree_cancer,random,4,17,85,0.0023529411764705577
tree_cancer,random,4,18,90,0.0023529411764705577
tree_cancer,random,4,19,95,0.0023529411764705577
tree_cancer,random,4,20,100,0.0023529411764705577
tree_cancer,random,4,21,105,0.0023529411764705577
tree_cancer,random,4,22,110,0.0023529411764705577
tree_cancer,random,4,23,115,0.0023529411764705577
tree_cancer,random,4,24,120,0.0023529411764705577
tree_cancer,random,4,25,125,0.0023529411764705577
tree_cancer,random,4,26,130,0.009357045143638998
tree_cancer,random,4,27,135,0.009357045143638998
tree_cancer,random,4,28,140,0.009357045143638998
tree_cancer,random,4,29,145,0.009357045143638998
tree_cancer,random,4,30,150,0.009357045143638998
tree_cancer,random,4,31,155,0.009357045143638998
tree_cancer,random,4,32,160,0.009357045143638998
tree_cancer,random,4,33,165,0.009357045143638998
tree_cancer,random,4,34,170,0.009357045143638998
tree_cancer,random,4,35,175,0.009357045143638998
tree_cancer,random,4,36,180,0.009357045143638998
tree_cancer,random,4,37,185,0.009357045143638998
tree_cancer,random,4,38,190,0.004733242134063009
tree_cancer,random,4,39,195,0.004733242134063009
tree_cancer,random,4,40,200,0.004733242134063009
tree_cancer,random,4,41,205,0.004733242134063009
tree_cancer,random,4,42,210,0.004733242134063009
tree_cancer,random,4,43,215,0.004733242134063009
tree_cancer,random,4,44,220,0.004733242134063009
tree_cancer,random,4,45,225,0.004733242134063009
tree_cancer,random,4,46,230,0.004733242134063009
tree_cancer,random,4,47,235,0.004733242134063009
tree_cancer,random,4,48,240,0.004733242134063009
tree_cancer,random,4,49,245,0.004733242134063009
tree_cancer,random,4,50,250,0.004733242134063009
tree_cancer,random,4,51,255,0.004733242134063009
tree_cancer,random,4,52,260,0.004733242134063009
tree_cancer,random,4,53,265,0.004733242134063009
tree_cancer,random,4,54,270,0.004733242134063009
tree_cancer,random,4,55,275,0.004733242134063009
tree_cancer,random,4,56,280,0.004733242134063009
tree_cancer,random,4,57,285,0.004733242134063009
tree_cancer,random,4,58,290,0.004733242134063009
tree_cancer,random,4,59,295,0.004733242134063009
tree_cancer,random,4,60,300,0.004733242134063009
tree_cancer,random,5,1,5,0.007086183310533567
tree_cancer,random,5,2,10,0.007086183310533567
tree_cancer,random,5,3,15,0.007086183310533567
tree_cancer,random,5,4,20,0.007086183310533567
tree_cancer,random,5,5,25,0.007086183310533567
tree_cancer,random,5,6,30,0.007086183310533567
tree_cancer,random,5,7,35,0.007086183310533567
tree_cancer,random,5,8,40,0.007086183310533567
tree_cancer,random,5,9,45,0.009357045143638998
tree_cancer,random,5,10,50,0.025772913816689558
tree_cancer,random,5,11,55,0.009329685362517104
tree_cancer,random,5,12,60,0.0023529411764706687
tree_cancer,random,5,13,65,0.0023529411764706687
tree_cancer,random,5,14,70,0.0023529411764706687
tree_cancer,random,5,15,75,0.0023529411764706687
tree_cancer,random,5,16,80,0.0023529411764706687
tree_cancer,random,5,17,85,0.0023529411764706687
tree_cancer,random,5,18,90,0.0023529411764706687
tree_cancer,random,5,19,95,0.0023529411764706687
tree_cancer,random,5,20,100,0.0023529411764706687
tree_cancer,random,5,21,105,0.0023529411764706687
tree_cancer,random,5,22,110,0.0023529411764706687
tree_cancer,random,5,23,115,0.0023529411764706687
tree_cancer,random,5,24,120,0.0023529411764706687
tree_cancer,random,5,25,125,0.0023529411764706687
tree_cancer,random,5,26,130,0.0023529411764706687
tree_cancer,random,5,27,135,0.0023529411764706687
tree_cancer,random,5,28,140,0.0023529411764706687
tree_cancer,random,5,29,145,0.0023529411764706687
tree_cancer,random,5,30,150,0.0023529411764706687
tree_cancer,random,5,31,155,0.0023529411764706687
tree_cancer,random,5,32,160,0.0023529411764706687
tree_cancer,random,5,33,165,0.0023529411764706687
tree_cancer,random,5,34,170,0.0023529411764706687
tree_cancer,random,5,35,175,0.007031463748290112
tree_cancer,random,5,36,180,0.007031463748290112
tree_cancer,random,5,37,185,0.007031463748290112
tree_cancer,random,5,38,190,0.007031463748290112
tree_cancer,random,5,39,195,0.007031463748290112
tree_cancer,random,5,40,200,0.007031463748290112
tree_cancer,random,5,41,205,0.007031463748290112
tree_cancer,random,5,42,210,0.007031463748290112
tree_cancer,random,5,43,215,0.007031463748290112
tree_cancer,random,5,44,220,0.007031463748290112
tree_cancer,random,5,45,225,0.007031463748290112
tree_cancer,random,5,46,230,0.007031463748290112
tree_cancer,random,5,47,235,0.007031463748290112
tree_cancer,random,5,48,240,0.007031463748290112
tree_cancer,random,5,49,245,0.007031463748290112
tree_cancer,random,5,50,250,0.007031463748290112
tree_cancer,random,5,51,255,0.007031463748290112
tree_cancer,random,5,52,260,0.007031463748290112
tree_cancer,random,5,53,265,0.007031463748290112
tree_cancer,random,5,54,270,0.007031463748290112
tree_cancer,random,5,55,275,0.007031463748290112
tree_cancer,random,5,56,280,0.007031463748290112
tree_cancer,random,5,57,285,0.007031463748290112
tree_cancer,random,5,58,290,0.007031463748290112
tree_cancer,random,5,59,295,0.007031463748290112
tree_cancer,random,5,60,300,0.007031463748290112
tree_cancer,random,6,1,5,0.004733242134063009
tree_cancer,random,6,2,10,0.004733242134063009
tree_cancer,random,6,3,15,0.004733242134063009
tree_cancer,random,6,4,20,0.004733242134063009
tree_cancer,random,6,5,25,0.004733242134063009
tree_cancer,random,6,6,30,0.004733242134063009
tree_cancer,random,6,7,35,0.004733242134063009
tree_cancer,random,6,8,40,0.004733242134063009
tree_cancer,random,6,9,45,0.004733242134063009
tree_cancer,random,6,10,50,0.004733242134063009
tree_cancer,random,6,11,55,0.004733242134063009
tree_cancer,random,6,12,60,0.004733242134063009
tree_cancer,random,6,13,65,0.004733242134063009
tree_cancer,random,6,14,70,0.004733242134063009
tree_cancer,random,6,15,75,0.004733242134063009
tree_cancer,random,6,16,80,0.007031463748290112
tree_cancer,random,6,17,85,0.007031463748290112
tree_cancer,random,6,18,90,0.007031463748290112
tree_cancer,random,6,19,95,0.007031463748290112
tree_cancer,random,6,20,100,0.007031463748290112
tree_cancer,random,6,21,105,0.007031463748290112
tree_cancer,random,6,22,110,0.007031463748290112
tree_cancer,random,6,23,115,0.007031463748290112
tree_cancer,random,6,24,120,0.007031463748290112
tree_cancer,random,6,25,125,0.007031463748290112
tree_cancer,random,6,26,130,0.007031463748290112
tree_cancer,random,6,27,135,0.007031463748290112
tree_cancer,random,6,28,140,0.007031463748290112
tree_cancer,random,6,29,145,0.007031463748290112
tree_cancer,random,6,30,150,0.007031463748290112
tree_cancer,random,6,31,155,0.007031463748290112
tree_cancer,random,6,32,160,0.007031463748290112
tree_cancer,random,6,33,165,0.007031463748290112
tree_cancer,random,6,34,170,0.007031463748290112
tree_cancer,random,6,35,175,0.007031463748290112
tree_cancer,random,6,36,180,0.007031463748290112
tree_cancer,random,6,37,185,0.007031463748290112
tree_cancer,random,6,38,190,0.007031463748290112
tree_cancer,random,6,39,195,0.007031463748290112
tree_cancer,random,6,40,200,0.007031463748290112
tree_cancer,random,6,41,205,0.007031463748290112
tree_cancer,random,6,42,210,0.007031463748290112
tree_cancer,random,6,43,215,0.007031463748290112
tree_cancer,random,6,44,220,0.007031463748290112
tree_cancer,random,6,45,225,0.007031463748290112
tree_cancer,random,6,46,230,0.007031463748290112
tree_cancer,random,6,47,235,0.007031463748290112
tree_cancer,random,6,48,240,0.007031463748290112
tree_cancer,random,6,49,245,0.007031463748290112
tree_cancer,random,6,50,250,0.007031463748290112
tree_cancer,random,6,51,255,0.007031463748290112
tree_cancer,random,6,52,260,0.007031463748290112
tree_cancer,random,6,53,265,0.007031463748290112
tree_cancer,random,6,54,270,0.007031463748290112
tree_cancer,random,6,55,275,0.007031463748290112
tree_cancer,random,6,56,280,0.007031463748290112
tree_cancer,random,6,57,285,0.007031463748290112
tree_cancer,random,6,58,290,0.007031463748290112
tree_cancer,random,6,59,295,0.007031463748290112
tree_cancer,random,6,60,300,0.007031463748290112
tree_cancer,random,7,1,5,0.009357045143638998
tree_cancer,random,7,2,10,0.009357045143638998
tree_cancer,random,7,3,15,0.009357045143638998
tree_cancer,random,7,4,20,0.009357045143638998
tree_cancer,random,7,5,25,0.009357045143638998
tree_cancer,random,7,6,30,0.009357045143638998
tree_cancer,random,7,7,35,0.009357045143638998
tree_cancer,random,7,8,40,0.009357045143638998
tree_cancer,random,7,9,45,0.009357045143638998
tree_cancer,random,7,10,50,0.009357045143638998
tree_cancer,random,7,11,55,0.009357045143638998
tree_cancer,random,7,12,60,0.009357045143638998
tree_cancer,random,7,13,65,0.009357045143638998
tree_cancer,random,7,14,70,0.009357045143638998
tree_cancer,random,7,15,75,0.009357045143638998
tree_cancer,random,7,16,80,0.009357045143638998
tree_cancer,random,7,17,85,0.009357045143638998
tree_cancer,random,7,18,90,0.009357045143638998
tree_cancer,random,7,19,95,0.009357045143638998
tree_cancer,random,7,20,100,0.009357045143638998
tree_cancer,random,7,21,105,0.009357045143638998
tree_cancer,random,7,22,110,0.009357045143638998
tree_cancer,random,7,23,115,0.009357045143638998
tree_cancer,random,7,24,120,0.009357045143638998
tree_cancer,random,7,25,125,0.009357045143638998
tree_cancer,random,7,26,130,0.009357045143638998
tree_cancer,random,7,27,135,0.009357045143638998
tree_cancer,random,7,28,140,0.009357045143638998
tree_cancer,random,7,29,145,0.009357045143638998
tree_cancer,random,7,30,150,0.009357045143638998
tree_cancer,random,7,31,155,0.009357045143638998
tree_cancer,random,7,32,160,0.009357045143638998
tree_cancer,random,7,33,165,0.009357045143638998
tree_cancer,random,7,34,170,0.009357045143638998
tree_cancer,random,7,35,175,0.009357045143638998
tree_cancer,random,7,36,180,0.009357045143638998
tree_cancer,random,7,37,185,0.009357045143638998
tree_cancer,random,7,38,190,0.009357045143638998
tree_cancer,random,7,39,195,0.009357045143638998
tree_cancer,random,7,40,200,0.009357045143638998
tree_cancer,random,7,41,205,0.009357045143638998
tree_cancer,random,7,42,210,0.009357045143638998
tree_cancer,random,7,43,215,0.009357045143638998
tree_cancer,random,7,44,220,0.009357045143638998
tree_cancer,random,7,45,225,0.009357045143638998
tree_cancer,random,7,46,230,0.009357045143638998
tree_cancer,random,7,47,235,0.009357045143638998
tree_cancer,random,7,48,240,0.009357045143638998
tree_cancer,random,7,49,245,0.009357045143638998
tree_cancer,random,7,50,250,0.009357045143638998
tree_cancer,random,7,51,255,0.009357045143638998
tree_cancer,random,7,52,260,0.009357045143638998
tree_cancer,random,7,53,265,0.009357045143638998
tree_cancer,random,7,54,270,0.009357045143638998
tree_cancer,random,7,55,275,0.009357045143638998
tree_cancer,random,7,56,280,0.009357045143638998
tree_cancer,random,7,57,285,0.009357045143638998
tree_cancer,random,7,58,290,0.009357045143638998
tree_cancer,random,7,59,295,0.009357045143638998
tree_cancer,random,7,60,300,0.009357045143638998
tree_cancer,random,8,1,5,0.035157318741450116
tree_cancer,random,8,2,10,0.035157318741450116
tree_cancer,random,8,3,15,0.035157318741450116
tree_cancer,random,8,4,20,0.039890560875513015
tree_cancer,random,8,5,25,0.039890560875513015
tree_cancer,random,8,6,30,0.039890560875513015
tree_cancer,random,8,7,35,0.0
tree_cancer,random,8,8,40,0.009329685362517104
tree_cancer,random,8,9,45,0.0023529411764706687
tree_cancer,random,8,10,50,0.0023529411764706687
tree_cancer,random,8,11,55,0.0023529411764706687
tree_cancer,random,8,12,60,0.0023529411764706687
tree_cancer,random,8,13,65,0.0023529411764706687
tree_cancer,random,8,14,70,0.0023529411764706687
tree_cancer,random,8,15,75,0.0023529411764706687
tree_cancer,random,8,16,80,0.0023529411764706687
tree_cancer,random,8,17,85,0.0023529411764706687
tree_cancer,random,8,18,90,0.0023529411764706687
tree_cancer,random,8,19,95,0.0023529411764706687
tree_cancer,random,8,20,100,1.1102230246251565e-16
tree_cancer,random,8,21,105,1.1102230246251565e-16
tree_cancer,random,8,22,110,1.1102230246251565e-16
tree_cancer,random,8,23,115,1.1102230246251565e-16
tree_cancer,random,8,24,120,1.1102230246251565e-16
tree_cancer,random,8,25,125,1.1102230246251565e-16
tree_cancer,random,8,26,130,1.1102230246251565e-16
tree_cancer,random,8,27,135,1.1102230246251565e-16
tree_cancer,random,8,28,140,1.1102230246251565e-16
tree_cancer,random,8,29,145,1.1102230246251565e-16
tree_cancer,random,8,30,150,1.1102230246251565e-16
tree_cancer,random,8,31,155,1.1102230246251565e-16
tree_cancer,random,8,32,160,1.1102230246251565e-16
tree_cancer,random,8,33,165,1.1102230246251565e-16
tree_cancer,random,8,34,170,1.1102230246251565e-16
tree_cancer,random,8,35,175,1.1102230246251565e-16
tree_cancer,random,8,36,180,1.1102230246251565e-16
tree_cancer,random,8,37,185,1.1102230246251565e-16
tree_cancer,random,8,38,190,1.1102230246251565e-16
tree_cancer,random,8,39,195,1.1102230246251565e-16
tree_cancer,random,8,40,200,1.1102230246251565e-16
tree_cancer,random,8,41,205,1.1102230246251565e-16
tree_cancer,random,8,42,210,1.1102230246251565e-16
tree_cancer,random,8,43,215,1.1102230246251565e-16
tree_cancer,random,8,44,220,1.1102230246251565e-16
tree_cancer,random,8,45,225,1.1102230246251565e-16
tree_cancer,random,8,46,230,1.1102230246251565e-16
tree_cancer,random,8,47,235,1.1102230246251565e-16
tree_cancer,random,8,48,240,1.1102230246251565e-16
tree_cancer,random,8,49,245,1.1102230246251565e-16
tree_cancer,random,8,50,250,1.1102230246251565e-16
tree_cancer,random,8,51,255,1.1102230246251565e-16
tree_cancer,random,8,52,260,1.1102230246251565e-16
tree_cancer,random,8,53,265,1.1102230246251565e-16
tree_cancer,random,8,54,270,1.1102230246251565e-16
tree_cancer,random,8,55,275,1.1102230246251565e-16
tree_cancer,random,8,56,280,1.1102230246251565e-16
tree_cancer,random,8,57,285,1.1102230246251565e-16
tree_cancer,random,8,58,290,1.1102230246251565e-16
tree_cancer,random,8,59,295,1.1102230246251565e-16
tree_cancer,random,8,60,300,1.1102230246251565e-16
tree_cancer,random,9,1,5,0.049302325581395356
tree_cancer,random,9,2,10,0.039890560875513015
tree_cancer,random,9,3,15,0.039890560875513015
tree_cancer,random,9,4,20,0.039890560875513015
tree_cancer,random,9,5,25,0.039890560875513015
tree_cancer,random,9,6,30,0.039890560875513015
tree_cancer,random,9,7,35,0.039890560875513015
tree_cancer,random,9,8,40,0.039890560875513015
tree_cancer,random,9,9,45,0.018768809849521118
tree_cancer,random,9,10,50,0.018768809849521118
tree_cancer,random,9,11,55,0.018768809849521118
tree_cancer,random,9,12,60,0.018768809849521118
tree_cancer,random,9,13,65,0.018768809849521118
tree_cancer,random,9,14,70,0.018768809849521118
tree_cancer,random,9,15,75,0.018768809849521118
tree_cancer,random,9,16,80,0.018768809849521118
tree_cancer,random,9,17,85,0.018768809849521118
tree_cancer,random,9,18,90,0.004705882352941337
tree_cancer,random,9,19,95,0.004705882352941337
tree_cancer,random,9,20,100,0.004705882352941337
tree_cancer,random,9,21,105,0.004705882352941337
tree_cancer,random,9,22,110,0.004705882352941337
tree_cancer,random,9,23,115,0.004705882352941337
tree_cancer,random,9,24,120,0.004705882352941337
tree_cancer,random,9,25,125,0.004705882352941337
tree_cancer,random,9,26,130,0.004705882352941337
tree_cancer,random,9,27,135,0.0
tree_cancer,random,9,28,140,0.0
tree_cancer,random,9,29,145,0.0
tree_cancer,random,9,30,150,0.0
tree_cancer,random,9,31,155,0.0
tree_cancer,random,9,32,160,0.0
tree_cancer,random,9,33,165,0.0
tree_cancer,random,9,34,170,0.0
tree_cancer,random,9,35,175,0.0
tree_cancer,random,9,36,180,0.0
tree_cancer,random,9,37,185,0.0
tree_cancer,random,9,38,190,0.0
tree_cancer,random,9,39,195,0.0
tree_cancer,random,9,40,200,0.0046785225718195544
tree_cancer,random,9,41,205,0.0046785225718195544
tree_cancer,random,9,42,210,0.0046785225718195544
tree_cancer,random,9,43,215,0.0046785225718195544
tree_cancer,random,9,44,220,0.0046785225718195544
tree_cancer,random,9,45,225,0.0046785225718195544
tree_cancer,random,9,46,230,0.0046785225718195544
tree_cancer,random,9,47,235,0.0046785225718195544
tree_cancer,random,9,48,240,0.0046785225718195544
tree_cancer,random,9,49,245,0.0046785225718195544
tree_cancer,random,9,50,250,0.0046785225718195544
tree_cancer,random,9,51,255,0.0046785225718195544
tree_cancer,random,9,52,260,0.0046785225718195544
tree_cancer,random,9,53,265,0.0046785225718195544
tree_cancer,random,9,54,270,0.0046785225718195544
tree_cancer,random,9,55,275,0.0046785225718195544
tree_cancer,random,9,56,280,0.0046785225718195544
tree_cancer,random,9,57,285,0.0046785225718195544
tree_cancer,random,9,58,290,0.0046785225718195544
tree_cancer,random,9,59,295,0.0046785225718195544
tree_cancer,random,9,60,300,0.0046785225718195544
tree_cancer,optuna_tpe,0,1,5,0.018768809849521118
tree_cancer,optuna_tpe,0,2,10,0.018768809849521118
tree_cancer,optuna_tpe,0,3,15,0.009357045143638998
tree_cancer,optuna_tpe,0,4,20,0.009357045143638998
tree_cancer,optuna_tpe,0,5,25,0.009357045143638998
tree_cancer,optuna_tpe,0,6,30,0.009357045143638998
tree_cancer,optuna_tpe,0,7,35,0.009357045143638998
tree_cancer,optuna_tpe,0,8,40,0.0023529411764706687
tree_cancer,optuna_tpe,0,9,45,0.0023529411764706687
tree_cancer,optuna_tpe,0,10,50,0.0023529411764706687
tree_cancer,optuna_tpe,0,11,55,0.0023529411764706687
tree_cancer,optuna_tpe,0,12,60,0.0023529411764706687
tree_cancer,optuna_tpe,0,13,65,0.0023529411764706687
tree_cancer,optuna_tpe,0,14,70,0.0023529411764706687
tree_cancer,optuna_tpe,0,15,75,0.0023529411764706687
tree_cancer,optuna_tpe,0,16,80,0.0023529411764706687
tree_cancer,optuna_tpe,0,17,85,0.007086183310533567
tree_cancer,optuna_tpe,0,18,90,0.007086183310533567
tree_cancer,optuna_tpe,0,19,95,0.007086183310533567
tree_cancer,optuna_tpe,0,20,100,0.007086183310533567
tree_cancer,optuna_tpe,0,21,105,0.007086183310533567
tree_cancer,optuna_tpe,0,22,110,0.007086183310533567
tree_cancer,optuna_tpe,0,23,115,0.007086183310533567
tree_cancer,optuna_tpe,0,24,120,0.007086183310533567
tree_cancer,optuna_tpe,0,25,125,0.007086183310533567
tree_cancer,optuna_tpe,0,26,130,0.007086183310533567
tree_cancer,optuna_tpe,0,27,135,0.007086183310533567
tree_cancer,optuna_tpe,0,28,140,0.007086183310533567
tree_cancer,optuna_tpe,0,29,145,0.007086183310533567
tree_cancer,optuna_tpe,0,30,150,0.007086183310533567
tree_cancer,optuna_tpe,0,31,155,0.007086183310533567
tree_cancer,optuna_tpe,0,32,160,0.007086183310533567
tree_cancer,optuna_tpe,0,33,165,0.007086183310533567
tree_cancer,optuna_tpe,0,34,170,0.007086183310533567
tree_cancer,optuna_tpe,0,35,175,0.007086183310533567
tree_cancer,optuna_tpe,0,36,180,0.007086183310533567
tree_cancer,optuna_tpe,0,37,185,0.007086183310533567
tree_cancer,optuna_tpe,0,38,190,0.007086183310533567
tree_cancer,optuna_tpe,0,39,195,0.007086183310533567
tree_cancer,optuna_tpe,0,40,200,0.007086183310533567
tree_cancer,optuna_tpe,0,41,205,0.007086183310533567
tree_cancer,optuna_tpe,0,42,210,0.007086183310533567
tree_cancer,optuna_tpe,0,43,215,0.007086183310533567
tree_cancer,optuna_tpe,0,44,220,0.007086183310533567
tree_cancer,optuna_tpe,0,45,225,0.007086183310533567
tree_cancer,optuna_tpe,0,46,230,0.007086183310533567
tree_cancer,optuna_tpe,0,47,235,0.007086183310533567
tree_cancer,optuna_tpe,0,48,240,0.007086183310533567
tree_cancer,optuna_tpe,0,49,245,0.007086183310533567
tree_cancer,optuna_tpe,0,50,250,0.007086183310533567
tree_cancer,optuna_tpe,0,51,255,0.007086183310533567
tree_cancer,optuna_tpe,0,52,260,0.007086183310533567
tree_cancer,optuna_tpe,0,53,265,0.007086183310533567
tree_cancer,optuna_tpe,0,54,270,0.007086183310533567
tree_cancer,optuna_tpe,0,55,275,0.007086183310533567
tree_cancer,optuna_tpe,0,56,280,0.007086183310533567
tree_cancer,optuna_tpe,0,57,285,0.007086183310533567
tree_cancer,optuna_tpe,0,58,290,0.007086183310533567
tree_cancer,optuna_tpe,0,59,295,0.007086183310533567
tree_cancer,optuna_tpe,0,60,300,0.007086183310533567
tree_cancer,optuna_tpe,1,1,5,0.02114911080711357
tree_cancer,optuna_tpe,1,2,10,0.02114911080711357
tree_cancer,optuna_tpe,1,3,15,0.009357045143638998
tree_cancer,optuna_tpe,1,4,20,0.009357045143638998
tree_cancer,optuna_tpe,1,5,25,0.009357045143638998
tree_cancer,optuna_tpe,1,6,30,0.009357045143638998
tree_cancer,optuna_tpe,1,7,35,0.009357045143638998
tree_cancer,optuna_tpe,1,8,40,0.009357045143638998
tree_cancer,optuna_tpe,1,9,45,0.009357045143638998
tree_cancer,optuna_tpe,1,10,50,0.009357045143638998
tree_cancer,optuna_tpe,1,11,55,0.009357045143638998
tree_cancer,optuna_tpe,1,12,60,0.009357045143638998
tree_cancer,optuna_tpe,1,13,65,0.011709986320109556
tree_cancer,optuna_tpe,1,14,70,0.011709986320109556
tree_cancer,optuna_tpe,1,15,75,0.007031463748290112
tree_cancer,optuna_tpe,1,16,80,0.007031463748290112
tree_cancer,optuna_tpe,1,17,85,0.007031463748290112
tree_cancer,optuna_tpe,1,18,90,0.007031463748290112
tree_cancer,optuna_tpe,1,19,95,0.007031463748290112
tree_cancer,optuna_tpe,1,20,100,0.007031463748290112
tree_cancer,optuna_tpe,1,21,105,0.007031463748290112
tree_cancer,optuna_tpe,1,22,110,0.007031463748290112
tree_cancer,optuna_tpe,1,23,115,0.007031463748290112
tree_cancer,optuna_tpe,1,24,120,0.007031463748290112
tree_cancer,optuna_tpe,1,25,125,0.007031463748290112
tree_cancer,optuna_tpe,1,26,130,0.007031463748290112
tree_cancer,optuna_tpe,1,27,135,0.007031463748290112
tree_cancer,optuna_tpe,1,28,140,0.007031463748290112
tree_cancer,optuna_tpe,1,29,145,0.007031463748290112
tree_cancer,optuna_tpe,1,30,150,0.007031463748290112
tree_cancer,optuna_tpe,1,31,155,0.007031463748290112
tree_cancer,optuna_tpe,1,32,160,0.007086183310533567
tree_cancer,optuna_tpe,1,33,165,0.007086183310533567
tree_cancer,optuna_tpe,1,34,170,0.007086183310533567
tree_cancer,optuna_tpe,1,35,175,0.007086183310533567
tree_cancer,optuna_tpe,1,36,180,0.007086183310533567
tree_cancer,optuna_tpe,1,37,185,0.007086183310533567
tree_cancer,optuna_tpe,1,38,190,0.007086183310533567
tree_cancer,optuna_tpe,1,39,195,0.007086183310533567
tree_cancer,optuna_tpe,1,40,200,0.007086183310533567
tree_cancer,optuna_tpe,1,41,205,0.007086183310533567
tree_cancer,optuna_tpe,1,42,210,0.007086183310533567
tree_cancer,optuna_tpe,1,43,215,0.007086183310533567
tree_cancer,optuna_tpe,1,44,220,0.007086183310533567
tree_cancer,optuna_tpe,1,45,225,0.007086183310533567
tree_cancer,optuna_tpe,1,46,230,0.007086183310533567
tree_cancer,optuna_tpe,1,47,235,0.007086183310533567
tree_cancer,optuna_tpe,1,48,240,0.007086183310533567
tree_cancer,optuna_tpe,1,49,245,0.007086183310533567
tree_cancer,optuna_tpe,1,50,250,0.007086183310533567
tree_cancer,optuna_tpe,1,51,255,0.007086183310533567
tree_cancer,optuna_tpe,1,52,260,0.007086183310533567
tree_cancer,optuna_tpe,1,53,265,0.007086183310533567
tree_cancer,optuna_tpe,1,54,270,0.007086183310533567
tree_cancer,optuna_tpe,1,55,275,0.007086183310533567
tree_cancer,optuna_tpe,1,56,280,0.007086183310533567
tree_cancer,optuna_tpe,1,57,285,0.007086183310533567
tree_cancer,optuna_tpe,1,58,290,0.007086183310533567
tree_cancer,optuna_tpe,1,59,295,0.007086183310533567
tree_cancer,optuna_tpe,1,60,300,0.007086183310533567
tree_cancer,optuna_tpe,2,1,5,0.009357045143638998
tree_cancer,optuna_tpe,2,2,10,0.009357045143638998
tree_cancer,optuna_tpe,2,3,15,0.014062927496580113
tree_cancer,optuna_tpe,2,4,20,0.014062927496580113
tree_cancer,optuna_tpe,2,5,25,0.014062927496580113
tree_cancer,optuna_tpe,2,6,30,0.014062927496580113
tree_cancer,optuna_tpe,2,7,35,0.014062927496580113
tree_cancer,optuna_tpe,2,8,40,0.014062927496580113
tree_cancer,optuna_tpe,2,9,45,0.014062927496580113
tree_cancer,optuna_tpe,2,10,50,0.014062927496580113
tree_cancer,optuna_tpe,2,11,55,0.014062927496580113
tree_cancer,optuna_tpe,2,12,60,0.014062927496580113
tree_cancer,optuna_tpe,2,13,65,0.014062927496580113
tree_cancer,optuna_tpe,2,14,70,0.014062927496580113
tree_cancer,optuna_tpe,2,15,75,0.014062927496580113
tree_cancer,optuna_tpe,2,16,80,0.014062927496580113
tree_cancer,optuna_tpe,2,17,85,0.014062927496580113
tree_cancer,optuna_tpe,2,18,90,0.014062927496580113
tree_cancer,optuna_tpe,2,19,95,0.014062927496580113
tree_cancer,optuna_tpe,2,20,100,0.014062927496580113
tree_cancer,optuna_tpe,2,21,105,0.014062927496580113
tree_cancer,optuna_tpe,2,22,110,0.014062927496580113
tree_cancer,optuna_tpe,2,23,115,0.014062927496580113
tree_cancer,optuna_tpe,2,24,120,0.014062927496580113
tree_cancer,optuna_tpe,2,25,125,0.014062927496580113
tree_cancer,optuna_tpe,2,26,130,0.014062927496580113
tree_cancer,optuna_tpe,2,27,135,0.014062927496580113
tree_cancer,optuna_tpe,2,28,140,0.014062927496580113
tree_cancer,optuna_tpe,2,29,145,0.014062927496580113
tree_cancer,optuna_tpe,2,30,150,0.014062927496580113
tree_cancer,optuna_tpe,2,31,155,0.014062927496580113
tree_cancer,optuna_tpe,2,32,160,0.014062927496580113
tree_cancer,optuna_tpe,2,33,165,0.014062927496580113
tree_cancer,optuna_tpe,2,34,170,0.014062927496580113
tree_cancer,optuna_tpe,2,35,175,0.014062927496580113
tree_cancer,optuna_tpe,2,36,180,0.014062927496580113
tree_cancer,optuna_tpe,2,37,185,0.014062927496580113
tree_cancer,optuna_tpe,2,38,190,0.014062927496580113
tree_cancer,optuna_tpe,2,39,195,0.014062927496580113
tree_cancer,optuna_tpe,2,40,200,0.014062927496580113
tree_cancer,optuna_tpe,2,41,205,0.014062927496580113
tree_cancer,optuna_tpe,2,42,210,0.014062927496580113
tree_cancer,optuna_tpe,2,43,215,0.014062927496580113
tree_cancer,optuna_tpe,2,44,220,0.014062927496580113
tree_cancer,optuna_tpe,2,45,225,0.014062927496580113
tree_cancer,optuna_tpe,2,46,230,0.014062927496580113
tree_cancer,optuna_tpe,2,47,235,0.014062927496580113
tree_cancer,optuna_tpe,2,48,240,0.014062927496580113
tree_cancer,optuna_tpe,2,49,245,0.014062927496580113
tree_cancer,optuna_tpe,2,50,250,0.014062927496580113
tree_cancer,optuna_tpe,2,51,255,0.014062927496580113
tree_cancer,optuna_tpe,2,52,260,0.014062927496580113
tree_cancer,optuna_tpe,2,53,265,0.014062927496580113
tree_cancer,optuna_tpe,2,54,270,0.014062927496580113
tree_cancer,optuna_tpe,2,55,275,0.014062927496580113
tree_cancer,optuna_tpe,2,56,280,0.014062927496580113
tree_cancer,optuna_tpe,2,57,285,0.014062927496580113
tree_cancer,optuna_tpe,2,58,290,0.014062927496580113
tree_cancer,optuna_tpe,2,59,295,0.014062927496580113
tree_cancer,optuna_tpe,2,60,300,0.014062927496580113
tree_cancer,optuna_tpe,3,1,5,0.018768809849521118
tree_cancer,optuna_tpe,3,2,10,0.018768809849521118
tree_cancer,optuna_tpe,3,3,15,0.018768809849521118
tree_cancer,optuna_tpe,3,4,20,0.014062927496580113
tree_cancer,optuna_tpe,3,5,25,0.014062927496580113
tree_cancer,optuna_tpe,3,6,30,0.014062927496580113
tree_cancer,optuna_tpe,3,7,35,0.014062927496580113
tree_cancer,optuna_tpe,3,8,40,0.014062927496580113
tree_cancer,optuna_tpe,3,9,45,0.014062927496580113
tree_cancer,optuna_tpe,3,10,50,0.014062927496580113
tree_cancer,optuna_tpe,3,11,55,0.014062927496580113
tree_cancer,optuna_tpe,3,12,60,0.014062927496580113
tree_cancer,optuna_tpe,3,13,65,0.014062927496580113
tree_cancer,optuna_tpe,3,14,70,0.014062927496580113
tree_cancer,optuna_tpe,3,15,75,0.014062927496580113
tree_cancer,optuna_tpe,3,16,80,0.014062927496580113
tree_cancer,optuna_tpe,3,17,85,0.014062927496580113
tree_cancer,optuna_tpe,3,18,90,0.0023529411764706687
tree_cancer,optuna_tpe,3,19,95,0.0023529411764706687
tree_cancer,optuna_tpe,3,20,100,0.0023529411764706687
tree_cancer,optuna_tpe,3,21,105,0.0023529411764706687
tree_cancer,optuna_tpe,3,22,110,0.0023529411764706687
tree_cancer,optuna_tpe,3,23,115,0.0023529411764706687
tree_cancer,optuna_tpe,3,24,120,0.0023529411764706687
tree_cancer,optuna_tpe,3,25,125,0.0023529411764706687
tree_cancer,optuna_tpe,3,26,130,0.0023529411764706687
tree_cancer,optuna_tpe,3,27,135,0.0023529411764706687
tree_cancer,optuna_tpe,3,28,140,0.0023529411764706687
tree_cancer,optuna_tpe,3,29,145,0.0023529411764706687
tree_cancer,optuna_tpe,3,30,150,0.0023529411764706687
tree_cancer,optuna_tpe,3,31,155,0.0023529411764706687
tree_cancer,optuna_tpe,3,32,160,0.0023529411764706687
tree_cancer,optuna_tpe,3,33,165,0.0023529411764706687
tree_cancer,optuna_tpe,3,34,170,0.0023529411764706687
tree_cancer,optuna_tpe,3,35,175,0.0023529411764706687
tree_cancer,optuna_tpe,3,36,180,0.0023529411764706687
tree_cancer,optuna_tpe,3,37,185,0.0023529411764706687
tree_cancer,optuna_tpe,3,38,190,0.0023529411764706687
tree_cancer,optuna_tpe,3,39,195,0.0023529411764706687
tree_cancer,optuna_tpe,3,40,200,0.0023529411764706687
tree_cancer,optuna_tpe,3,41,205,0.0023529411764706687
tree_cancer,optuna_tpe,3,42,210,0.0023529411764706687
tree_cancer,optuna_tpe,3,43,215,0.0023529411764706687
tree_cancer,optuna_tpe,3,44,220,0.0023529411764706687
tree_cancer,optuna_tpe,3,45,225,0.0023529411764706687
tree_cancer,optuna_tpe,3,46,230,0.0023529411764706687
tree_cancer,optuna_tpe,3,47,235,0.0023529411764706687
tree_cancer,optuna_tpe,3,48,240,0.0023529411764706687
tree_cancer,optuna_tpe,3,49,245,0.0023529411764706687
tree_cancer,optuna_tpe,3,50,250,0.0023529411764706687
tree_cancer,optuna_tpe,3,51,255,0.0023529411764706687
tree_cancer,optuna_tpe,3,52,260,0.0023529411764706687
tree_cancer,optuna_tpe,3,53,265,0.0023529411764706687
tree_cancer,optuna_tpe,3,54,270,0.0023529411764706687
tree_cancer,optuna_tpe,3,55,275,0.0023529411764706687
tree_cancer,optuna_tpe,3,56,280,0.0023529411764706687
tree_cancer,optuna_tpe,3,57,285,0.0023529411764706687
tree_cancer,optuna_tpe,3,58,290,0.0023529411764706687
tree_cancer,optuna_tpe,3,59,295,0.0023529411764706687
tree_cancer,optuna_tpe,3,60,300,0.0023529411764706687
tree_cancer,optuna_tpe,4,1,5,0.011709986320109333
tree_cancer,optuna_tpe,4,2,10,0.02807113543091666
tree_cancer,optuna_tpe,4,3,15,0.011709986320109556
tree_cancer,optuna_tpe,4,4,20,0.011709986320109556
tree_cancer,optuna_tpe,4,5,25,0.011709986320109556
tree_cancer,optuna_tpe,4,6,30,0.011709986320109556
tree_cancer,optuna_tpe,4,7,35,0.011709986320109556
tree_cancer,optuna_tpe,4,8,40,0.011709986320109556
tree_cancer,optuna_tpe,4,9,45,0.0023529411764705577
tree_cancer,optuna_tpe,4,10,50,0.0023529411764705577
tree_cancer,optuna_tpe,4,11,55,0.009329685362517215
tree_cancer,optuna_tpe,4,12,60,0.009329685362517215
tree_cancer,optuna_tpe,4,13,65,0.009329685362517215
tree_cancer,optuna_tpe,4,14,70,0.009329685362517215
tree_cancer,optuna_tpe,4,15,75,0.009329685362517215
tree_cancer,optuna_tpe,4,16,80,0.009329685362517215
tree_cancer,optuna_tpe,4,17,85,0.009329685362517215
tree_cancer,optuna_tpe,4,18,90,0.009329685362517215
tree_cancer,optuna_tpe,4,19,95,0.009329685362517215
tree_cancer,optuna_tpe,4,20,100,0.009329685362517215
tree_cancer,optuna_tpe,4,21,105,0.009329685362517215
tree_cancer,optuna_tpe,4,22,110,0.009329685362517215
tree_cancer,optuna_tpe,4,23,115,0.009329685362517215
tree_cancer,optuna_tpe,4,24,120,0.004733242134063009
tree_cancer,optuna_tpe,4,25,125,0.004733242134063009
tree_cancer,optuna_tpe,4,26,130,0.004733242134063009
tree_cancer,optuna_tpe,4,27,135,0.004733242134063009
tree_cancer,optuna_tpe,4,28,140,0.004733242134063009
tree_cancer,optuna_tpe,4,29,145,0.004733242134063009
tree_cancer,optuna_tpe,4,30,150,0.004733242134063009
tree_cancer,optuna_tpe,4,31,155,0.004733242134063009
tree_cancer,optuna_tpe,4,32,160,0.004733242134063009
tree_cancer,optuna_tpe,4,33,165,0.004733242134063009
tree_cancer,optuna_tpe,4,34,170,0.004733242134063009
tree_cancer,optuna_tpe,4,35,175,0.004733242134063009
tree_cancer,optuna_tpe,4,36,180,0.004733242134063009
tree_cancer,optuna_tpe,4,37,185,0.004733242134063009
tree_cancer,optuna_tpe,4,38,190,0.004733242134063009
tree_cancer,optuna_tpe,4,39,195,0.004733242134063009
tree_cancer,optuna_tpe,4,40,200,0.004733242134063009
tree_cancer,optuna_tpe,4,41,205,0.004733242134063009
tree_cancer,optuna_tpe,4,42,210,0.004733242134063009
tree_cancer,optuna_tpe,4,43,215,0.004733242134063009
tree_cancer,optuna_tpe,4,44,220,0.004733242134063009
tree_cancer,optuna_tpe,4,45,225,0.004733242134063009
tree_cancer,optuna_tpe,4,46,230,0.004733242134063009
tree_cancer,optuna_tpe,4,47,235,0.004733242134063009
tree_cancer,optuna_tpe,4,48,240,0.004733242134063009
tree_cancer,optuna_tpe,4,49,245,0.004733242134063009
tree_cancer,optuna_tpe,4,50,250,0.004733242134063009
tree_cancer,optuna_tpe,4,51,255,0.004733242134063009
tree_cancer,optuna_tpe,4,52,260,0.004733242134063009
tree_cancer,optuna_tpe,4,53,265,0.004733242134063009
tree_cancer,optuna_tpe,4,54,270,0.004733242134063009
tree_cancer,optuna_tpe,4,55,275,0.004733242134063009
tree_cancer,optuna_tpe,4,56,280,0.004733242134063009
tree_cancer,optuna_tpe,4,57,285,0.004733242134063009
tree_cancer,optuna_tpe,4,58,290,0.004733242134063009
tree_cancer,optuna_tpe,4,59,295,0.004733242134063009
tree_cancer,optuna_tpe,4,60,300,0.004733242134063009
tree_cancer,optuna_tpe,5,1,5,0.025772913816689558
tree_cancer,optuna_tpe,5,2,10,0.025772913816689558
tree_cancer,optuna_tpe,5,3,15,0.009357045143638776
tree_cancer,optuna_tpe,5,4,20,0.009357045143638776
tree_cancer,optuna_tpe,5,5,25,0.009357045143638776
tree_cancer,optuna_tpe,5,6,30,0.009357045143638776
tree_cancer,optuna_tpe,5,7,35,0.009357045143638776
tree_cancer,optuna_tpe,5,8,40,0.009357045143638776
tree_cancer,optuna_tpe,5,9,45,0.009357045143638776
tree_cancer,optuna_tpe,5,10,50,0.009357045143638776
tree_cancer,optuna_tpe,5,11,55,0.009357045143638776
tree_cancer,optuna_tpe,5,12,60,0.009357045143638776
tree_cancer,optuna_tpe,5,13,65,0.009357045143638776
tree_cancer,optuna_tpe,5,14,70,0.009357045143638776
tree_cancer,optuna_tpe,5,15,75,0.009357045143638776
tree_cancer,optuna_tpe,5,16,80,0.004705882352941337
tree_cancer,optuna_tpe,5,17,85,0.004705882352941337
tree_cancer,optuna_tpe,5,18,90,0.004705882352941337
tree_cancer,optuna_tpe,5,19,95,0.004705882352941337
tree_cancer,optuna_tpe,5,20,100,0.004705882352941337
tree_cancer,optuna_tpe,5,21,105,0.004705882352941337
tree_cancer,optuna_tpe,5,22,110,0.004705882352941337
tree_cancer,optuna_tpe,5,23,115,0.004705882352941337
tree_cancer,optuna_tpe,5,24,120,0.007058823529411895
tree_cancer,optuna_tpe,5,25,125,0.007058823529411895
tree_cancer,optuna_tpe,5,26,130,0.007058823529411895
tree_cancer,optuna_tpe,5,27,135,0.007058823529411895
tree_cancer,optuna_tpe,5,28,140,0.007058823529411895
tree_cancer,optuna_tpe,5,29,145,0.007058823529411895
tree_cancer,optuna_tpe,5,30,150,0.007058823529411895
tree_cancer,optuna_tpe,5,31,155,0.007058823529411895
tree_cancer,optuna_tpe,5,32,160,0.007058823529411895
tree_cancer,optuna_tpe,5,33,165,0.007058823529411895
tree_cancer,optuna_tpe,5,34,170,0.007058823529411895
tree_cancer,optuna_tpe,5,35,175,0.007058823529411895
tree_cancer,optuna_tpe,5,36,180,0.007058823529411895
tree_cancer,optuna_tpe,5,37,185,0.007058823529411895
tree_cancer,optuna_tpe,5,38,190,0.007058823529411895
tree_cancer,optuna_tpe,5,39,195,0.007058823529411895
tree_cancer,optuna_tpe,5,40,200,0.007058823529411895
tree_cancer,optuna_tpe,5,41,205,0.007058823529411895
tree_cancer,optuna_tpe,5,42,210,0.007058823529411895
tree_cancer,optuna_tpe,5,43,215,0.007058823529411895
tree_cancer,optuna_tpe,5,44,220,0.007058823529411895
tree_cancer,optuna_tpe,5,45,225,0.007058823529411895
tree_cancer,optuna_tpe,5,46,230,0.007058823529411895
tree_cancer,optuna_tpe,5,47,235,0.007058823529411895
tree_cancer,optuna_tpe,5,48,240,0.007058823529411895
tree_cancer,optuna_tpe,5,49,245,0.007058823529411895
tree_cancer,optuna_tpe,5,50,250,0.007058823529411895
tree_cancer,optuna_tpe,5,51,255,0.007058823529411895
tree_cancer,optuna_tpe,5,52,260,0.007058823529411895
tree_cancer,optuna_tpe,5,53,265,0.007058823529411895
tree_cancer,optuna_tpe,5,54,270,0.007058823529411895
tree_cancer,optuna_tpe,5,55,275,0.007058823529411895
tree_cancer,optuna_tpe,5,56,280,0.007058823529411895
tree_cancer,optuna_tpe,5,57,285,0.007058823529411895
tree_cancer,optuna_tpe,5,58,290,0.007058823529411895
tree_cancer,optuna_tpe,5,59,295,0.007058823529411895
tree_cancer,optuna_tpe,5,60,300,0.007058823529411895
tree_cancer,optuna_tpe,6,1,5,0.023392612859097217
tree_cancer,optuna_tpe,6,2,10,0.023392612859097217
tree_cancer,optuna_tpe,6,3,15,0.023392612859097217
tree_cancer,optuna_tpe,6,4,20,0.023392612859097217
tree_cancer,optuna_tpe,6,5,25,0.023392612859097217
tree_cancer,optuna_tpe,6,6,30,0.023392612859097217
tree_cancer,optuna_tpe,6,7,35,0.023392612859097217
tree_cancer,optuna_tpe,6,8,40,0.023392612859097217
tree_cancer,optuna_tpe,6,9,45,0.023392612859097217
tree_cancer,optuna_tpe,6,10,50,0.023392612859097217
tree_cancer,optuna_tpe,6,11,55,0.023392612859097217
tree_cancer,optuna_tpe,6,12,60,0.023392612859097217
tree_cancer,optuna_tpe,6,13,65,0.023392612859097217
tree_cancer,optuna_tpe,6,14,70,0.023392612859097217
tree_cancer,optuna_tpe,6,15,75,0.023392612859097217
tree_cancer,optuna_tpe,6,16,80,0.023392612859097217
tree_cancer,optuna_tpe,6,17,85,0.023392612859097217
tree_cancer,optuna_tpe,6,18,90,0.023392612859097217
tree_cancer,optuna_tpe,6,19,95,0.023392612859097217
tree_cancer,optuna_tpe,6,20,100,0.023392612859097217
tree_cancer,optuna_tpe,6,21,105,0.023392612859097217
tree_cancer,optuna_tpe,6,22,110,0.023392612859097217
tree_cancer,optuna_tpe,6,23,115,0.023392612859097217
tree_cancer,optuna_tpe,6,24,120,0.023392612859097217
tree_cancer,optuna_tpe,6,25,125,0.039890560875513015
tree_cancer,optuna_tpe,6,26,130,0.039890560875513015
tree_cancer,optuna_tpe,6,27,135,0.039890560875513015
tree_cancer,optuna_tpe,6,28,140,0.039890560875513015
tree_cancer,optuna_tpe,6,29,145,0.039890560875513015
tree_cancer,optuna_tpe,6,30,150,0.039890560875513015
tree_cancer,optuna_tpe,6,31,155,0.039890560875513015
tree_cancer,optuna_tpe,6,32,160,0.039890560875513015
tree_cancer,optuna_tpe,6,33,165,0.039890560875513015
tree_cancer,optuna_tpe,6,34,170,0.039890560875513015
tree_cancer,optuna_tpe,6,35,175,0.039890560875513015
tree_cancer,optuna_tpe,6,36,180,0.039890560875513015
tree_cancer,optuna_tpe,6,37,185,0.039890560875513015
tree_cancer,optuna_tpe,6,38,190,0.039890560875513015
tree_cancer,optuna_tpe,6,39,195,0.039890560875513015
tree_cancer,optuna_tpe,6,40,200,0.039890560875513015
tree_cancer,optuna_tpe,6,41,205,0.039890560875513015
tree_cancer,optuna_tpe,6,42,210,0.039890560875513015
tree_cancer,optuna_tpe,6,43,215,0.039890560875513015
tree_cancer,optuna_tpe,6,44,220,0.039890560875513015
tree_cancer,optuna_tpe,6,45,225,0.039890560875513015
tree_cancer,optuna_tpe,6,46,230,0.039890560875513015
tree_cancer,optuna_tpe,6,47,235,0.039890560875513015
tree_cancer,optuna_tpe,6,48,240,0.039890560875513015
tree_cancer,optuna_tpe,6,49,245,0.039890560875513015
tree_cancer,optuna_tpe,6,50,250,0.039890560875513015
tree_cancer,optuna_tpe,6,51,255,0.039890560875513015
tree_cancer,optuna_tpe,6,52,260,0.039890560875513015
tree_cancer,optuna_tpe,6,53,265,0.039890560875513015
tree_cancer,optuna_tpe,6,54,270,0.039890560875513015
tree_cancer,optuna_tpe,6,55,275,0.039890560875513015
tree_cancer,optuna_tpe,6,56,280,0.039890560875513015
tree_cancer,optuna_tpe,6,57,285,0.039890560875513015
tree_cancer,optuna_tpe,6,58,290,0.039890560875513015
tree_cancer,optuna_tpe,6,59,295,0.039890560875513015
tree_cancer,optuna_tpe,6,60,300,0.039890560875513015
tree_cancer,optuna_tpe,7,1,5,0.0469493844049248
tree_cancer,optuna_tpe,7,2,10,0.009357045143638998
tree_cancer,optuna_tpe,7,3,15,0.011709986320109333
tree_cancer,optuna_tpe,7,4,20,0.011709986320109333
tree_cancer,optuna_tpe,7,5,25,0.011709986320109333
tree_cancer,optuna_tpe,7,6,30,0.011709986320109333
tree_cancer,optuna_tpe,7,7,35,0.011709986320109333
tree_cancer,optuna_tpe,7,8,40,0.011709986320109333
tree_cancer,optuna_tpe,7,9,45,0.011709986320109333
tree_cancer,optuna_tpe,7,10,50,0.011709986320109333
tree_cancer,optuna_tpe,7,11,55,0.011709986320109333
tree_cancer,optuna_tpe,7,12,60,0.011709986320109333
tree_cancer,optuna_tpe,7,13,65,0.011709986320109333
tree_cancer,optuna_tpe,7,14,70,0.0023529411764705577
tree_cancer,optuna_tpe,7,15,75,0.0023529411764705577
tree_cancer,optuna_tpe,7,16,80,0.0023529411764705577
tree_cancer,optuna_tpe,7,17,85,0.0023529411764705577
tree_cancer,optuna_tpe,7,18,90,0.0023529411764705577
tree_cancer,optuna_tpe,7,19,95,0.0023529411764705577
tree_cancer,optuna_tpe,7,20,100,0.0023529411764705577
tree_cancer,optuna_tpe,7,21,105,0.0023529411764705577
tree_cancer,optuna_tpe,7,22,110,0.0023529411764705577
tree_cancer,optuna_tpe,7,23,115,0.0023529411764705577
tree_cancer,optuna_tpe,7,24,120,0.0023529411764705577
tree_cancer,optuna_tpe,7,25,125,0.0023529411764705577
tree_cancer,optuna_tpe,7,26,130,0.0023529411764705577
tree_cancer,optuna_tpe,7,27,135,0.0023529411764705577
tree_cancer,optuna_tpe,7,28,140,0.0023529411764705577
tree_cancer,optuna_tpe,7,29,145,0.0023529411764705577
tree_cancer,optuna_tpe,7,30,150,0.0023529411764705577
tree_cancer,optuna_tpe,7,31,155,0.0023529411764705577
tree_cancer,optuna_tpe,7,32,160,0.0023529411764705577
tree_cancer,optuna_tpe,7,33,165,0.0023529411764705577
tree_cancer,optuna_tpe,7,34,170,0.0023529411764705577
tree_cancer,optuna_tpe,7,35,175,0.0023529411764705577
tree_cancer,optuna_tpe,7,36,180,0.0023529411764705577
tree_cancer,optuna_tpe,7,37,185,0.0023529411764705577
tree_cancer,optuna_tpe,7,38,190,0.0023529411764705577
tree_cancer,optuna_tpe,7,39,195,0.0023529411764705577
tree_cancer,optuna_tpe,7,40,200,0.0023529411764705577
tree_cancer,optuna_tpe,7,41,205,0.0023529411764705577
tree_cancer,optuna_tpe,7,42,210,0.0023529411764705577
tree_cancer,optuna_tpe,7,43,215,0.0023529411764705577
tree_cancer,optuna_tpe,7,44,220,0.0023529411764705577
tree_cancer,optuna_tpe,7,45,225,0.0023529411764705577
tree_cancer,optuna_tpe,7,46,230,0.0023529411764705577
tree_cancer,optuna_tpe,7,47,235,0.0023529411764705577
tree_cancer,optuna_tpe,7,48,240,0.0023529411764705577
tree_cancer,optuna_tpe,7,49,245,0.0023529411764705577
tree_cancer,optuna_tpe,7,50,250,0.0023529411764705577
tree_cancer,optuna_tpe,7,51,255,0.0023529411764705577
tree_cancer,optuna_tpe,7,52,260,0.0023529411764705577
tree_cancer,optuna_tpe,7,53,265,0.0023529411764705577
tree_cancer,optuna_tpe,7,54,270,0.0023529411764705577
tree_cancer,optuna_tpe,7,55,275,0.0023529411764705577
tree_cancer,optuna_tpe,7,56,280,0.0023529411764705577
tree_cancer,optuna_tpe,7,57,285,0.0023529411764705577
tree_cancer,optuna_tpe,7,58,290,0.0023529411764705577
tree_cancer,optuna_tpe,7,59,295,0.0023529411764705577
tree_cancer,optuna_tpe,7,60,300,0.0023529411764705577
tree_cancer,optuna_tpe,8,1,5,0.051655266757865914
tree_cancer,optuna_tpe,8,2,10,0.009357045143638776
tree_cancer,optuna_tpe,8,3,15,0.009357045143638776
tree_cancer,optuna_tpe,8,4,20,0.009357045143638776
tree_cancer,optuna_tpe,8,5,25,0.009357045143638776
tree_cancer,optuna_tpe,8,6,30,0.009357045143638776
tree_cancer,optuna_tpe,8,7,35,0.009357045143638776
tree_cancer,optuna_tpe,8,8,40,0.009357045143638776
tree_cancer,optuna_tpe,8,9,45,0.009357045143638776
tree_cancer,optuna_tpe,8,10,50,0.009357045143638776
tree_cancer,optuna_tpe,8,11,55,0.009357045143638776
tree_cancer,optuna_tpe,8,12,60,0.009357045143638776
tree_cancer,optuna_tpe,8,13,65,0.009357045143638776
tree_cancer,optuna_tpe,8,14,70,0.009357045143638776
tree_cancer,optuna_tpe,8,15,75,0.009357045143638776
tree_cancer,optuna_tpe,8,16,80,0.009357045143638776
tree_cancer,optuna_tpe,8,17,85,0.009357045143638776
tree_cancer,optuna_tpe,8,18,90,0.009357045143638776
tree_cancer,optuna_tpe,8,19,95,0.009357045143638776
tree_cancer,optuna_tpe,8,20,100,0.009357045143638776
tree_cancer,optuna_tpe,8,21,105,0.009357045143638776
tree_cancer,optuna_tpe,8,22,110,0.009357045143638776
tree_cancer,optuna_tpe,8,23,115,0.009357045143638776
tree_cancer,optuna_tpe,8,24,120,0.009357045143638776
tree_cancer,optuna_tpe,8,25,125,0.009357045143638776
tree_cancer,optuna_tpe,8,26,130,0.009357045143638776
tree_cancer,optuna_tpe,8,27,135,0.009357045143638776
tree_cancer,optuna_tpe,8,28,140,0.009357045143638776
tree_cancer,optuna_tpe,8,29,145,0.009357045143638776
tree_cancer,optuna_tpe,8,30,150,0.009357045143638776
tree_cancer,optuna_tpe,8,31,155,0.009357045143638776
tree_cancer,optuna_tpe,8,32,160,0.009357045143638776
tree_cancer,optuna_tpe,8,33,165,0.009357045143638776
tree_cancer,optuna_tpe,8,34,170,0.009357045143638776
tree_cancer,optuna_tpe,8,35,175,0.009357045143638776
tree_cancer,optuna_tpe,8,36,180,0.009357045143638776
tree_cancer,optuna_tpe,8,37,185,0.009357045143638776
tree_cancer,optuna_tpe,8,38,190,0.009357045143638776
tree_cancer,optuna_tpe,8,39,195,0.009357045143638776
tree_cancer,optuna_tpe,8,40,200,0.009357045143638776
tree_cancer,optuna_tpe,8,41,205,0.009357045143638776
tree_cancer,optuna_tpe,8,42,210,0.009357045143638776
tree_cancer,optuna_tpe,8,43,215,0.009357045143638776
tree_cancer,optuna_tpe,8,44,220,0.009357045143638776
tree_cancer,optuna_tpe,8,45,225,0.009357045143638776
tree_cancer,optuna_tpe,8,46,230,0.009357045143638776
tree_cancer,optuna_tpe,8,47,235,0.009357045143638776
tree_cancer,optuna_tpe,8,48,240,0.009357045143638776
tree_cancer,optuna_tpe,8,49,245,0.009357045143638776
tree_cancer,optuna_tpe,8,50,250,0.009357045143638776
tree_cancer,optuna_tpe,8,51,255,0.009357045143638776
tree_cancer,optuna_tpe,8,52,260,0.009357045143638776
tree_cancer,optuna_tpe,8,53,265,0.009357045143638776
tree_cancer,optuna_tpe,8,54,270,0.009357045143638776
tree_cancer,optuna_tpe,8,55,275,0.009357045143638776
tree_cancer,optuna_tpe,8,56,280,0.009357045143638776
tree_cancer,optuna_tpe,8,57,285,0.009357045143638776
tree_cancer,optuna_tpe,8,58,290,0.009357045143638776
tree_cancer,optuna_tpe,8,59,295,0.009357045143638776
tree_cancer,optuna_tpe,8,60,300,0.009357045143638776
tree_cancer,optuna_tpe,9,1,5,0.049302325581395356
tree_cancer,optuna_tpe,9,2,10,0.025745554035567775
tree_cancer,optuna_tpe,9,3,15,0.025745554035567775
tree_cancer,optuna_tpe,9,4,20,0.009329685362517215
tree_cancer,optuna_tpe,9,5,25,0.018768809849521118
tree_cancer,optuna_tpe,9,6,30,0.018768809849521118
tree_cancer,optuna_tpe,9,7,35,0.018768809849521118
tree_cancer,optuna_tpe,9,8,40,0.018768809849521118
tree_cancer,optuna_tpe,9,9,45,0.018768809849521118
tree_cancer,optuna_tpe,9,10,50,0.018768809849521118
tree_cancer,optuna_tpe,9,11,55,0.018768809849521118
tree_cancer,optuna_tpe,9,12,60,0.018768809849521118
tree_cancer,optuna_tpe,9,13,65,0.018768809849521118
tree_cancer,optuna_tpe,9,14,70,0.018768809849521118
tree_cancer,optuna_tpe,9,15,75,0.018768809849521118
tree_cancer,optuna_tpe,9,16,80,0.018768809849521118
tree_cancer,optuna_tpe,9,17,85,0.018768809849521118
tree_cancer,optuna_tpe,9,18,90,0.018768809849521118
tree_cancer,optuna_tpe,9,19,95,0.018768809849521118
tree_cancer,optuna_tpe,9,20,100,0.018768809849521118
tree_cancer,optuna_tpe,9,21,105,0.018768809849521118
tree_cancer,optuna_tpe,9,22,110,0.018768809849521118
tree_cancer,optuna_tpe,9,23,115,0.018768809849521118
tree_cancer,optuna_tpe,9,24,120,0.018768809849521118
tree_cancer,optuna_tpe,9,25,125,0.018768809849521118
tree_cancer,optuna_tpe,9,26,130,0.018768809849521118
tree_cancer,optuna_tpe,9,27,135,0.018768809849521118
tree_cancer,optuna_tpe,9,28,140,0.018768809849521118
tree_cancer,optuna_tpe,9,29,145,0.018768809849521118
tree_cancer,optuna_tpe,9,30,150,0.018768809849521118
tree_cancer,optuna_tpe,9,31,155,0.018768809849521118
tree_cancer,optuna_tpe,9,32,160,0.018768809849521118
tree_cancer,optuna_tpe,9,33,165,0.018768809849521118
tree_cancer,optuna_tpe,9,34,170,0.018768809849521118
tree_cancer,optuna_tpe,9,35,175,0.018768809849521118
tree_cancer,optuna_tpe,9,36,180,0.018768809849521118
tree_cancer,optuna_tpe,9,37,185,0.018768809849521118
tree_cancer,optuna_tpe,9,38,190,0.018768809849521118
tree_cancer,optuna_tpe,9,39,195,0.018768809849521118
tree_cancer,optuna_tpe,9,40,200,0.018768809849521118
tree_cancer,optuna_tpe,9,41,205,0.018768809849521118
tree_cancer,optuna_tpe,9,42,210,0.018768809849521118
tree_cancer,optuna_tpe,9,43,215,0.018768809849521118
tree_cancer,optuna_tpe,9,44,220,0.018768809849521118
tree_cancer,optuna_tpe,9,45,225,0.018768809849521118
tree_cancer,optuna_tpe,9,46,230,0.018768809849521118
tree_cancer,optuna_tpe,9,47,235,0.018768809849521118
tree_cancer,optuna_tpe,9,48,240,0.018768809849521118
tree_cancer,optuna_tpe,9,49,245,0.018768809849521118
tree_cancer,optuna_tpe,9,50,250,0.018768809849521118
tree_cancer,optuna_tpe,9,51,255,0.018768809849521118
tree_cancer,optuna_tpe,9,52,260,0.018768809849521118
tree_cancer,optuna_tpe,9,53,265,0.018768809849521118
tree_cancer,optuna_tpe,9,54,270,0.018768809849521118
tree_cancer,optuna_tpe,9,55,275,0.018768809849521118
tree_cancer,optuna_tpe,9,56,280,0.018768809849521118
tree_cancer,optuna_tpe,9,57,285,0.018768809849521118
tree_cancer,optuna_tpe,9,58,290,0.018768809849521118
tree_cancer,optuna_tpe,9,59,295,0.018768809849521118
tree_cancer,optuna_tpe,9,60,300,0.018768809849521118
hgb_synth,ags_default,0,1,5,0.01408027812895063
hgb_synth,ags_default,0,2,10,0.01408027812895063
hgb_synth,ags_default,0,3,15,0.01408027812895063
hgb_synth,ags_default,0,4,20,0.007158659924146549
hgb_synth,ags_default,0,5,25,0.007158659924146549
hgb_synth,ags_default,0,6,30,0.007158659924146549
hgb_synth,ags_default,0,7,35,0.007158659924146549
hgb_synth,ags_default,0,8,40,0.007158659924146549
hgb_synth,ags_default,0,9,45,0.007158659924146549
hgb_synth,ags_default,0,10,50,0.007158659924146549
hgb_synth,ags_default,0,11,55,0.007158659924146549
hgb_synth,ags_default,0,12,60,0.00545195954487987
hgb_synth,ags_default,0,13,65,0.00545195954487987
hgb_synth,ags_default,0,14,70,0.00545195954487987
hgb_synth,ags_default,0,15,75,0.0026548672566369946
hgb_synth,ags_default,0,16,80,0.0026548672566369946
hgb_synth,ags_default,0,17,85,0.0026548672566369946
hgb_synth,ags_default,0,18,90,0.0026548672566369946
hgb_synth,ags_default,0,19,95,0.0032079646017697527
hgb_synth,ags_default,0,20,100,0.0032079646017697527
hgb_synth,ags_default,0,21,105,0.0032079646017697527
hgb_synth,ags_default,0,22,110,0.0032079646017697527
hgb_synth,ags_default,0,23,115,0.0032079646017697527
hgb_synth,ags_default,0,24,120,0.007095448798988491
hgb_synth,ags_default,0,25,125,0.007095448798988491
hgb_synth,ags_default,0,26,130,0.007095448798988491
hgb_synth,ags_default,0,27,135,0.007095448798988491
hgb_synth,ags_default,0,28,140,0.007095448798988491
hgb_synth,ags_default,0,29,145,0.007095448798988491
hgb_synth,ags_default,1,1,5,0.007727560050568738
hgb_synth,ags_default,1,2,10,0.007727560050568738
hgb_synth,ags_default,1,3,15,0.007727560050568738
hgb_synth,ags_default,1,4,20,0.007727560050568738
hgb_synth,ags_default,1,5,25,0.007727560050568738
hgb_synth,ags_default,1,6,30,0.007727560050568738
hgb_synth,ags_default,1,7,35,0.007727560050568738
hgb_synth,ags_default,1,8,40,0.007727560050568738
hgb_synth,ags_default,1,9,45,0.007727560050568738
hgb_synth,ags_default,1,10,50,0.0033027812895066733
hgb_synth,ags_default,1,11,55,0.0010113780025281516
hgb_synth,ags_default,1,12,60,0.0010113780025281516
hgb_synth,ags_default,1,13,65,0.0010113780025281516
hgb_synth,ags_default,1,14,70,0.0010113780025281516
hgb_synth,ags_default,1,15,75,0.0010113780025281516
hgb_synth,ags_default,1,16,80,0.0010113780025281516
hgb_synth,ags_default,2,1,5,0.03623577749683948
hgb_synth,ags_default,2,2,10,0.018370733249051696
hgb_synth,ags_default,2,3,15,0.00952907711757256
hgb_synth,ags_default,2,4,20,0.043505056890012495
hgb_synth,ags_default,2,5,25,0.009789823008849452
hgb_synth,ags_default,2,6,30,0.006400126422250074
hgb_synth,ags_default,2,7,35,0.006400126422250074
hgb_synth,ags_default,2,8,40,0.006400126422250074
hgb_synth,ags_default,2,9,45,0.004519595448798874
hgb_synth,ags_default,2,10,50,0.004519595448798874
hgb_synth,ags_default,2,11,55,0.004519595448798874
hgb_synth,ags_default,2,12,60,0.0068426042983563695
hgb_synth,ags_default,2,13,65,0.0068426042983563695
hgb_synth,ags_default,2,14,70,0.0068426042983563695
hgb_synth,ags_default,2,15,75,0.0068426042983563695
hgb_synth,ags_default,2,16,80,0.0068426042983563695
hgb_synth,ags_default,2,17,85,0.0068426042983563695
hgb_synth,ags_default,3,1,5,0.029930467762325996
hgb_synth,ags_default,3,2,10,0.009750316055625707
hgb_synth,ags_default,3,3,15,0.0044721871049302475
hgb_synth,ags_default,3,4,20,0.0044721871049302475
hgb_synth,ags_default,3,5,25,0.0044721871049302475
hgb_synth,ags_default,3,6,30,0.0044721871049302475
hgb_synth,ags_default,3,7,35,0.007087547408343831
hgb_synth,ags_default,3,8,40,0.007087547408343831
hgb_synth,ags_default,3,9,45,0.007087547408343831
hgb_synth,ags_default,3,10,50,0.007087547408343831
hgb_synth,ags_default,3,11,55,0.005704804045511991
hgb_synth,ags_default,3,12,57,0.005704804045511991
hgb_synth,ags_default,3,13,62,0.004582806573957043
hgb_synth,ags_default,3,14,67,0.004582806573957043
hgb_synth,ags_default,3,15,72,0.004946270543615516
hgb_synth,ags_default,3,16,77,0.004946270543615516
hgb_synth,ags_default,3,17,82,0.004946270543615516
hgb_synth,ags_default,3,18,87,0.004946270543615516
hgb_synth,ags_default,3,19,92,0.004946270543615516
hgb_synth,ags_default,3,20,97,0.0054993678887483854
hgb_synth,ags_default,3,21,102,0.0054993678887483854
hgb_synth,ags_default,3,22,107,0.0054993678887483854
hgb_synth,ags_default,3,23,112,0.0054993678887483854
hgb_synth,ags_default,3,24,117,0.0054993678887483854
hgb_synth,ags_default,3,25,122,0.0054993678887483854
hgb_synth,ags_default,3,26,127,0.0054993678887483854
hgb_synth,ags_default,3,27,132,0.0054993678887483854
hgb_synth,ags_default,3,28,137,0.0054993678887483854
hgb_synth,ags_default,3,29,142,0.0054993678887483854
hgb_synth,ags_default,4,1,5,0.0028919089759795735
hgb_synth,ags_default,4,2,10,0.0028919089759795735
hgb_synth,ags_default,4,3,15,0.0028919089759795735
hgb_synth,ags_default,4,4,20,0.008612515802781218
hgb_synth,ags_default,4,5,25,0.008612515802781218
hgb_synth,ags_default,4,6,30,0.008612515802781218
hgb_synth,ags_default,4,7,35,0.008612515802781218
hgb_synth,ags_default,4,8,40,0.008612515802781218
hgb_synth,ags_default,4,9,45,0.008612515802781218
hgb_synth,ags_default,4,10,50,0.008612515802781218
hgb_synth,ags_default,4,11,55,0.008612515802781218
hgb_synth,ags_default,4,12,60,0.008612515802781218
hgb_synth,ags_default,4,13,63,0.008612515802781218
hgb_synth,ags_default,5,1,5,0.004804045512009858
hgb_synth,ags_default,5,2,10,0.004804045512009858
hgb_synth,ags_default,5,3,15,0.004804045512009858
hgb_synth,ags_default,5,4,20,0.004804045512009858
hgb_synth,ags_default,5,5,25,0.004804045512009858
hgb_synth,ags_default,5,6,30,0.0034292035398230114
hgb_synth,ags_default,5,7,35,0.0034292035398230114
hgb_synth,ags_default,5,8,40,0.0034292035398230114
hgb_synth,ags_default,5,9,45,0.0034292035398230114
hgb_synth,ags_default,5,10,50,0.0034292035398230114
hgb_synth,ags_default,5,11,55,0.0034292035398230114
hgb_synth,ags_default,5,12,60,0.0034292035398230114
hgb_synth,ags_default,5,13,65,0.0034292035398230114
hgb_synth,ags_default,6,1,5,0.015304993678887269
hgb_synth,ags_default,6,2,10,0.007727560050568738
hgb_synth,ags_default,6,3,15,0.002923514538558769
hgb_synth,ags_default,6,4,20,0.002923514538558769
hgb_synth,ags_default,6,5,25,0.002923514538558769
hgb_synth,ags_default,6,6,30,0.002923514538558769
hgb_synth,ags_default,6,7,35,0.01035082174462687
hgb_synth,ags_default,6,8,40,0.01035082174462687
hgb_synth,ags_default,6,9,45,0.01035082174462687
hgb_synth,ags_default,6,10,50,0.01035082174462687
hgb_synth,ags_default,6,11,55,0.01035082174462687
hgb_synth,ags_default,6,12,58,0.01035082174462687
hgb_synth,ags_default,6,13,63,0.012183944374209665
hgb_synth,ags_default,6,14,68,0.012183944374209665
hgb_synth,ags_default,6,15,73,0.012183944374209665
hgb_synth,ags_default,6,16,75,0.012183944374209665
hgb_synth,ags_default,6,17,78,0.012183944374209665
hgb_synth,ags_default,6,18,83,0.012183944374209665
hgb_synth,ags_default,7,1,5,0.006763590391908991
hgb_synth,ags_default,7,2,10,0.006763590391908991
hgb_synth,ags_default,7,3,15,0.006763590391908991
hgb_synth,ags_default,7,4,20,0.006763590391908991
hgb_synth,ags_default,7,5,25,0.006763590391908991
hgb_synth,ags_default,7,6,30,0.006763590391908991
hgb_synth,ags_default,7,7,35,0.006763590391908991
hgb_synth,ags_default,7,8,40,0.006763590391908991
hgb_synth,ags_default,7,9,45,0.006763590391908991
hgb_synth,ags_default,7,10,50,0.006763590391908991
hgb_synth,ags_default,7,11,52,0.006763590391908991
hgb_synth,ags_default,7,12,57,0.003761061946902622
hgb_synth,ags_default,7,13,62,0.003761061946902622
hgb_synth,ags_default,7,14,67,0.003761061946902622
hgb_synth,ags_default,7,15,72,0.003761061946902622
hgb_synth,ags_default,7,16,77,0.003761061946902622
hgb_synth,ags_default,7,17,82,0.003761061946902622
hgb_synth,ags_default,8,1,5,0.006368520859671212
hgb_synth,ags_default,8,2,10,0.0034292035398230114
hgb_synth,ags_default,8,3,15,0.0034292035398230114
hgb_synth,ags_default,8,4,20,0.0034292035398230114
hgb_synth,ags_default,8,5,25,0.0034292035398230114
hgb_synth,ags_default,8,6,30,0.0034292035398230114
hgb_synth,ags_default,8,7,35,0.0034292035398230114
hgb_synth,ags_default,8,8,40,0.0034292035398230114
hgb_synth,ags_default,8,9,45,0.0034292035398230114
hgb_synth,ags_default,8,10,50,0.0034292035398230114
hgb_synth,ags_default,8,11,55,0.0034292035398230114
hgb_synth,ags_default,8,12,60,0.0034292035398230114
hgb_synth,ags_default,8,13,65,0.0034292035398230114
hgb_synth,ags_default,9,1,5,0.0201011378002528
hgb_synth,ags_default,9,2,10,0.019516434892540957
hgb_synth,ags_default,9,3,15,0.008375474083438417
hgb_synth,ags_default,9,4,20,0.008375474083438417
hgb_synth,ags_default,9,5,25,0.008375474083438417
hgb_synth,ags_default,9,6,30,0.004661820480404422
hgb_synth,ags_default,9,7,35,0.004661820480404422
hgb_synth,ags_default,9,8,40,0.003397597977243927
hgb_synth,ags_default,9,9,45,0.003397597977243927
hgb_synth,ags_default,9,10,50,0.003397597977243927
hgb_synth,ags_default,9,11,55,0.003397597977243927
hgb_synth,ags_default,9,12,60,0.0054993678887483854
hgb_synth,ags_default,9,13,65,0.0054993678887483854
hgb_synth,ags_default,9,14,70,0.0054993678887483854
hgb_synth,ags_default,9,15,75,0.003966498103666116
hgb_synth,ags_default,9,16,80,0.003966498103666116
hgb_synth,ags_default,9,17,85,0.0034292035398230114
hgb_synth,ags_default,9,18,90,0.0034292035398230114
hgb_synth,ags_default,9,19,95,0.0034292035398230114
hgb_synth,ags_default,9,20,100,0.0047724399494309955
hgb_synth,ags_default,9,21,105,0.0047724399494309955
hgb_synth,ags_default,9,22,110,0.0047724399494309955
hgb_synth,ags_default,9,23,115,0.0047724399494309955
hgb_synth,ags_default,9,24,117,0.0047724399494309955
hgb_synth,ags_default,9,25,122,0.0047724399494309955
hgb_synth,ags_no_early_stop,0,1,5,0.01408027812895063
hgb_synth,ags_no_early_stop,0,2,10,0.01408027812895063
hgb_synth,ags_no_early_stop,0,3,15,0.01408027812895063
hgb_synth,ags_no_early_stop,0,4,20,0.007158659924146549
hgb_synth,ags_no_early_stop,0,5,25,0.007158659924146549
hgb_synth,ags_no_early_stop,0,6,30,0.007158659924146549
hgb_synth,ags_no_early_stop,0,7,35,0.007158659924146549
hgb_synth,ags_no_early_stop,0,8,40,0.007158659924146549
hgb_synth,ags_no_early_stop,0,9,45,0.007158659924146549
hgb_synth,ags_no_early_stop,0,10,50,0.007158659924146549
hgb_synth,ags_no_early_stop,0,11,55,0.007158659924146549
hgb_synth,ags_no_early_stop,0,12,60,0.00545195954487987
hgb_synth,ags_no_early_stop,0,13,65,0.00545195954487987
hgb_synth,ags_no_early_stop,0,14,70,0.00545195954487987
hgb_synth,ags_no_early_stop,0,15,75,0.0026548672566369946
hgb_synth,ags_no_early_stop,0,16,80,0.0026548672566369946
hgb_synth,ags_no_early_stop,0,17,85,0.0026548672566369946
hgb_synth,ags_no_early_stop,0,18,90,0.0026548672566369946
hgb_synth,ags_no_early_stop,0,19,95,0.0032079646017697527
hgb_synth,ags_no_early_stop,0,20,100,0.0032079646017697527
hgb_synth,ags_no_early_stop,0,21,105,0.0032079646017697527
hgb_synth,ags_no_early_stop,0,22,110,0.0032079646017697527
hgb_synth,ags_no_early_stop,0,23,115,0.0032079646017697527
hgb_synth,ags_no_early_stop,0,24,120,0.007095448798988491
hgb_synth,ags_no_early_stop,0,25,125,0.007095448798988491
hgb_synth,ags_no_early_stop,0,26,130,0.007095448798988491
hgb_synth,ags_no_early_stop,0,27,135,0.007095448798988491
hgb_synth,ags_no_early_stop,0,28,140,0.007095448798988491
hgb_synth,ags_no_early_stop,0,29,145,0.007095448798988491
hgb_synth,ags_no_early_stop,0,30,150,0.007095448798988491
hgb_synth,ags_no_early_stop,0,31,155,0.007095448798988491
hgb_synth,ags_no_early_stop,0,32,160,0.007095448798988491
hgb_synth,ags_no_early_stop,0,33,163,0.007095448798988491
hgb_synth,ags_no_early_stop,0,34,168,0.007095448798988491
hgb_synth,ags_no_early_stop,0,35,173,0.007095448798988491
hgb_synth,ags_no_early_stop,0,36,178,0.007095448798988491
hgb_synth,ags_no_early_stop,0,37,183,0.007095448798988491
hgb_synth,ags_no_early_stop,0,38,186,0.007095448798988491
hgb_synth,ags_no_early_stop,0,39,191,0.007095448798988491
hgb_synth,ags_no_early_stop,0,40,196,0.007095448798988491
hgb_synth,ags_no_early_stop,1,1,5,0.007727560050568738
hgb_synth,ags_no_early_stop,1,2,10,0.007727560050568738
hgb_synth,ags_no_early_stop,1,3,15,0.007727560050568738
hgb_synth,ags_no_early_stop,1,4,20,0.007727560050568738
hgb_synth,ags_no_early_stop,1,5,25,0.007727560050568738
hgb_synth,ags_no_early_stop,1,6,30,0.007727560050568738
hgb_synth,ags_no_early_stop,1,7,35,0.007727560050568738
hgb_synth,ags_no_early_stop,1,8,40,0.007727560050568738
hgb_synth,ags_no_early_stop,1,9,45,0.007727560050568738
hgb_synth,ags_no_early_stop,1,10,50,0.0033027812895066733
hgb_synth,ags_no_early_stop,1,11,55,0.0010113780025281516
hgb_synth,ags_no_early_stop,1,12,60,0.0010113780025281516
hgb_synth,ags_no_early_stop,1,13,65,0.0010113780025281516
hgb_synth,ags_no_early_stop,1,14,70,0.0010113780025281516
hgb_synth,ags_no_early_stop,1,15,75,0.0010113780025281516
hgb_synth,ags_no_early_stop,1,16,80,0.0010113780025281516
hgb_synth,ags_no_early_stop,1,17,85,0.0010113780025281516
hgb_synth,ags_no_early_stop,1,18,89,0.0010113780025281516
hgb_synth,ags_no_early_stop,1,19,94,0.0010113780025281516
hgb_synth,ags_no_early_stop,1,20,99,0.0010113780025281516
hgb_synth,ags_no_early_stop,1,21,104,0.0010113780025281516
hgb_synth,ags_no_early_stop,1,22,106,0.0010113780025281516
hgb_synth,ags_no_early_stop,1,23,111,0.0010113780025281516
hgb_synth,ags_no_early_stop,1,24,116,0.0010113780025281516
hgb_synth,ags_no_early_stop,1,25,121,0.0010113780025281516
hgb_synth,ags_no_early_stop,1,26,126,0.0010113780025281516
hgb_synth,ags_no_early_stop,1,27,131,0.0010113780025281516
hgb_synth,ags_no_early_stop,1,28,133,0.0010113780025281516
hgb_synth,ags_no_early_stop,1,29,138,0.0010113780025281516
hgb_synth,ags_no_early_stop,1,30,143,0.0010113780025281516
hgb_synth,ags_no_early_stop,1,31,148,0.0010113780025281516
hgb_synth,ags_no_early_stop,1,32,150,0.0010113780025281516
hgb_synth,ags_no_early_stop,1,33,155,0.0010113780025281516
hgb_synth,ags_no_early_stop,1,34,160,0.0010113780025281516
hgb_synth,ags_no_early_stop,1,35,165,0.0010113780025281516
hgb_synth,ags_no_early_stop,1,36,170,0.0010113780025281516
hgb_synth,ags_no_early_stop,1,37,172,0.0010113780025281516
hgb_synth,ags_no_early_stop,1,38,174,0.0010113780025281516
hgb_synth,ags_no_early_stop,1,39,176,0.0010113780025281516
hgb_synth,ags_no_early_stop,1,40,178,0.0010113780025281516
hgb_synth,ags_no_early_stop,2,1,5,0.03623577749683948
hgb_synth,ags_no_early_stop,2,2,10,0.018370733249051696
hgb_synth,ags_no_early_stop,2,3,15,0.00952907711757256
hgb_synth,ags_no_early_stop,2,4,20,0.043505056890012495
hgb_synth,ags_no_early_stop,2,5,25,0.009789823008849452
hgb_synth,ags_no_early_stop,2,6,30,0.006400126422250074
hgb_synth,ags_no_early_stop,2,7,35,0.006400126422250074
hgb_synth,ags_no_early_stop,2,8,40,0.006400126422250074
hgb_synth,ags_no_early_stop,2,9,45,0.004519595448798874
hgb_synth,ags_no_early_stop,2,10,50,0.004519595448798874
hgb_synth,ags_no_early_stop,2,11,55,0.004519595448798874
hgb_synth,ags_no_early_stop,2,12,60,0.0068426042983563695
hgb_synth,ags_no_early_stop,2,13,65,0.0068426042983563695
hgb_synth,ags_no_early_stop,2,14,70,0.0068426042983563695
hgb_synth,ags_no_early_stop,2,15,75,0.0068426042983563695
hgb_synth,ags_no_early_stop,2,16,80,0.0068426042983563695
hgb_synth,ags_no_early_stop,2,17,85,0.0068426042983563695
hgb_synth,ags_no_early_stop,2,18,90,0.0010113780025281516
hgb_synth,ags_no_early_stop,2,19,95,0.0010113780025281516
hgb_synth,ags_no_early_stop,2,20,100,0.0010113780025281516
hgb_synth,ags_no_early_stop,2,21,105,0.0010113780025281516
hgb_synth,ags_no_early_stop,2,22,110,0.0010113780025281516
hgb_synth,ags_no_early_stop,2,23,115,0.0010113780025281516
hgb_synth,ags_no_early_stop,2,24,120,0.0010113780025281516
hgb_synth,ags_no_early_stop,2,25,125,0.0010113780025281516
hgb_synth,ags_no_early_stop,2,26,130,0.0010113780025281516
hgb_synth,ags_no_early_stop,2,27,135,0.0010113780025281516
hgb_synth,ags_no_early_stop,2,28,140,0.0010113780025281516
hgb_synth,ags_no_early_stop,2,29,145,0.0010113780025281516
hgb_synth,ags_no_early_stop,2,30,150,0.0010113780025281516
hgb_synth,ags_no_early_stop,2,31,154,0.0010113780025281516
hgb_synth,ags_no_early_stop,2,32,159,0.0010113780025281516
hgb_synth,ags_no_early_stop,2,33,164,0.007727560050568738
hgb_synth,ags_no_early_stop,2,34,169,0.007727560050568738
hgb_synth,ags_no_early_stop,2,35,174,0.007727560050568738
hgb_synth,ags_no_early_stop,2,36,179,0.007727560050568738
hgb_synth,ags_no_early_stop,2,37,184,0.007727560050568738
hgb_synth,ags_no_early_stop,2,38,189,0.007727560050568738
hgb_synth,ags_no_early_stop,2,39,194,0.0015012642225030737
hgb_synth,ags_no_early_stop,2,40,199,0.0015012642225030737
hgb_synth,ags_no_early_stop,3,1,5,0.029930467762325996
hgb_synth,ags_no_early_stop,3,2,10,0.009750316055625707
hgb_synth,ags_no_early_stop,3,3,15,0.0044721871049302475
hgb_synth,ags_no_early_stop,3,4,20,0.0044721871049302475
hgb_synth,ags_no_early_stop,3,5,25,0.0044721871049302475
hgb_synth,ags_no_early_stop,3,6,30,0.0044721871049302475
hgb_synth,ags_no_early_stop,3,7,35,0.007087547408343831
hgb_synth,ags_no_early_stop,3,8,40,0.007087547408343831
hgb_synth,ags_no_early_stop,3,9,45,0.007087547408343831
hgb_synth,ags_no_early_stop,3,10,50,0.007087547408343831
hgb_synth,ags_no_early_stop,3,11,55,0.005704804045511991
hgb_synth,ags_no_early_stop,3,12,57,0.005704804045511991
hgb_synth,ags_no_early_stop,3,13,62,0.004582806573957043
hgb_synth,ags_no_early_stop,3,14,67,0.004582806573957043
hgb_synth,ags_no_early_stop,3,15,72,0.004946270543615516
hgb_synth,ags_no_early_stop,3,16,77,0.004946270543615516
hgb_synth,ags_no_early_stop,3,17,82,0.004946270543615516
hgb_synth,ags_no_early_stop,3,18,87,0.004946270543615516
hgb_synth,ags_no_early_stop,3,19,92,0.004946270543615516
hgb_synth,ags_no_early_stop,3,20,97,0.0054993678887483854
hgb_synth,ags_no_early_stop,3,21,102,0.0054993678887483854
hgb_synth,ags_no_early_stop,3,22,107,0.0054993678887483854
hgb_synth,ags_no_early_stop,3,23,112,0.0054993678887483854
hgb_synth,ags_no_early_stop,3,24,117,0.0054993678887483854
hgb_synth,ags_no_early_stop,3,25,122,0.0054993678887483854
hgb_synth,ags_no_early_stop,3,26,127,0.0054993678887483854
hgb_synth,ags_no_early_stop,3,27,132,0.0054993678887483854
hgb_synth,ags_no_early_stop,3,28,137,0.0054993678887483854
hgb_synth,ags_no_early_stop,3,29,142,0.0054993678887483854
hgb_synth,ags_no_early_stop,3,30,147,0.0054993678887483854
hgb_synth,ags_no_early_stop,3,31,152,0.0054993678887483854
hgb_synth,ags_no_early_stop,3,32,157,0.0054993678887483854
hgb_synth,ags_no_early_stop,3,33,159,0.0054993678887483854
hgb_synth,ags_no_early_stop,3,34,164,0.0054993678887483854
hgb_synth,ags_no_early_stop,3,35,169,0.0054993678887483854
hgb_synth,ags_no_early_stop,3,36,174,0.0054993678887483854
hgb_synth,ags_no_early_stop,3,37,179,0.0054993678887483854
hgb_synth,ags_no_early_stop,3,38,182,0.0054993678887483854
hgb_synth,ags_no_early_stop,3,39,184,0.004804045512009858
hgb_synth,ags_no_early_stop,3,40,189,0.004804045512009858
hgb_synth,ags_no_early_stop,4,1,5,0.0028919089759795735
hgb_synth,ags_no_early_stop,4,2,10,0.0028919089759795735
hgb_synth,ags_no_early_stop,4,3,15,0.0028919089759795735
hgb_synth,ags_no_early_stop,4,4,20,0.008612515802781218
hgb_synth,ags_no_early_stop,4,5,25,0.008612515802781218
hgb_synth,ags_no_early_stop,4,6,30,0.008612515802781218
hgb_synth,ags_no_early_stop,4,7,35,0.008612515802781218
hgb_synth,ags_no_early_stop,4,8,40,0.008612515802781218
hgb_synth,ags_no_early_stop,4,9,45,0.008612515802781218
hgb_synth,ags_no_early_stop,4,10,50,0.008612515802781218
hgb_synth,ags_no_early_stop,4,11,55,0.008612515802781218
hgb_synth,ags_no_early_stop,4,12,60,0.008612515802781218
hgb_synth,ags_no_early_stop,4,13,63,0.008612515802781218
hgb_synth,ags_no_early_stop,4,14,66,0.008612515802781218
hgb_synth,ags_no_early_stop,4,15,71,0.008612515802781218
hgb_synth,ags_no_early_stop,4,16,74,0.008612515802781218
hgb_synth,ags_no_early_stop,4,17,76,0.008612515802781218
hgb_synth,ags_no_early_stop,4,18,78,0.008612515802781218
hgb_synth,ags_no_early_stop,4,19,83,0.008612515802781218
hgb_synth,ags_no_early_stop,4,20,85,0.008612515802781218
hgb_synth,ags_no_early_stop,4,21,87,0.008612515802781218
hgb_synth,ags_no_early_stop,4,22,89,0.008612515802781218
hgb_synth,ags_no_early_stop,4,23,93,0.008612515802781218
hgb_synth,ags_no_early_stop,4,24,96,0.008612515802781218
hgb_synth,ags_no_early_stop,4,25,101,0.008612515802781218
hgb_synth,ags_no_early_stop,4,26,106,0.008612515802781218
hgb_synth,ags_no_early_stop,4,27,111,0.0068426042983563695
hgb_synth,ags_no_early_stop,4,28,116,0.0068426042983563695
hgb_synth,ags_no_early_stop,4,29,121,0.0068426042983563695
hgb_synth,ags_no_early_stop,4,30,126,0.0068426042983563695
hgb_synth,ags_no_early_stop,4,31,131,0.0068426042983563695
hgb_synth,ags_no_early_stop,4,32,136,0.0068426042983563695
hgb_synth,ags_no_early_stop,4,33,141,0.0068426042983563695
hgb_synth,ags_no_early_stop,4,34,146,0.0068426042983563695
hgb_synth,ags_no_early_stop,4,35,151,0.0068426042983563695
hgb_synth,ags_no_early_stop,4,36,156,0.0068426042983563695
hgb_synth,ags_no_early_stop,4,37,161,0.0068426042983563695
hgb_synth,ags_no_early_stop,4,38,166,0.0068426042983563695
hgb_synth,ags_no_early_stop,4,39,171,0.0068426042983563695
hgb_synth,ags_no_early_stop,4,40,176,0.0068426042983563695
hgb_synth,ags_no_early_stop,5,1,5,0.004804045512009858
hgb_synth,ags_no_early_stop,5,2,10,0.004804045512009858
hgb_synth,ags_no_early_stop,5,3,15,0.004804045512009858
hgb_synth,ags_no_early_stop,5,4,20,0.004804045512009858
hgb_synth,ags_no_early_stop,5,5,25,0.004804045512009858
hgb_synth,ags_no_early_stop,5,6,30,0.0034292035398230114
hgb_synth,ags_no_early_stop,5,7,35,0.0034292035398230114
hgb_synth,ags_no_early_stop,5,8,40,0.0034292035398230114
hgb_synth,ags_no_early_stop,5,9,45,0.0034292035398230114
hgb_synth,ags_no_early_stop,5,10,50,0.0034292035398230114
hgb_synth,ags_no_early_stop,5,11,55,0.0034292035398230114
hgb_synth,ags_no_early_stop,5,12,60,0.0034292035398230114
hgb_synth,ags_no_early_stop,5,13,65,0.0034292035398230114
hgb_synth,ags_no_early_stop,5,14,70,0.0034292035398230114
hgb_synth,ags_no_early_stop,5,15,75,0.0
hgb_synth,ags_no_early_stop,5,16,80,0.0
hgb_synth,ags_no_early_stop,5,17,85,0.0
hgb_synth,ags_no_early_stop,5,18,90,0.0015012642225030737
hgb_synth,ags_no_early_stop,5,19,95,0.0015012642225030737
hgb_synth,ags_no_early_stop,5,20,100,0.0015012642225030737
hgb_synth,ags_no_early_stop,5,21,105,0.0015012642225030737
hgb_synth,ags_no_early_stop,5,22,110,0.0015012642225030737
hgb_synth,ags_no_early_stop,5,23,114,0.0015012642225030737
hgb_synth,ags_no_early_stop,5,24,116,0.0030025284450063694
hgb_synth,ags_no_early_stop,5,25,121,0.0030025284450063694
hgb_synth,ags_no_early_stop,5,26,123,0.007759165613147823
hgb_synth,ags_no_early_stop,5,27,125,0.007759165613147823
hgb_synth,ags_no_early_stop,5,28,127,0.007759165613147823
hgb_synth,ags_no_early_stop,5,29,129,0.007759165613147823
hgb_synth,ags_no_early_stop,5,30,131,0.007759165613147823
hgb_synth,ags_no_early_stop,5,31,133,0.007759165613147823
hgb_synth,ags_no_early_stop,5,32,135,0.007759165613147823
hgb_synth,ags_no_early_stop,5,33,138,0.006226295828065553
hgb_synth,ags_no_early_stop,5,34,140,0.006226295828065553
hgb_synth,ags_no_early_stop,5,35,142,0.006226295828065553
hgb_synth,ags_no_early_stop,5,36,144,0.006226295828065553
hgb_synth,ags_no_early_stop,5,37,149,0.006226295828065553
hgb_synth,ags_no_early_stop,5,38,154,0.006226295828065553
hgb_synth,ags_no_early_stop,5,39,156,0.006226295828065553
hgb_synth,ags_no_early_stop,5,40,158,0.006226295828065553
hgb_synth,ags_no_early_stop,6,1,5,0.015304993678887269
hgb_synth,ags_no_early_stop,6,2,10,0.007727560050568738
hgb_synth,ags_no_early_stop,6,3,15,0.002923514538558769
hgb_synth,ags_no_early_stop,6,4,20,0.002923514538558769
hgb_synth,ags_no_early_stop,6,5,25,0.002923514538558769
hgb_synth,ags_no_early_stop,6,6,30,0.002923514538558769
hgb_synth,ags_no_early_stop,6,7,35,0.01035082174462687
hgb_synth,ags_no_early_stop,6,8,40,0.01035082174462687
hgb_synth,ags_no_early_stop,6,9,45,0.01035082174462687
hgb_synth,ags_no_early_stop,6,10,50,0.01035082174462687
hgb_synth,ags_no_early_stop,6,11,55,0.01035082174462687
hgb_synth,ags_no_early_stop,6,12,58,0.01035082174462687
hgb_synth,ags_no_early_stop,6,13,63,0.012183944374209665
hgb_synth,ags_no_early_stop,6,14,68,0.012183944374209665
hgb_synth,ags_no_early_stop,6,15,73,0.012183944374209665
hgb_synth,ags_no_early_stop,6,16,75,0.012183944374209665
hgb_synth,ags_no_early_stop,6,17,78,0.012183944374209665
hgb_synth,ags_no_early_stop,6,18,83,0.012183944374209665
hgb_synth,ags_no_early_stop,6,19,88,0.012183944374209665
hgb_synth,ags_no_early_stop,6,20,92,0.012183944374209665
hgb_synth,ags_no_early_stop,6,21,95,0.012183944374209665
hgb_synth,ags_no_early_stop,6,22,97,0.012183944374209665
hgb_synth,ags_no_early_stop,6,23,100,0.012183944374209665
hgb_synth,ags_no_early_stop,6,24,103,0.012183944374209665
hgb_synth,ags_no_early_stop,6,25,107,0.012183944374209665
hgb_synth,ags_no_early_stop,6,26,112,0.012183944374209665
hgb_synth,ags_no_early_stop,6,27,117,0.012183944374209665
hgb_synth,ags_no_early_stop,6,28,119,0.012183944374209665
hgb_synth,ags_no_early_stop,6,29,124,0.012183944374209665
hgb_synth,ags_no_early_stop,6,30,128,0.012183944374209665
hgb_synth,ags_no_early_stop,6,31,130,0.012183944374209665
hgb_synth,ags_no_early_stop,6,32,135,0.012183944374209665
hgb_synth,ags_no_early_stop,6,33,140,0.012183944374209665
hgb_synth,ags_no_early_stop,6,34,145,0.012183944374209665
hgb_synth,ags_no_early_stop,6,35,149,0.012183944374209665
hgb_synth,ags_no_early_stop,6,36,154,0.012183944374209665
hgb_synth,ags_no_early_stop,6,37,156,0.012183944374209665
hgb_synth,ags_no_early_stop,6,38,160,0.012183944374209665
hgb_synth,ags_no_early_stop,6,39,165,0.012183944374209665
hgb_synth,ags_no_early_stop,6,40,169,0.012183944374209665
hgb_synth,ags_no_early_stop,7,1,5,0.006763590391908991
hgb_synth,ags_no_early_stop,7,2,10,0.006763590391908991
hgb_synth,ags_no_early_stop,7,3,15,0.006763590391908991
hgb_synth,ags_no_early_stop,7,4,20,0.006763590391908991
hgb_synth,ags_no_early_stop,7,5,25,0.006763590391908991
hgb_synth,ags_no_early_stop,7,6,30,0.006763590391908991
hgb_synth,ags_no_early_stop,7,7,35,0.006763590391908991
hgb_synth,ags_no_early_stop,7,8,40,0.006763590391908991
hgb_synth,ags_no_early_stop,7,9,45,0.006763590391908991
hgb_synth,ags_no_early_stop,7,10,50,0.006763590391908991
hgb_synth,ags_no_early_stop,7,11,52,0.006763590391908991
hgb_synth,ags_no_early_stop,7,12,57,0.003761061946902622
hgb_synth,ags_no_early_stop,7,13,62,0.003761061946902622
hgb_synth,ags_no_early_stop,7,14,67,0.003761061946902622
hgb_synth,ags_no_early_stop,7,15,72,0.003761061946902622
hgb_synth,ags_no_early_stop,7,16,77,0.003761061946902622
hgb_synth,ags_no_early_stop,7,17,82,0.003761061946902622
hgb_synth,ags_no_early_stop,7,18,87,0.0024652338811629315
hgb_synth,ags_no_early_stop,7,19,92,0.0024652338811629315
hgb_synth,ags_no_early_stop,7,20,95,0.0024652338811629315
hgb_synth,ags_no_early_stop,7,21,100,0.0024652338811629315
hgb_synth,ags_no_early_stop,7,22,105,0.0024652338811629315
hgb_synth,ags_no_early_stop,7,23,110,0.0
hgb_synth,ags_no_early_stop,7,24,112,0.0
hgb_synth,ags_no_early_stop,7,25,117,0.0
hgb_synth,ags_no_early_stop,7,26,122,0.0
hgb_synth,ags_no_early_stop,7,27,124,0.0
hgb_synth,ags_no_early_stop,7,28,129,0.0
hgb_synth,ags_no_early_stop,7,29,134,0.0
hgb_synth,ags_no_early_stop,7,30,139,0.004029709228824174
hgb_synth,ags_no_early_stop,7,31,144,0.004029709228824174
hgb_synth,ags_no_early_stop,7,32,149,0.004029709228824174
hgb_synth,ags_no_early_stop,7,33,154,0.004029709228824174
hgb_synth,ags_no_early_stop,7,34,159,0.004029709228824174
hgb_synth,ags_no_early_stop,7,35,164,0.004029709228824174
hgb_synth,ags_no_early_stop,7,36,166,0.004029709228824174
hgb_synth,ags_no_early_stop,7,37,171,0.004029709228824174
hgb_synth,ags_no_early_stop,7,38,173,0.004029709228824174
hgb_synth,ags_no_early_stop,7,39,178,0.004029709228824174
hgb_synth,ags_no_early_stop,7,40,183,0.004029709228824174
hgb_synth,ags_no_early_stop,8,1,5,0.006368520859671212
hgb_synth,ags_no_early_stop,8,2,10,0.0034292035398230114
hgb_synth,ags_no_early_stop,8,3,15,0.0034292035398230114
hgb_synth,ags_no_early_stop,8,4,20,0.0034292035398230114
hgb_synth,ags_no_early_stop,8,5,25,0.0034292035398230114
hgb_synth,ags_no_early_stop,8,6,30,0.0034292035398230114
hgb_synth,ags_no_early_stop,8,7,35,0.0034292035398230114
hgb_synth,ags_no_early_stop,8,8,40,0.0034292035398230114
hgb_synth,ags_no_early_stop,8,9,45,0.0034292035398230114
hgb_synth,ags_no_early_stop,8,10,50,0.0034292035398230114
hgb_synth,ags_no_early_stop,8,11,55,0.0034292035398230114
hgb_synth,ags_no_early_stop,8,12,60,0.0034292035398230114
hgb_synth,ags_no_early_stop,8,13,65,0.0034292035398230114
hgb_synth,ags_no_early_stop,8,14,70,0.0054993678887483854
hgb_synth,ags_no_early_stop,8,15,75,0.0054993678887483854
hgb_synth,ags_no_early_stop,8,16,80,0.0054993678887483854
hgb_synth,ags_no_early_stop,8,17,85,0.0054993678887483854
hgb_synth,ags_no_early_stop,8,18,90,0.0054993678887483854
hgb_synth,ags_no_early_stop,8,19,95,0.0054993678887483854
hgb_synth,ags_no_early_stop,8,20,100,0.0054993678887483854
hgb_synth,ags_no_early_stop,8,21,105,0.0054993678887483854
hgb_synth,ags_no_early_stop,8,22,110,0.0054993678887483854
hgb_synth,ags_no_early_stop,8,23,113,0.0054993678887483854
hgb_synth,ags_no_early_stop,8,24,118,0.0054993678887483854
hgb_synth,ags_no_early_stop,8,25,123,0.0054993678887483854
hgb_synth,ags_no_early_stop,8,26,128,0.0054993678887483854
hgb_synth,ags_no_early_stop,8,27,133,0.0054993678887483854
hgb_synth,ags_no_early_stop,8,28,138,0.0054993678887483854
hgb_synth,ags_no_early_stop,8,29,143,0.0054993678887483854
hgb_synth,ags_no_early_stop,8,30,148,0.0054993678887483854
hgb_synth,ags_no_early_stop,8,31,152,0.0054993678887483854
hgb_synth,ags_no_early_stop,8,32,154,0.0054993678887483854
hgb_synth,ags_no_early_stop,8,33,159,0.0054993678887483854
hgb_synth,ags_no_early_stop,8,34,164,0.0054993678887483854
hgb_synth,ags_no_early_stop,8,35,169,0.0054993678887483854
hgb_synth,ags_no_early_stop,8,36,174,0.0054993678887483854
hgb_synth,ags_no_early_stop,8,37,176,0.0054993678887483854
hgb_synth,ags_no_early_stop,8,38,179,0.0054993678887483854
hgb_synth,ags_no_early_stop,8,39,182,0.0054993678887483854
hgb_synth,ags_no_early_stop,8,40,184,0.0054993678887483854
hgb_synth,ags_no_early_stop,9,1,5,0.0201011378002528
hgb_synth,ags_no_early_stop,9,2,10,0.019516434892540957
hgb_synth,ags_no_early_stop,9,3,15,0.008375474083438417
hgb_synth,ags_no_early_stop,9,4,20,0.008375474083438417
hgb_synth,ags_no_early_stop,9,5,25,0.008375474083438417
hgb_synth,ags_no_early_stop,9,6,30,0.004661820480404422
hgb_synth,ags_no_early_stop,9,7,35,0.004661820480404422
hgb_synth,ags_no_early_stop,9,8,40,0.003397597977243927
hgb_synth,ags_no_early_stop,9,9,45,0.003397597977243927
hgb_synth,ags_no_early_stop,9,10,50,0.003397597977243927
hgb_synth,ags_no_early_stop,9,11,55,0.003397597977243927
hgb_synth,ags_no_early_stop,9,12,60,0.0054993678887483854
hgb_synth,ags_no_early_stop,9,13,65,0.0054993678887483854
hgb_synth,ags_no_early_stop,9,14,70,0.0054993678887483854
hgb_synth,ags_no_early_stop,9,15,75,0.003966498103666116
hgb_synth,ags_no_early_stop,9,16,80,0.003966498103666116
hgb_synth,ags_no_early_stop,9,17,85,0.0034292035398230114
hgb_synth,ags_no_early_stop,9,18,90,0.0034292035398230114
hgb_synth,ags_no_early_stop,9,19,95,0.0034292035398230114
hgb_synth,ags_no_early_stop,9,20,100,0.0047724399494309955
hgb_synth,ags_no_early_stop,9,21,105,0.0047724399494309955
hgb_synth,ags_no_early_stop,9,22,110,0.0047724399494309955
hgb_synth,ags_no_early_stop,9,23,115,0.0047724399494309955
hgb_synth,ags_no_early_stop,9,24,117,0.0047724399494309955
hgb_synth,ags_no_early_stop,9,25,122,0.0047724399494309955
hgb_synth,ags_no_early_stop,9,26,124,0.0047724399494309955
hgb_synth,ags_no_early_stop,9,27,126,0.0047724399494309955
hgb_synth,ags_no_early_stop,9,28,131,0.0047724399494309955
hgb_synth,ags_no_early_stop,9,29,136,0.0047724399494309955
hgb_synth,ags_no_early_stop,9,30,140,0.0047724399494309955
hgb_synth,ags_no_early_stop,9,31,142,0.0047724399494309955
hgb_synth,ags_no_early_stop,9,32,144,0.0047724399494309955
hgb_synth,ags_no_early_stop,9,33,146,0.0047724399494309955
hgb_synth,ags_no_early_stop,9,34,148,0.0047724399494309955
hgb_synth,ags_no_early_stop,9,35,151,0.0047724399494309955
hgb_synth,ags_no_early_stop,9,36,153,0.0047724399494309955
hgb_synth,ags_no_early_stop,9,37,158,0.0047724399494309955
hgb_synth,ags_no_early_stop,9,38,161,0.0047724399494309955
hgb_synth,ags_no_early_stop,9,39,166,0.0047724399494309955
hgb_synth,ags_no_early_stop,9,40,170,0.0047724399494309955
hgb_synth,ags_no_prune_no_stop,0,1,5,0.01408027812895063
hgb_synth,ags_no_prune_no_stop,0,2,10,0.01408027812895063
hgb_synth,ags_no_prune_no_stop,0,3,15,0.01408027812895063
hgb_synth,ags_no_prune_no_stop,0,4,20,0.007158659924146549
hgb_synth,ags_no_prune_no_stop,0,5,25,0.007158659924146549
hgb_synth,ags_no_prune_no_stop,0,6,30,0.007158659924146549
hgb_synth,ags_no_prune_no_stop,0,7,35,0.007158659924146549
hgb_synth,ags_no_prune_no_stop,0,8,40,0.007158659924146549
hgb_synth,ags_no_prune_no_stop,0,9,45,0.007158659924146549
hgb_synth,ags_no_prune_no_stop,0,10,50,0.007158659924146549
hgb_synth,ags_no_prune_no_stop,0,11,55,0.007158659924146549
hgb_synth,ags_no_prune_no_stop,0,12,60,0.00545195954487987
hgb_synth,ags_no_prune_no_stop,0,13,65,0.00545195954487987
hgb_synth,ags_no_prune_no_stop,0,14,70,0.00545195954487987
hgb_synth,ags_no_prune_no_stop,0,15,75,0.0026548672566369946
hgb_synth,ags_no_prune_no_stop,0,16,80,0.0026548672566369946
hgb_synth,ags_no_prune_no_stop,0,17,85,0.0026548672566369946
hgb_synth,ags_no_prune_no_stop,0,18,90,0.0026548672566369946
hgb_synth,ags_no_prune_no_stop,0,19,95,0.0032079646017697527
hgb_synth,ags_no_prune_no_stop,0,20,100,0.0032079646017697527
hgb_synth,ags_no_prune_no_stop,0,21,105,0.0032079646017697527
hgb_synth,ags_no_prune_no_stop,0,22,110,0.0032079646017697527
hgb_synth,ags_no_prune_no_stop,0,23,115,0.0032079646017697527
hgb_synth,ags_no_prune_no_stop,0,24,120,0.007095448798988491
hgb_synth,ags_no_prune_no_stop,0,25,125,0.007095448798988491
hgb_synth,ags_no_prune_no_stop,0,26,130,0.007095448798988491
hgb_synth,ags_no_prune_no_stop,0,27,135,0.007095448798988491
hgb_synth,ags_no_prune_no_stop,0,28,140,0.007095448798988491
hgb_synth,ags_no_prune_no_stop,0,29,145,0.007095448798988491
hgb_synth,ags_no_prune_no_stop,0,30,150,0.007095448798988491
hgb_synth,ags_no_prune_no_stop,0,31,155,0.007095448798988491
hgb_synth,ags_no_prune_no_stop,0,32,160,0.007095448798988491
hgb_synth,ags_no_prune_no_stop,0,33,165,0.007095448798988491
hgb_synth,ags_no_prune_no_stop,0,34,170,0.007095448798988491
hgb_synth,ags_no_prune_no_stop,0,35,175,0.007095448798988491
hgb_synth,ags_no_prune_no_stop,0,36,180,0.007095448798988491
hgb_synth,ags_no_prune_no_stop,0,37,185,0.007095448798988491
hgb_synth,ags_no_prune_no_stop,0,38,190,0.007095448798988491
hgb_synth,ags_no_prune_no_stop,0,39,195,0.007095448798988491
hgb_synth,ags_no_prune_no_stop,0,40,200,0.007095448798988491
hgb_synth,ags_no_prune_no_stop,1,1,5,0.007727560050568738
hgb_synth,ags_no_prune_no_stop,1,2,10,0.007727560050568738
hgb_synth,ags_no_prune_no_stop,1,3,15,0.007727560050568738
hgb_synth,ags_no_prune_no_stop,1,4,20,0.007727560050568738
hgb_synth,ags_no_prune_no_stop,1,5,25,0.007727560050568738
hgb_synth,ags_no_prune_no_stop,1,6,30,0.007727560050568738
hgb_synth,ags_no_prune_no_stop,1,7,35,0.007727560050568738
hgb_synth,ags_no_prune_no_stop,1,8,40,0.007727560050568738
hgb_synth,ags_no_prune_no_stop,1,9,45,0.007727560050568738
hgb_synth,ags_no_prune_no_stop,1,10,50,0.0033027812895066733
hgb_synth,ags_no_prune_no_stop,1,11,55,0.0010113780025281516
hgb_synth,ags_no_prune_no_stop,1,12,60,0.0010113780025281516
hgb_synth,ags_no_prune_no_stop,1,13,65,0.0010113780025281516
hgb_synth,ags_no_prune_no_stop,1,14,70,0.0010113780025281516
hgb_synth,ags_no_prune_no_stop,1,15,75,0.0010113780025281516
hgb_synth,ags_no_prune_no_stop,1,16,80,0.0010113780025281516
hgb_synth,ags_no_prune_no_stop,1,17,85,0.0010113780025281516
hgb_synth,ags_no_prune_no_stop,1,18,90,0.0010113780025281516
hgb_synth,ags_no_prune_no_stop,1,19,95,0.0010113780025281516
hgb_synth,ags_no_prune_no_stop,1,20,100,0.0010113780025281516
hgb_synth,ags_no_prune_no_stop,1,21,105,0.0010113780025281516
hgb_synth,ags_no_prune_no_stop,1,22,110,0.0010113780025281516
hgb_synth,ags_no_prune_no_stop,1,23,115,0.0010113780025281516
hgb_synth,ags_no_prune_no_stop,1,24,120,0.0010113780025281516
hgb_synth,ags_no_prune_no_stop,1,25,125,0.0010113780025281516
hgb_synth,ags_no_prune_no_stop,1,26,130,0.0010113780025281516
hgb_synth,ags_no_prune_no_stop,1,27,135,0.0010113780025281516
hgb_synth,ags_no_prune_no_stop,1,28,140,0.0010113780025281516
hgb_synth,ags_no_prune_no_stop,1,29,145,0.0010113780025281516
hgb_synth,ags_no_prune_no_stop,1,30,150,0.0010113780025281516
hgb_synth,ags_no_prune_no_stop,1,31,155,0.0010113780025281516
hgb_synth,ags_no_prune_no_stop,1,32,160,0.0010113780025281516
hgb_synth,ags_no_prune_no_stop,1,33,165,0.0010113780025281516
hgb_synth,ags_no_prune_no_stop,1,34,170,0.0010113780025281516
hgb_synth,ags_no_prune_no_stop,1,35,175,0.0010113780025281516
hgb_synth,ags_no_prune_no_stop,1,36,180,0.0010113780025281516
hgb_synth,ags_no_prune_no_stop,1,37,185,0.0010113780025281516
hgb_synth,ags_no_prune_no_stop,1,38,190,0.0010113780025281516
hgb_synth,ags_no_prune_no_stop,1,39,195,0.0010113780025281516
hgb_synth,ags_no_prune_no_stop,1,40,200,0.0010113780025281516
hgb_synth,ags_no_prune_no_stop,2,1,5,0.03623577749683948
hgb_synth,ags_no_prune_no_stop,2,2,10,0.018370733249051696
hgb_synth,ags_no_prune_no_stop,2,3,15,0.00952907711757256
hgb_synth,ags_no_prune_no_stop,2,4,20,0.043505056890012495
hgb_synth,ags_no_prune_no_stop,2,5,25,0.009789823008849452
hgb_synth,ags_no_prune_no_stop,2,6,30,0.006400126422250074
hgb_synth,ags_no_prune_no_stop,2,7,35,0.006400126422250074
hgb_synth,ags_no_prune_no_stop,2,8,40,0.006400126422250074
hgb_synth,ags_no_prune_no_stop,2,9,45,0.004519595448798874
hgb_synth,ags_no_prune_no_stop,2,10,50,0.004519595448798874
hgb_synth,ags_no_prune_no_stop,2,11,55,0.004519595448798874
hgb_synth,ags_no_prune_no_stop,2,12,60,0.0068426042983563695
hgb_synth,ags_no_prune_no_stop,2,13,65,0.0068426042983563695
hgb_synth,ags_no_prune_no_stop,2,14,70,0.0068426042983563695
hgb_synth,ags_no_prune_no_stop,2,15,75,0.0068426042983563695
hgb_synth,ags_no_prune_no_stop,2,16,80,0.0068426042983563695
hgb_synth,ags_no_prune_no_stop,2,17,85,0.0068426042983563695
hgb_synth,ags_no_prune_no_stop,2,18,90,0.0010113780025281516
hgb_synth,ags_no_prune_no_stop,2,19,95,0.0010113780025281516
hgb_synth,ags_no_prune_no_stop,2,20,100,0.0010113780025281516
hgb_synth,ags_no_prune_no_stop,2,21,105,0.0010113780025281516
hgb_synth,ags_no_prune_no_stop,2,22,110,0.0010113780025281516
hgb_synth,ags_no_prune_no_stop,2,23,115,0.0010113780025281516
hgb_synth,ags_no_prune_no_stop,2,24,120,0.0010113780025281516
hgb_synth,ags_no_prune_no_stop,2,25,125,0.0010113780025281516
hgb_synth,ags_no_prune_no_stop,2,26,130,0.0010113780025281516
hgb_synth,ags_no_prune_no_stop,2,27,135,0.0010113780025281516
hgb_synth,ags_no_prune_no_stop,2,28,140,0.0010113780025281516
hgb_synth,ags_no_prune_no_stop,2,29,145,0.0010113780025281516
hgb_synth,ags_no_prune_no_stop,2,30,150,0.0010113780025281516
hgb_synth,ags_no_prune_no_stop,2,31,155,0.0010113780025281516
hgb_synth,ags_no_prune_no_stop,2,32,160,0.0010113780025281516
hgb_synth,ags_no_prune_no_stop,2,33,165,0.007727560050568738
hgb_synth,ags_no_prune_no_stop,2,34,170,0.007727560050568738
hgb_synth,ags_no_prune_no_stop,2,35,175,0.007727560050568738
hgb_synth,ags_no_prune_no_stop,2,36,180,0.007727560050568738
hgb_synth,ags_no_prune_no_stop,2,37,185,0.007727560050568738
hgb_synth,ags_no_prune_no_stop,2,38,190,0.007727560050568738
hgb_synth,ags_no_prune_no_stop,2,39,195,0.0015012642225030737
hgb_synth,ags_no_prune_no_stop,2,40,200,0.0015012642225030737
hgb_synth,ags_no_prune_no_stop,3,1,5,0.029930467762325996
hgb_synth,ags_no_prune_no_stop,3,2,10,0.009750316055625707
hgb_synth,ags_no_prune_no_stop,3,3,15,0.0044721871049302475
hgb_synth,ags_no_prune_no_stop,3,4,20,0.0044721871049302475
hgb_synth,ags_no_prune_no_stop,3,5,25,0.0044721871049302475
hgb_synth,ags_no_prune_no_stop,3,6,30,0.0044721871049302475
hgb_synth,ags_no_prune_no_stop,3,7,35,0.007087547408343831
hgb_synth,ags_no_prune_no_stop,3,8,40,0.007087547408343831
hgb_synth,ags_no_prune_no_stop,3,9,45,0.007087547408343831
hgb_synth,ags_no_prune_no_stop,3,10,50,0.007087547408343831
hgb_synth,ags_no_prune_no_stop,3,11,55,0.005704804045511991
hgb_synth,ags_no_prune_no_stop,3,12,60,0.005704804045511991
hgb_synth,ags_no_prune_no_stop,3,13,65,0.004582806573957043
hgb_synth,ags_no_prune_no_stop,3,14,70,0.004582806573957043
hgb_synth,ags_no_prune_no_stop,3,15,75,0.004946270543615516
hgb_synth,ags_no_prune_no_stop,3,16,80,0.004946270543615516
hgb_synth,ags_no_prune_no_stop,3,17,85,0.004946270543615516
hgb_synth,ags_no_prune_no_stop,3,18,90,0.004946270543615516
hgb_synth,ags_no_prune_no_stop,3,19,95,0.004946270543615516
hgb_synth,ags_no_prune_no_stop,3,20,100,0.0054993678887483854
hgb_synth,ags_no_prune_no_stop,3,21,105,0.0054993678887483854
hgb_synth,ags_no_prune_no_stop,3,22,110,0.0054993678887483854
hgb_synth,ags_no_prune_no_stop,3,23,115,0.0054993678887483854
hgb_synth,ags_no_prune_no_stop,3,24,120,0.0054993678887483854
hgb_synth,ags_no_prune_no_stop,3,25,125,0.0054993678887483854
hgb_synth,ags_no_prune_no_stop,3,26,130,0.0054993678887483854
hgb_synth,ags_no_prune_no_stop,3,27,135,0.0054993678887483854
hgb_synth,ags_no_prune_no_stop,3,28,140,0.0054993678887483854
hgb_synth,ags_no_prune_no_stop,3,29,145,0.0054993678887483854
hgb_synth,ags_no_prune_no_stop,3,30,150,0.0054993678887483854
hgb_synth,ags_no_prune_no_stop,3,31,155,0.0054993678887483854
hgb_synth,ags_no_prune_no_stop,3,32,160,0.0054993678887483854
hgb_synth,ags_no_prune_no_stop,3,33,165,0.0054993678887483854
hgb_synth,ags_no_prune_no_stop,3,34,170,0.0054993678887483854
hgb_synth,ags_no_prune_no_stop,3,35,175,0.0054993678887483854
hgb_synth,ags_no_prune_no_stop,3,36,180,0.0054993678887483854
hgb_synth,ags_no_prune_no_stop,3,37,185,0.0054993678887483854
hgb_synth,ags_no_prune_no_stop,3,38,190,0.0054993678887483854
hgb_synth,ags_no_prune_no_stop,3,39,195,0.0054993678887483854
hgb_synth,ags_no_prune_no_stop,3,40,200,0.0054993678887483854
hgb_synth,ags_no_prune_no_stop,4,1,5,0.0028919089759795735
hgb_synth,ags_no_prune_no_stop,4,2,10,0.0028919089759795735
hgb_synth,ags_no_prune_no_stop,4,3,15,0.0028919089759795735
hgb_synth,ags_no_prune_no_stop,4,4,20,0.008612515802781218
hgb_synth,ags_no_prune_no_stop,4,5,25,0.008612515802781218
hgb_synth,ags_no_prune_no_stop,4,6,30,0.008612515802781218
hgb_synth,ags_no_prune_no_stop,4,7,35,0.008612515802781218
hgb_synth,ags_no_prune_no_stop,4,8,40,0.008612515802781218
hgb_synth,ags_no_prune_no_stop,4,9,45,0.008612515802781218
hgb_synth,ags_no_prune_no_stop,4,10,50,0.008612515802781218
hgb_synth,ags_no_prune_no_stop,4,11,55,0.008612515802781218
hgb_synth,ags_no_prune_no_stop,4,12,60,0.008612515802781218
hgb_synth,ags_no_prune_no_stop,4,13,65,0.008612515802781218
hgb_synth,ags_no_prune_no_stop,4,14,70,0.008612515802781218
hgb_synth,ags_no_prune_no_stop,4,15,75,0.008612515802781218
hgb_synth,ags_no_prune_no_stop,4,16,80,0.008612515802781218
hgb_synth,ags_no_prune_no_stop,4,17,85,0.008612515802781218
hgb_synth,ags_no_prune_no_stop,4,18,90,0.008612515802781218
hgb_synth,ags_no_prune_no_stop,4,19,95,0.008612515802781218
hgb_synth,ags_no_prune_no_stop,4,20,100,0.008612515802781218
hgb_synth,ags_no_prune_no_stop,4,21,105,0.008612515802781218
hgb_synth,ags_no_prune_no_stop,4,22,110,0.008612515802781218
hgb_synth,ags_no_prune_no_stop,4,23,115,0.008612515802781218
hgb_synth,ags_no_prune_no_stop,4,24,120,0.008612515802781218
hgb_synth,ags_no_prune_no_stop,4,25,125,0.008612515802781218
hgb_synth,ags_no_prune_no_stop,4,26,130,0.008612515802781218
hgb_synth,ags_no_prune_no_stop,4,27,135,0.0068426042983563695
hgb_synth,ags_no_prune_no_stop,4,28,140,0.0068426042983563695
hgb_synth,ags_no_prune_no_stop,4,29,145,0.0068426042983563695
hgb_synth,ags_no_prune_no_stop,4,30,150,0.0068426042983563695
hgb_synth,ags_no_prune_no_stop,4,31,155,0.0068426042983563695
hgb_synth,ags_no_prune_no_stop,4,32,160,0.0068426042983563695
hgb_synth,ags_no_prune_no_stop,4,33,165,0.0068426042983563695
hgb_synth,ags_no_prune_no_stop,4,34,170,0.0068426042983563695
hgb_synth,ags_no_prune_no_stop,4,35,175,0.0068426042983563695
hgb_synth,ags_no_prune_no_stop,4,36,180,0.0068426042983563695
hgb_synth,ags_no_prune_no_stop,4,37,185,0.0068426042983563695
hgb_synth,ags_no_prune_no_stop,4,38,190,0.0068426042983563695
hgb_synth,ags_no_prune_no_stop,4,39,195,0.0068426042983563695
hgb_synth,ags_no_prune_no_stop,4,40,200,0.0068426042983563695
hgb_synth,ags_no_prune_no_stop,5,1,5,0.004804045512009858
hgb_synth,ags_no_prune_no_stop,5,2,10,0.004804045512009858
hgb_synth,ags_no_prune_no_stop,5,3,15,0.004804045512009858
hgb_synth,ags_no_prune_no_stop,5,4,20,0.004804045512009858
hgb_synth,ags_no_prune_no_stop,5,5,25,0.004804045512009858
hgb_synth,ags_no_prune_no_stop,5,6,30,0.0034292035398230114
hgb_synth,ags_no_prune_no_stop,5,7,35,0.0034292035398230114
hgb_synth,ags_no_prune_no_stop,5,8,40,0.0034292035398230114
hgb_synth,ags_no_prune_no_stop,5,9,45,0.0034292035398230114
hgb_synth,ags_no_prune_no_stop,5,10,50,0.0034292035398230114
hgb_synth,ags_no_prune_no_stop,5,11,55,0.0034292035398230114
hgb_synth,ags_no_prune_no_stop,5,12,60,0.0034292035398230114
hgb_synth,ags_no_prune_no_stop,5,13,65,0.0034292035398230114
hgb_synth,ags_no_prune_no_stop,5,14,70,0.0034292035398230114
hgb_synth,ags_no_prune_no_stop,5,15,75,0.0
hgb_synth,ags_no_prune_no_stop,5,16,80,0.0
hgb_synth,ags_no_prune_no_stop,5,17,85,0.0
hgb_synth,ags_no_prune_no_stop,5,18,90,0.0015012642225030737
hgb_synth,ags_no_prune_no_stop,5,19,95,0.0015012642225030737
hgb_synth,ags_no_prune_no_stop,5,20,100,0.0015012642225030737
hgb_synth,ags_no_prune_no_stop,5,21,105,0.0015012642225030737
hgb_synth,ags_no_prune_no_stop,5,22,110,0.0015012642225030737
hgb_synth,ags_no_prune_no_stop,5,23,115,0.0015012642225030737
hgb_synth,ags_no_prune_no_stop,5,24,120,0.0015012642225030737
hgb_synth,ags_no_prune_no_stop,5,25,125,0.0015012642225030737
hgb_synth,ags_no_prune_no_stop,5,26,130,0.0015012642225030737
hgb_synth,ags_no_prune_no_stop,5,27,135,0.0015012642225030737
hgb_synth,ags_no_prune_no_stop,5,28,140,0.0015012642225030737
hgb_synth,ags_no_prune_no_stop,5,29,145,0.0015012642225030737
hgb_synth,ags_no_prune_no_stop,5,30,150,0.0015012642225030737
hgb_synth,ags_no_prune_no_stop,5,31,155,0.0015012642225030737
hgb_synth,ags_no_prune_no_stop,5,32,160,0.0015012642225030737
hgb_synth,ags_no_prune_no_stop,5,33,165,0.0015012642225030737
hgb_synth,ags_no_prune_no_stop,5,34,170,0.0015012642225030737
hgb_synth,ags_no_prune_no_stop,5,35,175,0.0015012642225030737
hgb_synth,ags_no_prune_no_stop,5,36,180,0.0015012642225030737
hgb_synth,ags_no_prune_no_stop,5,37,185,0.0015012642225030737
hgb_synth,ags_no_prune_no_stop,5,38,190,0.0015012642225030737
hgb_synth,ags_no_prune_no_stop,5,39,195,0.0015012642225030737
hgb_synth,ags_no_prune_no_stop,5,40,200,0.0015012642225030737
hgb_synth,ags_no_prune_no_stop,6,1,5,0.015304993678887269
hgb_synth,ags_no_prune_no_stop,6,2,10,0.007727560050568738
hgb_synth,ags_no_prune_no_stop,6,3,15,0.002923514538558769
hgb_synth,ags_no_prune_no_stop,6,4,20,0.002923514538558769
hgb_synth,ags_no_prune_no_stop,6,5,25,0.002923514538558769
hgb_synth,ags_no_prune_no_stop,6,6,30,0.002923514538558769
hgb_synth,ags_no_prune_no_stop,6,7,35,0.01035082174462687
hgb_synth,ags_no_prune_no_stop,6,8,40,0.01035082174462687
hgb_synth,ags_no_prune_no_stop,6,9,45,0.01035082174462687
hgb_synth,ags_no_prune_no_stop,6,10,50,0.01035082174462687
hgb_synth,ags_no_prune_no_stop,6,11,55,0.01035082174462687
hgb_synth,ags_no_prune_no_stop,6,12,60,0.01035082174462687
hgb_synth,ags_no_prune_no_stop,6,13,65,0.012183944374209665
hgb_synth,ags_no_prune_no_stop,6,14,70,0.012183944374209665
hgb_synth,ags_no_prune_no_stop,6,15,75,0.012183944374209665
hgb_synth,ags_no_prune_no_stop,6,16,80,0.012183944374209665
hgb_synth,ags_no_prune_no_stop,6,17,85,0.012183944374209665
hgb_synth,ags_no_prune_no_stop,6,18,90,0.012183944374209665
hgb_synth,ags_no_prune_no_stop,6,19,95,0.012183944374209665
hgb_synth,ags_no_prune_no_stop,6,20,100,0.012183944374209665
hgb_synth,ags_no_prune_no_stop,6,21,105,0.012183944374209665
hgb_synth,ags_no_prune_no_stop,6,22,110,0.012183944374209665
hgb_synth,ags_no_prune_no_stop,6,23,115,0.012183944374209665
hgb_synth,ags_no_prune_no_stop,6,24,120,0.012183944374209665
hgb_synth,ags_no_prune_no_stop,6,25,125,0.012183944374209665
hgb_synth,ags_no_prune_no_stop,6,26,130,0.012183944374209665
hgb_synth,ags_no_prune_no_stop,6,27,135,0.012183944374209665
hgb_synth,ags_no_prune_no_stop,6,28,140,0.012183944374209665
hgb_synth,ags_no_prune_no_stop,6,29,145,0.012183944374209665
hgb_synth,ags_no_prune_no_stop,6,30,150,0.012183944374209665
hgb_synth,ags_no_prune_no_stop,6,31,155,0.012183944374209665
hgb_synth,ags_no_prune_no_stop,6,32,160,0.012183944374209665
hgb_synth,ags_no_prune_no_stop,6,33,165,0.012183944374209665
hgb_synth,ags_no_prune_no_stop,6,34,170,0.012183944374209665
hgb_synth,ags_no_prune_no_stop,6,35,175,0.012183944374209665
hgb_synth,ags_no_prune_no_stop,6,36,180,0.012183944374209665
hgb_synth,ags_no_prune_no_stop,6,37,185,0.012183944374209665
hgb_synth,ags_no_prune_no_stop,6,38,190,0.012183944374209665
hgb_synth,ags_no_prune_no_stop,6,39,195,0.012183944374209665
hgb_synth,ags_no_prune_no_stop,6,40,200,0.012183944374209665
hgb_synth,ags_no_prune_no_stop,7,1,5,0.006763590391908991
hgb_synth,ags_no_prune_no_stop,7,2,10,0.006763590391908991
hgb_synth,ags_no_prune_no_stop,7,3,15,0.006763590391908991
hgb_synth,ags_no_prune_no_stop,7,4,20,0.006763590391908991
hgb_synth,ags_no_prune_no_stop,7,5,25,0.006763590391908991
hgb_synth,ags_no_prune_no_stop,7,6,30,0.006763590391908991
hgb_synth,ags_no_prune_no_stop,7,7,35,0.006763590391908991
hgb_synth,ags_no_prune_no_stop,7,8,40,0.006763590391908991
hgb_synth,ags_no_prune_no_stop,7,9,45,0.006763590391908991
hgb_synth,ags_no_prune_no_stop,7,10,50,0.006763590391908991
hgb_synth,ags_no_prune_no_stop,7,11,55,0.006763590391908991
hgb_synth,ags_no_prune_no_stop,7,12,60,0.003761061946902622
hgb_synth,ags_no_prune_no_stop,7,13,65,0.003761061946902622
hgb_synth,ags_no_prune_no_stop,7,14,70,0.003761061946902622
hgb_synth,ags_no_prune_no_stop,7,15,75,0.003761061946902622
hgb_synth,ags_no_prune_no_stop,7,16,80,0.003761061946902622
hgb_synth,ags_no_prune_no_stop,7,17,85,0.003761061946902622
hgb_synth,ags_no_prune_no_stop,7,18,90,0.0024652338811629315
hgb_synth,ags_no_prune_no_stop,7,19,95,0.0024652338811629315
hgb_synth,ags_no_prune_no_stop,7,20,100,0.0024652338811629315
hgb_synth,ags_no_prune_no_stop,7,21,105,0.0024652338811629315
hgb_synth,ags_no_prune_no_stop,7,22,110,0.0024652338811629315
hgb_synth,ags_no_prune_no_stop,7,23,115,0.0
hgb_synth,ags_no_prune_no_stop,7,24,120,0.0
hgb_synth,ags_no_prune_no_stop,7,25,125,0.0
hgb_synth,ags_no_prune_no_stop,7,26,130,0.0
hgb_synth,ags_no_prune_no_stop,7,27,135,0.0
hgb_synth,ags_no_prune_no_stop,7,28,140,0.0
hgb_synth,ags_no_prune_no_stop,7,29,145,0.0
hgb_synth,ags_no_prune_no_stop,7,30,150,0.004029709228824174
hgb_synth,ags_no_prune_no_stop,7,31,155,0.004029709228824174
hgb_synth,ags_no_prune_no_stop,7,32,160,0.004029709228824174
hgb_synth,ags_no_prune_no_stop,7,33,165,0.004029709228824174
hgb_synth,ags_no_prune_no_stop,7,34,170,0.004029709228824174
hgb_synth,ags_no_prune_no_stop,7,35,175,0.004029709228824174
hgb_synth,ags_no_prune_no_stop,7,36,180,0.004029709228824174
hgb_synth,ags_no_prune_no_stop,7,37,185,0.004029709228824174
hgb_synth,ags_no_prune_no_stop,7,38,190,0.004029709228824174
hgb_synth,ags_no_prune_no_stop,7,39,195,0.004029709228824174
hgb_synth,ags_no_prune_no_stop,7,40,200,0.004029709228824174
hgb_synth,ags_no_prune_no_stop,8,1,5,0.006368520859671212
hgb_synth,ags_no_prune_no_stop,8,2,10,0.0034292035398230114
hgb_synth,ags_no_prune_no_stop,8,3,15,0.0034292035398230114
hgb_synth,ags_no_prune_no_stop,8,4,20,0.0034292035398230114
hgb_synth,ags_no_prune_no_stop,8,5,25,0.0034292035398230114
hgb_synth,ags_no_prune_no_stop,8,6,30,0.0034292035398230114
hgb_synth,ags_no_prune_no_stop,8,7,35,0.0034292035398230114
hgb_synth,ags_no_prune_no_stop,8,8,40,0.0034292035398230114
hgb_synth,ags_no_prune_no_stop,8,9,45,0.0034292035398230114
hgb_synth,ags_no_prune_no_stop,8,10,50,0.0034292035398230114
hgb_synth,ags_no_prune_no_stop,8,11,55,0.0034292035398230114
hgb_synth,ags_no_prune_no_stop,8,12,60,0.0034292035398230114
hgb_synth,ags_no_prune_no_stop,8,13,65,0.0034292035398230114
hgb_synth,ags_no_prune_no_stop,8,14,70,0.0054993678887483854
hgb_synth,ags_no_prune_no_stop,8,15,75,0.0054993678887483854
hgb_synth,ags_no_prune_no_stop,8,16,80,0.0054993678887483854
hgb_synth,ags_no_prune_no_stop,8,17,85,0.0054993678887483854
hgb_synth,ags_no_prune_no_stop,8,18,90,0.0054993678887483854
hgb_synth,ags_no_prune_no_stop,8,19,95,0.0054993678887483854
hgb_synth,ags_no_prune_no_stop,8,20,100,0.0054993678887483854
hgb_synth,ags_no_prune_no_stop,8,21,105,0.0054993678887483854
hgb_synth,ags_no_prune_no_stop,8,22,110,0.0054993678887483854
hgb_synth,ags_no_prune_no_stop,8,23,115,0.0054993678887483854
hgb_synth,ags_no_prune_no_stop,8,24,120,0.0054993678887483854
hgb_synth,ags_no_prune_no_stop,8,25,125,0.0054993678887483854
hgb_synth,ags_no_prune_no_stop,8,26,130,0.0054993678887483854
hgb_synth,ags_no_prune_no_stop,8,27,135,0.0054993678887483854
hgb_synth,ags_no_prune_no_stop,8,28,140,0.0054993678887483854
hgb_synth,ags_no_prune_no_stop,8,29,145,0.0054993678887483854
hgb_synth,ags_no_prune_no_stop,8,30,150,0.0054993678887483854
hgb_synth,ags_no_prune_no_stop,8,31,155,0.0054993678887483854
hgb_synth,ags_no_prune_no_stop,8,32,160,0.0054993678887483854
hgb_synth,ags_no_prune_no_stop,8,33,165,0.0054993678887483854
hgb_synth,ags_no_prune_no_stop,8,34,170,0.0054993678887483854
hgb_synth,ags_no_prune_no_stop,8,35,175,0.0054993678887483854
hgb_synth,ags_no_prune_no_stop,8,36,180,0.0054993678887483854
hgb_synth,ags_no_prune_no_stop,8,37,185,0.0054993678887483854
hgb_synth,ags_no_prune_no_stop,8,38,190,0.0054993678887483854
hgb_synth,ags_no_prune_no_stop,8,39,195,0.0054993678887483854
hgb_synth,ags_no_prune_no_stop,8,40,200,0.0054993678887483854
hgb_synth,ags_no_prune_no_stop,9,1,5,0.0201011378002528
hgb_synth,ags_no_prune_no_stop,9,2,10,0.019516434892540957
hgb_synth,ags_no_prune_no_stop,9,3,15,0.008375474083438417
hgb_synth,ags_no_prune_no_stop,9,4,20,0.008375474083438417
hgb_synth,ags_no_prune_no_stop,9,5,25,0.008375474083438417
hgb_synth,ags_no_prune_no_stop,9,6,30,0.004661820480404422
hgb_synth,ags_no_prune_no_stop,9,7,35,0.004661820480404422
hgb_synth,ags_no_prune_no_stop,9,8,40,0.003397597977243927
hgb_synth,ags_no_prune_no_stop,9,9,45,0.003397597977243927
hgb_synth,ags_no_prune_no_stop,9,10,50,0.003397597977243927
hgb_synth,ags_no_prune_no_stop,9,11,55,0.003397597977243927
hgb_synth,ags_no_prune_no_stop,9,12,60,0.0054993678887483854
hgb_synth,ags_no_prune_no_stop,9,13,65,0.0054993678887483854
hgb_synth,ags_no_prune_no_stop,9,14,70,0.0054993678887483854
hgb_synth,ags_no_prune_no_stop,9,15,75,0.003966498103666116
hgb_synth,ags_no_prune_no_stop,9,16,80,0.003966498103666116
hgb_synth,ags_no_prune_no_stop,9,17,85,0.0034292035398230114
hgb_synth,ags_no_prune_no_stop,9,18,90,0.0034292035398230114
hgb_synth,ags_no_prune_no_stop,9,19,95,0.0034292035398230114
hgb_synth,ags_no_prune_no_stop,9,20,100,0.0047724399494309955
hgb_synth,ags_no_prune_no_stop,9,21,105,0.0047724399494309955
hgb_synth,ags_no_prune_no_stop,9,22,110,0.0047724399494309955
hgb_synth,ags_no_prune_no_stop,9,23,115,0.0047724399494309955
hgb_synth,ags_no_prune_no_stop,9,24,120,0.0047724399494309955
hgb_synth,ags_no_prune_no_stop,9,25,125,0.0047724399494309955
hgb_synth,ags_no_prune_no_stop,9,26,130,0.0047724399494309955
hgb_synth,ags_no_prune_no_stop,9,27,135,0.0047724399494309955
hgb_synth,ags_no_prune_no_stop,9,28,140,0.0047724399494309955
hgb_synth,ags_no_prune_no_stop,9,29,145,0.0047724399494309955
hgb_synth,ags_no_prune_no_stop,9,30,150,0.0047724399494309955
hgb_synth,ags_no_prune_no_stop,9,31,155,0.0047724399494309955
hgb_synth,ags_no_prune_no_stop,9,32,160,0.0047724399494309955
hgb_synth,ags_no_prune_no_stop,9,33,165,0.0047724399494309955
hgb_synth,ags_no_prune_no_stop,9,34,170,0.0047724399494309955
hgb_synth,ags_no_prune_no_stop,9,35,175,0.0047724399494309955
hgb_synth,ags_no_prune_no_stop,9,36,180,0.0047724399494309955
hgb_synth,ags_no_prune_no_stop,9,37,185,0.0047724399494309955
hgb_synth,ags_no_prune_no_stop,9,38,190,0.0047724399494309955
hgb_synth,ags_no_prune_no_stop,9,39,195,0.0047724399494309955
hgb_synth,ags_no_prune_no_stop,9,40,200,0.0047724399494309955
hgb_synth,ags_gp_no_stop,0,1,5,0.01408027812895063
hgb_synth,ags_gp_no_stop,0,2,10,0.01408027812895063
hgb_synth,ags_gp_no_stop,0,3,15,0.01408027812895063
hgb_synth,ags_gp_no_stop,0,4,20,0.007158659924146549
hgb_synth,ags_gp_no_stop,0,5,25,0.007158659924146549
hgb_synth,ags_gp_no_stop,0,6,30,0.007158659924146549
hgb_synth,ags_gp_no_stop,0,7,35,0.007158659924146549
hgb_synth,ags_gp_no_stop,0,8,40,0.007158659924146549
hgb_synth,ags_gp_no_stop,0,9,45,0.004804045512009858
hgb_synth,ags_gp_no_stop,0,10,50,0.004804045512009858
hgb_synth,ags_gp_no_stop,0,11,55,0.002923514538558769
hgb_synth,ags_gp_no_stop,0,12,60,0.002923514538558769
hgb_synth,ags_gp_no_stop,0,13,65,0.002923514538558769
hgb_synth,ags_gp_no_stop,0,14,70,0.002923514538558769
hgb_synth,ags_gp_no_stop,0,15,75,0.002923514538558769
hgb_synth,ags_gp_no_stop,0,16,80,0.002923514538558769
hgb_synth,ags_gp_no_stop,0,17,85,0.002923514538558769
hgb_synth,ags_gp_no_stop,0,18,90,0.002923514538558769
hgb_synth,ags_gp_no_stop,0,19,95,0.002923514538558769
hgb_synth,ags_gp_no_stop,0,20,100,0.002923514538558769
hgb_synth,ags_gp_no_stop,0,21,105,0.002923514538558769
hgb_synth,ags_gp_no_stop,0,22,110,0.0034292035398230114
hgb_synth,ags_gp_no_stop,0,23,115,0.0034292035398230114
hgb_synth,ags_gp_no_stop,0,24,120,0.0034292035398230114
hgb_synth,ags_gp_no_stop,0,25,125,0.0034292035398230114
hgb_synth,ags_gp_no_stop,0,26,130,0.0034292035398230114
hgb_synth,ags_gp_no_stop,0,27,135,0.0034292035398230114
hgb_synth,ags_gp_no_stop,0,28,140,0.0034292035398230114
hgb_synth,ags_gp_no_stop,0,29,145,0.0034292035398230114
hgb_synth,ags_gp_no_stop,0,30,150,0.0034292035398230114
hgb_synth,ags_gp_no_stop,0,31,155,0.0034292035398230114
hgb_synth,ags_gp_no_stop,0,32,160,0.0034292035398230114
hgb_synth,ags_gp_no_stop,0,33,164,0.0034292035398230114
hgb_synth,ags_gp_no_stop,0,34,169,0.0034292035398230114
hgb_synth,ags_gp_no_stop,0,35,174,0.0034292035398230114
hgb_synth,ags_gp_no_stop,0,36,179,0.0034292035398230114
hgb_synth,ags_gp_no_stop,0,37,184,0.0034292035398230114
hgb_synth,ags_gp_no_stop,0,38,189,0.0034292035398230114
hgb_synth,ags_gp_no_stop,0,39,191,0.0034292035398230114
hgb_synth,ags_gp_no_stop,0,40,196,0.0034292035398230114
hgb_synth,ags_gp_no_stop,1,1,5,0.007727560050568738
hgb_synth,ags_gp_no_stop,1,2,10,0.007727560050568738
hgb_synth,ags_gp_no_stop,1,3,15,0.007727560050568738
hgb_synth,ags_gp_no_stop,1,4,20,0.007727560050568738
hgb_synth,ags_gp_no_stop,1,5,25,0.007727560050568738
hgb_synth,ags_gp_no_stop,1,6,30,0.007727560050568738
hgb_synth,ags_gp_no_stop,1,7,35,0.007727560050568738
hgb_synth,ags_gp_no_stop,1,8,40,0.007727560050568738
hgb_synth,ags_gp_no_stop,1,9,45,0.007727560050568738
hgb_synth,ags_gp_no_stop,1,10,50,0.007727560050568738
hgb_synth,ags_gp_no_stop,1,11,55,0.0033027812895066733
hgb_synth,ags_gp_no_stop,1,12,60,0.0015012642225030737
hgb_synth,ags_gp_no_stop,1,13,65,0.0015012642225030737
hgb_synth,ags_gp_no_stop,1,14,70,0.0015012642225030737
hgb_synth,ags_gp_no_stop,1,15,75,0.0015012642225030737
hgb_synth,ags_gp_no_stop,1,16,80,0.0015012642225030737
hgb_synth,ags_gp_no_stop,1,17,85,0.005041087231352548
hgb_synth,ags_gp_no_stop,1,18,90,0.005041087231352548
hgb_synth,ags_gp_no_stop,1,19,92,0.005041087231352548
hgb_synth,ags_gp_no_stop,1,20,97,0.005041087231352548
hgb_synth,ags_gp_no_stop,1,21,102,0.006700379266750933
hgb_synth,ags_gp_no_stop,1,22,107,0.006700379266750933
hgb_synth,ags_gp_no_stop,1,23,109,0.006700379266750933
hgb_synth,ags_gp_no_stop,1,24,114,0.006700379266750933
hgb_synth,ags_gp_no_stop,1,25,117,0.01049304677623264
hgb_synth,ags_gp_no_stop,1,26,119,0.01049304677623264
hgb_synth,ags_gp_no_stop,1,27,124,0.01049304677623264
hgb_synth,ags_gp_no_stop,1,28,126,0.01049304677623264
hgb_synth,ags_gp_no_stop,1,29,129,0.01049304677623264
hgb_synth,ags_gp_no_stop,1,30,132,0.01049304677623264
hgb_synth,ags_gp_no_stop,1,31,137,0.01049304677623264
hgb_synth,ags_gp_no_stop,1,32,142,0.01049304677623264
hgb_synth,ags_gp_no_stop,1,33,145,0.01049304677623264
hgb_synth,ags_gp_no_stop,1,34,148,0.01049304677623264
hgb_synth,ags_gp_no_stop,1,35,153,0.01049304677623264
hgb_synth,ags_gp_no_stop,1,36,155,0.01049304677623264
hgb_synth,ags_gp_no_stop,1,37,159,0.01049304677623264
hgb_synth,ags_gp_no_stop,1,38,163,0.01049304677623264
hgb_synth,ags_gp_no_stop,1,39,168,0.01049304677623264
hgb_synth,ags_gp_no_stop,1,40,170,0.01049304677623264
hgb_synth,ags_gp_no_stop,2,1,5,0.03623577749683948
hgb_synth,ags_gp_no_stop,2,2,10,0.018370733249051696
hgb_synth,ags_gp_no_stop,2,3,15,0.00952907711757256
hgb_synth,ags_gp_no_stop,2,4,20,0.043505056890012495
hgb_synth,ags_gp_no_stop,2,5,25,0.009789823008849452
hgb_synth,ags_gp_no_stop,2,6,30,0.006400126422250074
hgb_synth,ags_gp_no_stop,2,7,35,0.006400126422250074
hgb_synth,ags_gp_no_stop,2,8,40,0.006400126422250074
hgb_synth,ags_gp_no_stop,2,9,45,0.004519595448798874
hgb_synth,ags_gp_no_stop,2,10,50,0.004029709228824174
hgb_synth,ags_gp_no_stop,2,11,55,0.0010113780025281516
hgb_synth,ags_gp_no_stop,2,12,60,0.0010113780025281516
hgb_synth,ags_gp_no_stop,2,13,65,0.0010113780025281516
hgb_synth,ags_gp_no_stop,2,14,70,0.0010113780025281516
hgb_synth,ags_gp_no_stop,2,15,75,0.0010113780025281516
hgb_synth,ags_gp_no_stop,2,16,80,0.0010113780025281516
hgb_synth,ags_gp_no_stop,2,17,85,0.0010113780025281516
hgb_synth,ags_gp_no_stop,2,18,90,0.0024652338811629315
hgb_synth,ags_gp_no_stop,2,19,95,0.0024652338811629315
hgb_synth,ags_gp_no_stop,2,20,100,0.0024652338811629315
hgb_synth,ags_gp_no_stop,2,21,105,0.0034292035398230114
hgb_synth,ags_gp_no_stop,2,22,110,0.0034292035398230114
hgb_synth,ags_gp_no_stop,2,23,115,0.0034292035398230114
hgb_synth,ags_gp_no_stop,2,24,120,0.0034292035398230114
hgb_synth,ags_gp_no_stop,2,25,125,0.0034292035398230114
hgb_synth,ags_gp_no_stop,2,26,130,0.0034292035398230114
hgb_synth,ags_gp_no_stop,2,27,135,0.0034292035398230114
hgb_synth,ags_gp_no_stop,2,28,140,0.0034292035398230114
hgb_synth,ags_gp_no_stop,2,29,145,0.0034292035398230114
hgb_synth,ags_gp_no_stop,2,30,150,0.0034292035398230114
hgb_synth,ags_gp_no_stop,2,31,155,0.0034292035398230114
hgb_synth,ags_gp_no_stop,2,32,160,0.0034292035398230114
hgb_synth,ags_gp_no_stop,2,33,165,0.0034292035398230114
hgb_synth,ags_gp_no_stop,2,34,170,0.0034292035398230114
hgb_synth,ags_gp_no_stop,2,35,174,0.0034292035398230114
hgb_synth,ags_gp_no_stop,2,36,179,0.0034292035398230114
hgb_synth,ags_gp_no_stop,2,37,184,0.0034292035398230114
hgb_synth,ags_gp_no_stop,2,38,189,0.0034292035398230114
hgb_synth,ags_gp_no_stop,2,39,194,0.0034292035398230114
hgb_synth,ags_gp_no_stop,2,40,199,0.0034292035398230114
hgb_synth,ags_gp_no_stop,3,1,5,0.029930467762325996
hgb_synth,ags_gp_no_stop,3,2,10,0.009750316055625707
hgb_synth,ags_gp_no_stop,3,3,15,0.0044721871049302475
hgb_synth,ags_gp_no_stop,3,4,20,0.0044721871049302475
hgb_synth,ags_gp_no_stop,3,5,25,0.0044721871049302475
hgb_synth,ags_gp_no_stop,3,6,30,0.0044721871049302475
hgb_synth,ags_gp_no_stop,3,7,35,0.007087547408343831
hgb_synth,ags_gp_no_stop,3,8,40,0.007087547408343831
hgb_synth,ags_gp_no_stop,3,9,45,0.004946270543615516
hgb_synth,ags_gp_no_stop,3,10,50,0.004946270543615516
hgb_synth,ags_gp_no_stop,3,11,55,0.0054993678887483854
hgb_synth,ags_gp_no_stop,3,12,60,0.0054993678887483854
hgb_synth,ags_gp_no_stop,3,13,65,0.0054993678887483854
hgb_synth,ags_gp_no_stop,3,14,70,0.0054993678887483854
hgb_synth,ags_gp_no_stop,3,15,75,0.0054993678887483854
hgb_synth,ags_gp_no_stop,3,16,80,0.0054993678887483854
hgb_synth,ags_gp_no_stop,3,17,85,0.0054993678887483854
hgb_synth,ags_gp_no_stop,3,18,90,0.0054993678887483854
hgb_synth,ags_gp_no_stop,3,19,95,0.0054993678887483854
hgb_synth,ags_gp_no_stop,3,20,100,0.0054993678887483854
hgb_synth,ags_gp_no_stop,3,21,105,0.0054993678887483854
hgb_synth,ags_gp_no_stop,3,22,110,0.0054993678887483854
hgb_synth,ags_gp_no_stop,3,23,115,0.0054993678887483854
hgb_synth,ags_gp_no_stop,3,24,117,0.0047724399494309955
hgb_synth,ags_gp_no_stop,3,25,122,0.0047724399494309955
hgb_synth,ags_gp_no_stop,3,26,127,0.0047724399494309955
hgb_synth,ags_gp_no_stop,3,27,132,0.0047724399494309955
hgb_synth,ags_gp_no_stop,3,28,135,0.0047724399494309955
hgb_synth,ags_gp_no_stop,3,29,137,0.0047724399494309955
hgb_synth,ags_gp_no_stop,3,30,142,0.0047724399494309955
hgb_synth,ags_gp_no_stop,3,31,147,0.0047724399494309955
hgb_synth,ags_gp_no_stop,3,32,152,0.0047724399494309955
hgb_synth,ags_gp_no_stop,3,33,155,0.0047724399494309955
hgb_synth,ags_gp_no_stop,3,34,160,0.0047724399494309955
hgb_synth,ags_gp_no_stop,3,35,163,0.0047724399494309955
hgb_synth,ags_gp_no_stop,3,36,165,0.0047724399494309955
hgb_synth,ags_gp_no_stop,3,37,170,0.0047724399494309955
hgb_synth,ags_gp_no_stop,3,38,172,0.0047724399494309955
hgb_synth,ags_gp_no_stop,3,39,176,0.0047724399494309955
hgb_synth,ags_gp_no_stop,3,40,178,0.0047724399494309955
hgb_synth,ags_gp_no_stop,4,1,5,0.0028919089759795735
hgb_synth,ags_gp_no_stop,4,2,10,0.0028919089759795735
hgb_synth,ags_gp_no_stop,4,3,15,0.0028919089759795735
hgb_synth,ags_gp_no_stop,4,4,20,0.008612515802781218
hgb_synth,ags_gp_no_stop,4,5,25,0.008612515802781218
hgb_synth,ags_gp_no_stop,4,6,30,0.008612515802781218
hgb_synth,ags_gp_no_stop,4,7,35,0.008612515802781218
hgb_synth,ags_gp_no_stop,4,8,40,0.008612515802781218
hgb_synth,ags_gp_no_stop,4,9,45,0.008612515802781218
hgb_synth,ags_gp_no_stop,4,10,50,0.008612515802781218
hgb_synth,ags_gp_no_stop,4,11,55,0.008612515802781218
hgb_synth,ags_gp_no_stop,4,12,58,0.008612515802781218
hgb_synth,ags_gp_no_stop,4,13,63,0.008612515802781218
hgb_synth,ags_gp_no_stop,4,14,68,0.008612515802781218
hgb_synth,ags_gp_no_stop,4,15,73,0.008612515802781218
hgb_synth,ags_gp_no_stop,4,16,78,0.008612515802781218
hgb_synth,ags_gp_no_stop,4,17,83,0.008612515802781218
hgb_synth,ags_gp_no_stop,4,18,88,0.008612515802781218
hgb_synth,ags_gp_no_stop,4,19,93,0.008612515802781218
hgb_synth,ags_gp_no_stop,4,20,95,0.008612515802781218
hgb_synth,ags_gp_no_stop,4,21,97,0.008612515802781218
hgb_synth,ags_gp_no_stop,4,22,102,0.008612515802781218
hgb_synth,ags_gp_no_stop,4,23,105,0.008612515802781218
hgb_synth,ags_gp_no_stop,4,24,107,0.008612515802781218
hgb_synth,ags_gp_no_stop,4,25,112,0.0068426042983563695
hgb_synth,ags_gp_no_stop,4,26,117,0.0068426042983563695
hgb_synth,ags_gp_no_stop,4,27,122,0.0068426042983563695
hgb_synth,ags_gp_no_stop,4,28,127,0.0068426042983563695
hgb_synth,ags_gp_no_stop,4,29,132,0.0068426042983563695
hgb_synth,ags_gp_no_stop,4,30,137,0.0068426042983563695
hgb_synth,ags_gp_no_stop,4,31,142,0.0068426042983563695
hgb_synth,ags_gp_no_stop,4,32,147,0.0068426042983563695
hgb_synth,ags_gp_no_stop,4,33,152,0.0068426042983563695
hgb_synth,ags_gp_no_stop,4,34,157,0.0068426042983563695
hgb_synth,ags_gp_no_stop,4,35,161,0.0068426042983563695
hgb_synth,ags_gp_no_stop,4,36,166,0.0068426042983563695
hgb_synth,ags_gp_no_stop,4,37,170,0.0068426042983563695
hgb_synth,ags_gp_no_stop,4,38,175,0.0068426042983563695
hgb_synth,ags_gp_no_stop,4,39,178,0.0068426042983563695
hgb_synth,ags_gp_no_stop,4,40,183,0.0068426042983563695
hgb_synth,ags_gp_no_stop,5,1,5,0.004804045512009858
hgb_synth,ags_gp_no_stop,5,2,10,0.004804045512009858
hgb_synth,ags_gp_no_stop,5,3,15,0.004804045512009858
hgb_synth,ags_gp_no_stop,5,4,20,0.004804045512009858
hgb_synth,ags_gp_no_stop,5,5,25,0.004804045512009858
hgb_synth,ags_gp_no_stop,5,6,30,0.0034292035398230114
hgb_synth,ags_gp_no_stop,5,7,35,0.0034292035398230114
hgb_synth,ags_gp_no_stop,5,8,40,0.0034292035398230114
hgb_synth,ags_gp_no_stop,5,9,45,0.0034292035398230114
hgb_synth,ags_gp_no_stop,5,10,50,0.0034292035398230114
hgb_synth,ags_gp_no_stop,5,11,55,0.0034292035398230114
hgb_synth,ags_gp_no_stop,5,12,60,0.0034292035398230114
hgb_synth,ags_gp_no_stop,5,13,65,0.0034292035398230114
hgb_synth,ags_gp_no_stop,5,14,70,0.0028919089759795735
hgb_synth,ags_gp_no_stop,5,15,75,0.002560050568900074
hgb_synth,ags_gp_no_stop,5,16,80,0.002560050568900074
hgb_synth,ags_gp_no_stop,5,17,85,0.002560050568900074
hgb_synth,ags_gp_no_stop,5,18,90,0.002560050568900074
hgb_synth,ags_gp_no_stop,5,19,95,0.002560050568900074
hgb_synth,ags_gp_no_stop,5,20,100,0.002560050568900074
hgb_synth,ags_gp_no_stop,5,21,105,0.002560050568900074
hgb_synth,ags_gp_no_stop,5,22,110,0.002560050568900074
hgb_synth,ags_gp_no_stop,5,23,115,0.002560050568900074
hgb_synth,ags_gp_no_stop,5,24,120,0.002560050568900074
hgb_synth,ags_gp_no_stop,5,25,125,0.002560050568900074
hgb_synth,ags_gp_no_stop,5,26,129,0.0062895069532237224
hgb_synth,ags_gp_no_stop,5,27,132,0.00945006321112507
hgb_synth,ags_gp_no_stop,5,28,134,0.00945006321112507
hgb_synth,ags_gp_no_stop,5,29,136,0.00945006321112507
hgb_synth,ags_gp_no_stop,5,30,138,0.007806573957016338
hgb_synth,ags_gp_no_stop,5,31,140,0.007806573957016338
hgb_synth,ags_gp_no_stop,5,32,142,0.007806573957016338
hgb_synth,ags_gp_no_stop,5,33,147,0.007806573957016338
hgb_synth,ags_gp_no_stop,5,34,149,0.007806573957016338
hgb_synth,ags_gp_no_stop,5,35,151,0.007806573957016338
hgb_synth,ags_gp_no_stop,5,36,153,0.007806573957016338
hgb_synth,ags_gp_no_stop,5,37,156,0.007806573957016338
hgb_synth,ags_gp_no_stop,5,38,158,0.007806573957016338
hgb_synth,ags_gp_no_stop,5,39,160,0.007806573957016338
hgb_synth,ags_gp_no_stop,5,40,162,0.007806573957016338
hgb_synth,ags_gp_no_stop,6,1,5,0.015304993678887269
hgb_synth,ags_gp_no_stop,6,2,10,0.007727560050568738
hgb_synth,ags_gp_no_stop,6,3,15,0.002923514538558769
hgb_synth,ags_gp_no_stop,6,4,20,0.002923514538558769
hgb_synth,ags_gp_no_stop,6,5,25,0.002923514538558769
hgb_synth,ags_gp_no_stop,6,6,30,0.002923514538558769
hgb_synth,ags_gp_no_stop,6,7,35,0.01035082174462687
hgb_synth,ags_gp_no_stop,6,8,40,0.01035082174462687
hgb_synth,ags_gp_no_stop,6,9,45,0.01035082174462687
hgb_synth,ags_gp_no_stop,6,10,50,0.01035082174462687
hgb_synth,ags_gp_no_stop,6,11,55,0.01035082174462687
hgb_synth,ags_gp_no_stop,6,12,58,0.01035082174462687
hgb_synth,ags_gp_no_stop,6,13,63,0.01035082174462687
hgb_synth,ags_gp_no_stop,6,14,68,0.01035082174462687
hgb_synth,ags_gp_no_stop,6,15,73,0.012183944374209665
hgb_synth,ags_gp_no_stop,6,16,76,0.012183944374209665
hgb_synth,ags_gp_no_stop,6,17,78,0.012183944374209665
hgb_synth,ags_gp_no_stop,6,18,83,0.012183944374209665
hgb_synth,ags_gp_no_stop,6,19,88,0.012183944374209665
hgb_synth,ags_gp_no_stop,6,20,93,0.012183944374209665
hgb_synth,ags_gp_no_stop,6,21,97,0.012183944374209665
hgb_synth,ags_gp_no_stop,6,22,102,0.012183944374209665
hgb_synth,ags_gp_no_stop,6,23,105,0.012183944374209665
hgb_synth,ags_gp_no_stop,6,24,110,0.012183944374209665
hgb_synth,ags_gp_no_stop,6,25,115,0.012183944374209665
hgb_synth,ags_gp_no_stop,6,26,119,0.012183944374209665
hgb_synth,ags_gp_no_stop,6,27,123,0.012183944374209665
hgb_synth,ags_gp_no_stop,6,28,128,0.012183944374209665
hgb_synth,ags_gp_no_stop,6,29,132,0.012183944374209665
hgb_synth,ags_gp_no_stop,6,30,134,0.012183944374209665
hgb_synth,ags_gp_no_stop,6,31,136,0.012183944374209665
hgb_synth,ags_gp_no_stop,6,32,138,0.012183944374209665
hgb_synth,ags_gp_no_stop,6,33,141,0.012183944374209665
hgb_synth,ags_gp_no_stop,6,34,144,0.012183944374209665
hgb_synth,ags_gp_no_stop,6,35,146,0.012183944374209665
hgb_synth,ags_gp_no_stop,6,36,149,0.012183944374209665
hgb_synth,ags_gp_no_stop,6,37,151,0.012183944374209665
hgb_synth,ags_gp_no_stop,6,38,156,0.00651074589127687
hgb_synth,ags_gp_no_stop,6,39,161,0.00651074589127687
hgb_synth,ags_gp_no_stop,6,40,166,0.006400126422250074
hgb_synth,ags_gp_no_stop,7,1,5,0.006763590391908991
hgb_synth,ags_gp_no_stop,7,2,10,0.006763590391908991
hgb_synth,ags_gp_no_stop,7,3,15,0.006763590391908991
hgb_synth,ags_gp_no_stop,7,4,20,0.006763590391908991
hgb_synth,ags_gp_no_stop,7,5,25,0.006763590391908991
hgb_synth,ags_gp_no_stop,7,6,30,0.006763590391908991
hgb_synth,ags_gp_no_stop,7,7,35,0.006763590391908991
hgb_synth,ags_gp_no_stop,7,8,40,0.006763590391908991
hgb_synth,ags_gp_no_stop,7,9,45,0.006763590391908991
hgb_synth,ags_gp_no_stop,7,10,50,0.003761061946902622
hgb_synth,ags_gp_no_stop,7,11,55,0.003761061946902622
hgb_synth,ags_gp_no_stop,7,12,60,0.003761061946902622
hgb_synth,ags_gp_no_stop,7,13,65,0.003761061946902622
hgb_synth,ags_gp_no_stop,7,14,70,0.0024652338811629315
hgb_synth,ags_gp_no_stop,7,15,75,0.0024652338811629315
hgb_synth,ags_gp_no_stop,7,16,80,0.0024652338811629315
hgb_synth,ags_gp_no_stop,7,17,85,0.0024652338811629315
hgb_synth,ags_gp_no_stop,7,18,90,0.0
hgb_synth,ags_gp_no_stop,7,19,95,0.0
hgb_synth,ags_gp_no_stop,7,20,100,0.0
hgb_synth,ags_gp_no_stop,7,21,102,0.0
hgb_synth,ags_gp_no_stop,7,22,107,0.0
hgb_synth,ags_gp_no_stop,7,23,112,0.0
hgb_synth,ags_gp_no_stop,7,24,117,0.004029709228824174
hgb_synth,ags_gp_no_stop,7,25,122,0.004029709228824174
hgb_synth,ags_gp_no_stop,7,26,127,0.004029709228824174
hgb_synth,ags_gp_no_stop,7,27,132,0.004029709228824174
hgb_synth,ags_gp_no_stop,7,28,137,0.004029709228824174
hgb_synth,ags_gp_no_stop,7,29,142,0.004029709228824174
hgb_synth,ags_gp_no_stop,7,30,144,0.004029709228824174
hgb_synth,ags_gp_no_stop,7,31,149,0.004029709228824174
hgb_synth,ags_gp_no_stop,7,32,154,0.004029709228824174
hgb_synth,ags_gp_no_stop,7,33,156,0.004029709228824174
hgb_synth,ags_gp_no_stop,7,34,161,0.004029709228824174
hgb_synth,ags_gp_no_stop,7,35,166,0.004029709228824174
hgb_synth,ags_gp_no_stop,7,36,171,0.004029709228824174
hgb_synth,ags_gp_no_stop,7,37,176,0.004029709228824174
hgb_synth,ags_gp_no_stop,7,38,181,0.004029709228824174
hgb_synth,ags_gp_no_stop,7,39,183,0.004029709228824174
hgb_synth,ags_gp_no_stop,7,40,188,0.004029709228824174
hgb_synth,ags_gp_no_stop,8,1,5,0.006368520859671212
hgb_synth,ags_gp_no_stop,8,2,10,0.0034292035398230114
hgb_synth,ags_gp_no_stop,8,3,15,0.0034292035398230114
hgb_synth,ags_gp_no_stop,8,4,20,0.0034292035398230114
hgb_synth,ags_gp_no_stop,8,5,25,0.0034292035398230114
hgb_synth,ags_gp_no_stop,8,6,30,0.0034292035398230114
hgb_synth,ags_gp_no_stop,8,7,35,0.0034292035398230114
hgb_synth,ags_gp_no_stop,8,8,40,0.0034292035398230114
hgb_synth,ags_gp_no_stop,8,9,45,0.0034292035398230114
hgb_synth,ags_gp_no_stop,8,10,50,0.0034292035398230114
hgb_synth,ags_gp_no_stop,8,11,55,0.0054993678887483854
hgb_synth,ags_gp_no_stop,8,12,60,0.0054993678887483854
hgb_synth,ags_gp_no_stop,8,13,65,0.0054993678887483854
hgb_synth,ags_gp_no_stop,8,14,70,0.0054993678887483854
hgb_synth,ags_gp_no_stop,8,15,75,0.0054993678887483854
hgb_synth,ags_gp_no_stop,8,16,80,0.0054993678887483854
hgb_synth,ags_gp_no_stop,8,17,85,0.0054993678887483854
hgb_synth,ags_gp_no_stop,8,18,90,0.0054993678887483854
hgb_synth,ags_gp_no_stop,8,19,95,0.0054993678887483854
hgb_synth,ags_gp_no_stop,8,20,100,0.0054993678887483854
hgb_synth,ags_gp_no_stop,8,21,105,0.0054993678887483854
hgb_synth,ags_gp_no_stop,8,22,110,0.0054993678887483854
hgb_synth,ags_gp_no_stop,8,23,115,0.0054993678887483854
hgb_synth,ags_gp_no_stop,8,24,120,0.0054993678887483854
hgb_synth,ags_gp_no_stop,8,25,125,0.0054993678887483854
hgb_synth,ags_gp_no_stop,8,26,130,0.0054993678887483854
hgb_synth,ags_gp_no_stop,8,27,133,0.0054993678887483854
hgb_synth,ags_gp_no_stop,8,28,138,0.0054993678887483854
hgb_synth,ags_gp_no_stop,8,29,143,0.0054993678887483854
hgb_synth,ags_gp_no_stop,8,30,145,0.0054993678887483854
hgb_synth,ags_gp_no_stop,8,31,147,0.0054993678887483854
hgb_synth,ags_gp_no_stop,8,32,150,0.0054993678887483854
hgb_synth,ags_gp_no_stop,8,33,155,0.0
hgb_synth,ags_gp_no_stop,8,34,160,0.0
hgb_synth,ags_gp_no_stop,8,35,162,0.0
hgb_synth,ags_gp_no_stop,8,36,167,0.0
hgb_synth,ags_gp_no_stop,8,37,169,0.0
hgb_synth,ags_gp_no_stop,8,38,174,0.0
hgb_synth,ags_gp_no_stop,8,39,179,0.0
hgb_synth,ags_gp_no_stop,8,40,184,0.0
hgb_synth,ags_gp_no_stop,9,1,5,0.0201011378002528
hgb_synth,ags_gp_no_stop,9,2,10,0.019516434892540957
hgb_synth,ags_gp_no_stop,9,3,15,0.008375474083438417
hgb_synth,ags_gp_no_stop,9,4,20,0.008375474083438417
hgb_synth,ags_gp_no_stop,9,5,25,0.008375474083438417
hgb_synth,ags_gp_no_stop,9,6,30,0.004661820480404422
hgb_synth,ags_gp_no_stop,9,7,35,0.004661820480404422
hgb_synth,ags_gp_no_stop,9,8,40,0.003397597977243927
hgb_synth,ags_gp_no_stop,9,9,45,0.003397597977243927
hgb_synth,ags_gp_no_stop,9,10,50,0.0054993678887483854
hgb_synth,ags_gp_no_stop,9,11,55,0.0054993678887483854
hgb_synth,ags_gp_no_stop,9,12,60,0.003966498103666116
hgb_synth,ags_gp_no_stop,9,13,65,0.003966498103666116
hgb_synth,ags_gp_no_stop,9,14,70,0.003966498103666116
hgb_synth,ags_gp_no_stop,9,15,75,0.0034292035398230114
hgb_synth,ags_gp_no_stop,9,16,80,0.0034292035398230114
hgb_synth,ags_gp_no_stop,9,17,85,0.0034292035398230114
hgb_synth,ags_gp_no_stop,9,18,90,0.0047724399494309955
hgb_synth,ags_gp_no_stop,9,19,95,0.0047724399494309955
hgb_synth,ags_gp_no_stop,9,20,100,0.0047724399494309955
hgb_synth,ags_gp_no_stop,9,21,105,0.0047724399494309955
hgb_synth,ags_gp_no_stop,9,22,107,0.0047724399494309955
hgb_synth,ags_gp_no_stop,9,23,109,0.0047724399494309955
hgb_synth,ags_gp_no_stop,9,24,114,0.0047724399494309955
hgb_synth,ags_gp_no_stop,9,25,116,0.0047724399494309955
hgb_synth,ags_gp_no_stop,9,26,121,0.0047724399494309955
hgb_synth,ags_gp_no_stop,9,27,126,0.0047724399494309955
hgb_synth,ags_gp_no_stop,9,28,131,0.0047724399494309955
hgb_synth,ags_gp_no_stop,9,29,136,0.0047724399494309955
hgb_synth,ags_gp_no_stop,9,30,141,0.0047724399494309955
hgb_synth,ags_gp_no_stop,9,31,143,0.0047724399494309955
hgb_synth,ags_gp_no_stop,9,32,148,0.0047724399494309955
hgb_synth,ags_gp_no_stop,9,33,152,0.0047724399494309955
hgb_synth,ags_gp_no_stop,9,34,157,0.0047724399494309955
hgb_synth,ags_gp_no_stop,9,35,162,0.0047724399494309955
hgb_synth,ags_gp_no_stop,9,36,167,0.0047724399494309955
hgb_synth,ags_gp_no_stop,9,37,169,0.0047724399494309955
hgb_synth,ags_gp_no_stop,9,38,171,0.0047724399494309955
hgb_synth,ags_gp_no_stop,9,39,176,0.0047724399494309955
hgb_synth,ags_gp_no_stop,9,40,179,0.0047724399494309955
hgb_synth,random,0,1,5,0.015692161820480277
hgb_synth,random,0,2,10,0.004630214917825448
hgb_synth,random,0,3,15,0.004630214917825448
hgb_synth,random,0,4,20,0.0047724399494309955
hgb_synth,random,0,5,25,0.0033027812895066733
hgb_synth,random,0,6,30,0.0033027812895066733
hgb_synth,random,0,7,35,0.0033027812895066733
hgb_synth,random,0,8,40,0.0033027812895066733
hgb_synth,random,0,9,45,0.0033027812895066733
hgb_synth,random,0,10,50,0.0033027812895066733
hgb_synth,random,0,11,55,0.0033027812895066733
hgb_synth,random,0,12,60,0.0033027812895066733
hgb_synth,random,0,13,65,0.0033027812895066733
hgb_synth,random,0,14,70,0.0033027812895066733
hgb_synth,random,0,15,75,0.0033027812895066733
hgb_synth,random,0,16,80,0.0033027812895066733
hgb_synth,random,0,17,85,0.0033027812895066733
hgb_synth,random,0,18,90,0.0033027812895066733
hgb_synth,random,0,19,95,0.0033027812895066733
hgb_synth,random,0,20,100,0.0033027812895066733
hgb_synth,random,0,21,105,0.0033027812895066733
hgb_synth,random,0,22,110,0.0033027812895066733
hgb_synth,random,0,23,115,0.0033027812895066733
hgb_synth,random,0,24,120,0.0033027812895066733
hgb_synth,random,0,25,125,0.0033027812895066733
hgb_synth,random,0,26,130,0.0033027812895066733
hgb_synth,random,0,27,135,0.0033027812895066733
hgb_synth,random,0,28,140,0.0033027812895066733
hgb_synth,random,0,29,145,0.0033027812895066733
hgb_synth,random,0,30,150,0.0033027812895066733
hgb_synth,random,0,31,155,0.0033027812895066733
hgb_synth,random,0,32,160,0.0033027812895066733
hgb_synth,random,0,33,165,0.0033027812895066733
hgb_synth,random,0,34,170,0.0033027812895066733
hgb_synth,random,0,35,175,0.0033027812895066733
hgb_synth,random,0,36,180,0.0033027812895066733
hgb_synth,random,0,37,185,0.0033027812895066733
hgb_synth,random,0,38,190,0.0033027812895066733
hgb_synth,random,0,39,195,0.0033027812895066733
hgb_synth,random,0,40,200,0.0033027812895066733
hgb_synth,random,1,1,5,0.012191845764854548
hgb_synth,random,1,2,10,0.010390328697850726
hgb_synth,random,1,3,15,0.010390328697850726
hgb_synth,random,1,4,20,0.010390328697850726
hgb_synth,random,1,5,25,0.010390328697850726
hgb_synth,random,1,6,30,0.010390328697850726
hgb_synth,random,1,7,35,0.010390328697850726
hgb_synth,random,1,8,40,0.010390328697850726
hgb_synth,random,1,9,45,0.010390328697850726
hgb_synth,random,1,10,50,0.010390328697850726
hgb_synth,random,1,11,55,0.0044721871049302475
hgb_synth,random,1,12,60,0.0044721871049302475
hgb_synth,random,1,13,65,0.0044721871049302475
hgb_synth,random,1,14,70,0.0044721871049302475
hgb_synth,random,1,15,75,0.0044721871049302475
hgb_synth,random,1,16,80,0.0044721871049302475
hgb_synth,random,1,17,85,0.006400126422250074
hgb_synth,random,1,18,90,0.006400126422250074
hgb_synth,random,1,19,95,0.006400126422250074
hgb_synth,random,1,20,100,0.006400126422250074
hgb_synth,random,1,21,105,0.006400126422250074
hgb_synth,random,1,22,110,0.006400126422250074
hgb_synth,random,1,23,115,0.006400126422250074
hgb_synth,random,1,24,120,0.006400126422250074
hgb_synth,random,1,25,125,0.006400126422250074
hgb_synth,random,1,26,130,0.0024652338811629315
hgb_synth,random,1,27,135,0.0024652338811629315
hgb_synth,random,1,28,140,0.0024652338811629315
hgb_synth,random,1,29,145,0.0024652338811629315
hgb_synth,random,1,30,150,0.0024652338811629315
hgb_synth,random,1,31,155,0.0024652338811629315
hgb_synth,random,1,32,160,0.0024652338811629315
hgb_synth,random,1,33,165,0.0024652338811629315
hgb_synth,random,1,34,170,0.0024652338811629315
hgb_synth,random,1,35,175,0.0024652338811629315
hgb_synth,random,1,36,180,0.0024652338811629315
hgb_synth,random,1,37,185,0.0024652338811629315
hgb_synth,random,1,38,190,0.0024652338811629315
hgb_synth,random,1,39,195,0.0024652338811629315
hgb_synth,random,1,40,200,0.0024652338811629315
hgb_synth,random,2,1,5,0.03583280657395704
hgb_synth,random,2,2,10,0.0015012642225030737
hgb_synth,random,2,3,15,0.0015012642225030737
hgb_synth,random,2,4,20,0.0015012642225030737
hgb_synth,random,2,5,25,0.0015012642225030737
hgb_synth,random,2,6,30,0.0015012642225030737
hgb_synth,random,2,7,35,0.0015012642225030737
hgb_synth,random,2,8,40,0.0015012642225030737
hgb_synth,random,2,9,45,0.0015012642225030737
hgb_synth,random,2,10,50,0.0015012642225030737
hgb_synth,random,2,11,55,0.0015012642225030737
hgb_synth,random,2,12,60,0.0015012642225030737
hgb_synth,random,2,13,65,0.0015012642225030737
hgb_synth,random,2,14,70,0.0015012642225030737
hgb_synth,random,2,15,75,0.0015012642225030737
hgb_synth,random,2,16,80,0.0015012642225030737
hgb_synth,random,2,17,85,0.0015012642225030737
hgb_synth,random,2,18,90,0.0015012642225030737
hgb_synth,random,2,19,95,0.0015012642225030737
hgb_synth,random,2,20,100,0.0015012642225030737
hgb_synth,random,2,21,105,0.0015012642225030737
hgb_synth,random,2,22,110,0.0015012642225030737
hgb_synth,random,2,23,115,0.0015012642225030737
hgb_synth,random,2,24,120,0.0015012642225030737
hgb_synth,random,2,25,125,0.0015012642225030737
hgb_synth,random,2,26,130,0.0015012642225030737
hgb_synth,random,2,27,135,0.0015012642225030737
hgb_synth,random,2,28,140,0.0015012642225030737
hgb_synth,random,2,29,145,0.0015012642225030737
hgb_synth,random,2,30,150,0.0015012642225030737
hgb_synth,random,2,31,155,0.0015012642225030737
hgb_synth,random,2,32,160,0.0015012642225030737
hgb_synth,random,2,33,165,0.0015012642225030737
hgb_synth,random,2,34,170,0.0015012642225030737
hgb_synth,random,2,35,175,0.0015012642225030737
hgb_synth,random,2,36,180,0.0015012642225030737
hgb_synth,random,2,37,185,0.0015012642225030737
hgb_synth,random,2,38,190,0.0015012642225030737
hgb_synth,random,2,39,195,0.0015012642225030737
hgb_synth,random,2,40,200,0.0015012642225030737
hgb_synth,random,3,1,5,0.010050568900126344
hgb_synth,random,3,2,10,0.009244627054361465
hgb_synth,random,3,3,15,0.009244627054361465
hgb_synth,random,3,4,20,0.009244627054361465
hgb_synth,random,3,5,25,0.009244627054361465
hgb_synth,random,3,6,30,0.009244627054361465
hgb_synth,random,3,7,35,0.009244627054361465
hgb_synth,random,3,8,40,0.009244627054361465
hgb_synth,random,3,9,45,0.006226295828065553
hgb_synth,random,3,10,50,0.006226295828065553
hgb_synth,random,3,11,55,0.006226295828065553
hgb_synth,random,3,12,60,0.006226295828065553
hgb_synth,random,3,13,65,0.006226295828065553
hgb_synth,random,3,14,70,0.006226295828065553
hgb_synth,random,3,15,75,0.006226295828065553
hgb_synth,random,3,16,80,0.006226295828065553
hgb_synth,random,3,17,85,0.006226295828065553
hgb_synth,random,3,18,90,0.006226295828065553
hgb_synth,random,3,19,95,0.006226295828065553
hgb_synth,random,3,20,100,0.006226295828065553
hgb_synth,random,3,21,105,0.006226295828065553
hgb_synth,random,3,22,110,0.006226295828065553
hgb_synth,random,3,23,115,0.006226295828065553
hgb_synth,random,3,24,120,0.006226295828065553
hgb_synth,random,3,25,125,0.006226295828065553
hgb_synth,random,3,26,130,0.006226295828065553
hgb_synth,random,3,27,135,0.006226295828065553
hgb_synth,random,3,28,140,0.006226295828065553
hgb_synth,random,3,29,145,0.006226295828065553
hgb_synth,random,3,30,150,0.006226295828065553
hgb_synth,random,3,31,155,0.006226295828065553
hgb_synth,random,3,32,160,0.006226295828065553
hgb_synth,random,3,33,165,0.006226295828065553
hgb_synth,random,3,34,170,0.006226295828065553
hgb_synth,random,3,35,175,0.006226295828065553
hgb_synth,random,3,36,180,0.006226295828065553
hgb_synth,random,3,37,185,0.006226295828065553
hgb_synth,random,3,38,190,0.006226295828065553
hgb_synth,random,3,39,195,0.006226295828065553
hgb_synth,random,3,40,200,0.006226295828065553
hgb_synth,random,4,1,5,0.009750316055625707
hgb_synth,random,4,2,10,0.009750316055625707
hgb_synth,random,4,3,15,0.009750316055625707
hgb_synth,random,4,4,20,0.009750316055625707
hgb_synth,random,4,5,25,0.009750316055625707
hgb_synth,random,4,6,30,0.009750316055625707
hgb_synth,random,4,7,35,0.009750316055625707
hgb_synth,random,4,8,40,0.009750316055625707
hgb_synth,random,4,9,45,0.009750316055625707
hgb_synth,random,4,10,50,0.009750316055625707
hgb_synth,random,4,11,55,0.009750316055625707
hgb_synth,random,4,12,60,0.009750316055625707
hgb_synth,random,4,13,65,0.009750316055625707
hgb_synth,random,4,14,70,0.009750316055625707
hgb_synth,random,4,15,75,0.009750316055625707
hgb_synth,random,4,16,80,0.009750316055625707
hgb_synth,random,4,17,85,0.009750316055625707
hgb_synth,random,4,18,90,0.009750316055625707
hgb_synth,random,4,19,95,0.009750316055625707
hgb_synth,random,4,20,100,0.009750316055625707
hgb_synth,random,4,21,105,0.009750316055625707
hgb_synth,random,4,22,110,0.009750316055625707
hgb_synth,random,4,23,115,0.009750316055625707
hgb_synth,random,4,24,120,0.009750316055625707
hgb_synth,random,4,25,125,0.009750316055625707
hgb_synth,random,4,26,130,0.009750316055625707
hgb_synth,random,4,27,135,0.009750316055625707
hgb_synth,random,4,28,140,0.009750316055625707
hgb_synth,random,4,29,145,0.009750316055625707
hgb_synth,random,4,30,150,0.009750316055625707
hgb_synth,random,4,31,155,0.009750316055625707
hgb_synth,random,4,32,160,0.009750316055625707
hgb_synth,random,4,33,165,0.009750316055625707
hgb_synth,random,4,34,170,0.006400126422250074
hgb_synth,random,4,35,175,0.006400126422250074
hgb_synth,random,4,36,180,0.006400126422250074
hgb_synth,random,4,37,185,0.006400126422250074
hgb_synth,random,4,38,190,0.006400126422250074
hgb_synth,random,4,39,195,0.006400126422250074
hgb_synth,random,4,40,200,0.006400126422250074
hgb_synth,random,5,1,5,0.031463337547408265
hgb_synth,random,5,2,10,0.03874051833122627
hgb_synth,random,5,3,15,0.008612515802781218
hgb_synth,random,5,4,20,0.008612515802781218
hgb_synth,random,5,5,25,0.00545195954487987
hgb_synth,random,5,6,30,0.00545195954487987
hgb_synth,random,5,7,35,0.00545195954487987
hgb_synth,random,5,8,40,0.010050568900126344
hgb_synth,random,5,9,45,0.0068426042983563695
hgb_synth,random,5,10,50,0.0068426042983563695
hgb_synth,random,5,11,55,0.0068426042983563695
hgb_synth,random,5,12,60,0.0068426042983563695
hgb_synth,random,5,13,65,0.0068426042983563695
hgb_synth,random,5,14,70,0.0068426042983563695
hgb_synth,random,5,15,75,0.0068426042983563695
hgb_synth,random,5,16,80,0.0068426042983563695
hgb_synth,random,5,17,85,0.0068426042983563695
hgb_synth,random,5,18,90,0.0068426042983563695
hgb_synth,random,5,19,95,0.0068426042983563695
hgb_synth,random,5,20,100,0.0068426042983563695
hgb_synth,random,5,21,105,0.0068426042983563695
hgb_synth,random,5,22,110,0.0068426042983563695
hgb_synth,random,5,23,115,0.0068426042983563695
hgb_synth,random,5,24,120,0.0068426042983563695
hgb_synth,random,5,25,125,0.0028919089759795735
hgb_synth,random,5,26,130,0.0028919089759795735
hgb_synth,random,5,27,135,0.0028919089759795735
hgb_synth,random,5,28,140,0.0028919089759795735
hgb_synth,random,5,29,145,0.0028919089759795735
hgb_synth,random,5,30,150,0.0028919089759795735
hgb_synth,random,5,31,155,0.0028919089759795735
hgb_synth,random,5,32,160,0.0028919089759795735
hgb_synth,random,5,33,165,0.0028919089759795735
hgb_synth,random,5,34,170,0.0028919089759795735
hgb_synth,random,5,35,175,0.0028919089759795735
hgb_synth,random,5,36,180,0.0028919089759795735
hgb_synth,random,5,37,185,0.0028919089759795735
hgb_synth,random,5,38,190,0.0028919089759795735
hgb_synth,random,5,39,195,0.0028919089759795735
hgb_synth,random,5,40,200,0.0028919089759795735
hgb_synth,random,6,1,5,0.008928571428571286
hgb_synth,random,6,2,10,0.004851453855878374
hgb_synth,random,6,3,15,0.005609987357774848
hgb_synth,random,6,4,20,0.005609987357774848
hgb_synth,random,6,5,25,0.005609987357774848
hgb_synth,random,6,6,30,0.001216814159291979
hgb_synth,random,6,7,35,0.008912768647281744
hgb_synth,random,6,8,40,0.008912768647281744
hgb_synth,random,6,9,45,0.008912768647281744
hgb_synth,random,6,10,50,0.008912768647281744
hgb_synth,random,6,11,55,0.008912768647281744
hgb_synth,random,6,12,60,0.008912768647281744
hgb_synth,random,6,13,65,0.008912768647281744
hgb_synth,random,6,14,70,0.008912768647281744
hgb_synth,random,6,15,75,0.008912768647281744
hgb_synth,random,6,16,80,0.008912768647281744
hgb_synth,random,6,17,85,0.008912768647281744
hgb_synth,random,6,18,90,0.003286978508217353
hgb_synth,random,6,19,95,0.003286978508217353
hgb_synth,random,6,20,100,0.003286978508217353
hgb_synth,random,6,21,105,0.003286978508217353
hgb_synth,random,6,22,110,0.003286978508217353
hgb_synth,random,6,23,115,0.003286978508217353
hgb_synth,random,6,24,120,0.003286978508217353
hgb_synth,random,6,25,125,0.003286978508217353
hgb_synth,random,6,26,130,0.003286978508217353
hgb_synth,random,6,27,135,0.003286978508217353
hgb_synth,random,6,28,140,0.003286978508217353
hgb_synth,random,6,29,145,0.003286978508217353
hgb_synth,random,6,30,150,0.003286978508217353
hgb_synth,random,6,31,155,0.003286978508217353
hgb_synth,random,6,32,160,0.003286978508217353
hgb_synth,random,6,33,165,0.003286978508217353
hgb_synth,random,6,34,170,0.003286978508217353
hgb_synth,random,6,35,175,0.003286978508217353
hgb_synth,random,6,36,180,0.003286978508217353
hgb_synth,random,6,37,185,0.003286978508217353
hgb_synth,random,6,38,190,0.003286978508217353
hgb_synth,random,6,39,195,0.003286978508217353
hgb_synth,random,6,40,200,0.003286978508217353
hgb_synth,random,7,1,5,0.039688685208596586
hgb_synth,random,7,2,10,0.008628318584070649
hgb_synth,random,7,3,15,0.008628318584070649
hgb_synth,random,7,4,20,0.001216814159291979
hgb_synth,random,7,5,25,0.007095448798988491
hgb_synth,random,7,6,30,0.007095448798988491
hgb_synth,random,7,7,35,0.007095448798988491
hgb_synth,random,7,8,40,0.007095448798988491
hgb_synth,random,7,9,45,0.007095448798988491
hgb_synth,random,7,10,50,0.007095448798988491
hgb_synth,random,7,11,55,0.007095448798988491
hgb_synth,random,7,12,60,0.007095448798988491
hgb_synth,random,7,13,65,0.007095448798988491
hgb_synth,random,7,14,70,0.007095448798988491
hgb_synth,random,7,15,75,0.007095448798988491
hgb_synth,random,7,16,80,0.007095448798988491
hgb_synth,random,7,17,85,0.007095448798988491
hgb_synth,random,7,18,90,0.007095448798988491
hgb_synth,random,7,19,95,0.007095448798988491
hgb_synth,random,7,20,100,0.007095448798988491
hgb_synth,random,7,21,105,0.007095448798988491
hgb_synth,random,7,22,110,0.007095448798988491
hgb_synth,random,7,23,115,0.007095448798988491
hgb_synth,random,7,24,120,0.007095448798988491
hgb_synth,random,7,25,125,0.007095448798988491
hgb_synth,random,7,26,130,0.007095448798988491
hgb_synth,random,7,27,135,0.007095448798988491
hgb_synth,random,7,28,140,0.007095448798988491
hgb_synth,random,7,29,145,0.007095448798988491
hgb_synth,random,7,30,150,0.007095448798988491
hgb_synth,random,7,31,155,0.007095448798988491
hgb_synth,random,7,32,160,0.00651074589127687
hgb_synth,random,7,33,165,0.00651074589127687
hgb_synth,random,7,34,170,0.00651074589127687
hgb_synth,random,7,35,175,0.00651074589127687
hgb_synth,random,7,36,180,0.00651074589127687
hgb_synth,random,7,37,185,0.004029709228824174
hgb_synth,random,7,38,190,0.004029709228824174
hgb_synth,random,7,39,195,0.004029709228824174
hgb_synth,random,7,40,200,0.004029709228824174
hgb_synth,random,8,1,5,0.01701959544879883
hgb_synth,random,8,2,10,0.010975031605562457
hgb_synth,random,8,3,15,0.010975031605562457
hgb_synth,random,8,4,20,0.010975031605562457
hgb_synth,random,8,5,25,0.005704804045511991
hgb_synth,random,8,6,30,0.005704804045511991
hgb_synth,random,8,7,35,0.005704804045511991
hgb_synth,random,8,8,40,0.005704804045511991
hgb_synth,random,8,9,45,0.005704804045511991
hgb_synth,random,8,10,50,0.005704804045511991
hgb_synth,random,8,11,55,0.006400126422250074
hgb_synth,random,8,12,60,0.006400126422250074
hgb_synth,random,8,13,65,0.006400126422250074
hgb_synth,random,8,14,70,0.006400126422250074
hgb_synth,random,8,15,75,0.006400126422250074
hgb_synth,random,8,16,80,0.006400126422250074
hgb_synth,random,8,17,85,0.006400126422250074
hgb_synth,random,8,18,90,0.006400126422250074
hgb_synth,random,8,19,95,0.006400126422250074
hgb_synth,random,8,20,100,0.006400126422250074
hgb_synth,random,8,21,105,0.006400126422250074
hgb_synth,random,8,22,110,0.006400126422250074
hgb_synth,random,8,23,115,0.006400126422250074
hgb_synth,random,8,24,120,0.006400126422250074
hgb_synth,random,8,25,125,0.006400126422250074
hgb_synth,random,8,26,130,0.006400126422250074
hgb_synth,random,8,27,135,0.006400126422250074
hgb_synth,random,8,28,140,0.006400126422250074
hgb_synth,random,8,29,145,0.006400126422250074
hgb_synth,random,8,30,150,0.006400126422250074
hgb_synth,random,8,31,155,0.006400126422250074
hgb_synth,random,8,32,160,0.006400126422250074
hgb_synth,random,8,33,165,0.006400126422250074
hgb_synth,random,8,34,170,0.006400126422250074
hgb_synth,random,8,35,175,0.006400126422250074
hgb_synth,random,8,36,180,0.0034292035398230114
hgb_synth,random,8,37,185,0.0034292035398230114
hgb_synth,random,8,38,190,0.0034292035398230114
hgb_synth,random,8,39,195,0.0034292035398230114
hgb_synth,random,8,40,200,0.0034292035398230114
hgb_synth,random,9,1,5,0.0047724399494309955
hgb_synth,random,9,2,10,0.0047724399494309955
hgb_synth,random,9,3,15,0.0047724399494309955
hgb_synth,random,9,4,20,0.0047724399494309955
hgb_synth,random,9,5,25,0.0047724399494309955
hgb_synth,random,9,6,30,0.0047724399494309955
hgb_synth,random,9,7,35,0.0047724399494309955
hgb_synth,random,9,8,40,0.0047724399494309955
hgb_synth,random,9,9,45,0.0047724399494309955
hgb_synth,random,9,10,50,0.0047724399494309955
hgb_synth,random,9,11,55,0.0047724399494309955
hgb_synth,random,9,12,60,0.0047724399494309955
hgb_synth,random,9,13,65,0.0047724399494309955
hgb_synth,random,9,14,70,0.0047724399494309955
hgb_synth,random,9,15,75,0.0047724399494309955
hgb_synth,random,9,16,80,0.0047724399494309955
hgb_synth,random,9,17,85,0.0047724399494309955
hgb_synth,random,9,18,90,0.0047724399494309955
hgb_synth,random,9,19,95,0.0047724399494309955
hgb_synth,random,9,20,100,0.0047724399494309955
hgb_synth,random,9,21,105,0.0047724399494309955
hgb_synth,random,9,22,110,0.0047724399494309955
hgb_synth,random,9,23,115,0.0047724399494309955
hgb_synth,random,9,24,120,0.0047724399494309955
hgb_synth,random,9,25,125,0.0047724399494309955
hgb_synth,random,9,26,130,0.0047724399494309955
hgb_synth,random,9,27,135,0.0047724399494309955
hgb_synth,random,9,28,140,0.0047724399494309955
hgb_synth,random,9,29,145,0.0047724399494309955
hgb_synth,random,9,30,150,0.0047724399494309955
hgb_synth,random,9,31,155,0.0047724399494309955
hgb_synth,random,9,32,160,0.0047724399494309955
hgb_synth,random,9,33,165,0.0047724399494309955
hgb_synth,random,9,34,170,0.0047724399494309955
hgb_synth,random,9,35,175,0.0047724399494309955
hgb_synth,random,9,36,180,0.0047724399494309955
hgb_synth,random,9,37,185,0.0047724399494309955
hgb_synth,random,9,38,190,0.0047724399494309955
hgb_synth,random,9,39,195,0.0047724399494309955
hgb_synth,random,9,40,200,0.0047724399494309955
hgb_synth,optuna_tpe,0,1,5,0.004946270543615516
hgb_synth,optuna_tpe,0,2,10,0.0034292035398230114
hgb_synth,optuna_tpe,0,3,15,0.0034292035398230114
hgb_synth,optuna_tpe,0,4,20,0.0034292035398230114
hgb_synth,optuna_tpe,0,5,25,0.0034292035398230114
hgb_synth,optuna_tpe,0,6,30,0.0034292035398230114
hgb_synth,optuna_tpe,0,7,35,0.0034292035398230114
hgb_synth,optuna_tpe,0,8,40,0.0034292035398230114
hgb_synth,optuna_tpe,0,9,45,0.0034292035398230114
hgb_synth,optuna_tpe,0,10,50,0.0034292035398230114
hgb_synth,optuna_tpe,0,11,55,0.0034292035398230114
hgb_synth,optuna_tpe,0,12,60,0.0034292035398230114
hgb_synth,optuna_tpe,0,13,65,0.0034292035398230114
hgb_synth,optuna_tpe,0,14,70,0.0034292035398230114
hgb_synth,optuna_tpe,0,15,75,0.0034292035398230114
hgb_synth,optuna_tpe,0,16,80,0.0034292035398230114
hgb_synth,optuna_tpe,0,17,85,0.0034292035398230114
hgb_synth,optuna_tpe,0,18,90,0.0034292035398230114
hgb_synth,optuna_tpe,0,19,95,0.0034292035398230114
hgb_synth,optuna_tpe,0,20,100,0.0034292035398230114
hgb_synth,optuna_tpe,0,21,105,0.0034292035398230114
hgb_synth,optuna_tpe,0,22,110,0.0034292035398230114
hgb_synth,optuna_tpe,0,23,115,0.0034292035398230114
hgb_synth,optuna_tpe,0,24,120,0.0034292035398230114
hgb_synth,optuna_tpe,0,25,125,0.0034292035398230114
hgb_synth,optuna_tpe,0,26,130,0.0034292035398230114
hgb_synth,optuna_tpe,0,27,135,0.0034292035398230114
hgb_synth,optuna_tpe,0,28,140,0.0034292035398230114
hgb_synth,optuna_tpe,0,29,145,0.0034292035398230114
hgb_synth,optuna_tpe,0,30,150,0.0034292035398230114
hgb_synth,optuna_tpe,0,31,155,0.0034292035398230114
hgb_synth,optuna_tpe,0,32,160,0.0034292035398230114
hgb_synth,optuna_tpe,0,33,165,0.0034292035398230114
hgb_synth,optuna_tpe,0,34,170,0.0034292035398230114
hgb_synth,optuna_tpe,0,35,175,0.0034292035398230114
hgb_synth,optuna_tpe,0,36,180,0.0034292035398230114
hgb_synth,optuna_tpe,0,37,185,0.0034292035398230114
hgb_synth,optuna_tpe,0,38,190,0.0034292035398230114
hgb_synth,optuna_tpe,0,39,195,0.0034292035398230114
hgb_synth,optuna_tpe,0,40,200,0.0034292035398230114
hgb_synth,optuna_tpe,1,1,5,0.005847029077117427
hgb_synth,optuna_tpe,1,2,10,0.005847029077117427
hgb_synth,optuna_tpe,1,3,15,0.007656447534765909
hgb_synth,optuna_tpe,1,4,20,0.006226295828065553
hgb_synth,optuna_tpe,1,5,25,0.006226295828065553
hgb_synth,optuna_tpe,1,6,30,0.005609987357774848
hgb_synth,optuna_tpe,1,7,35,0.005609987357774848
hgb_synth,optuna_tpe,1,8,40,0.005609987357774848
hgb_synth,optuna_tpe,1,9,45,0.005609987357774848
hgb_synth,optuna_tpe,1,10,50,0.0
hgb_synth,optuna_tpe,1,11,55,0.0
hgb_synth,optuna_tpe,1,12,60,0.0
hgb_synth,optuna_tpe,1,13,65,0.0010113780025281516
hgb_synth,optuna_tpe,1,14,70,0.0010113780025281516
hgb_synth,optuna_tpe,1,15,75,0.0010113780025281516
hgb_synth,optuna_tpe,1,16,80,0.0010113780025281516
hgb_synth,optuna_tpe,1,17,85,0.0010113780025281516
hgb_synth,optuna_tpe,1,18,90,0.0010113780025281516
hgb_synth,optuna_tpe,1,19,95,0.0010113780025281516
hgb_synth,optuna_tpe,1,20,100,0.0010113780025281516
hgb_synth,optuna_tpe,1,21,105,0.0010113780025281516
hgb_synth,optuna_tpe,1,22,110,0.0010113780025281516
hgb_synth,optuna_tpe,1,23,115,0.0010113780025281516
hgb_synth,optuna_tpe,1,24,120,0.0010113780025281516
hgb_synth,optuna_tpe,1,25,125,0.0010113780025281516
hgb_synth,optuna_tpe,1,26,130,0.0010113780025281516
hgb_synth,optuna_tpe,1,27,135,0.0010113780025281516
hgb_synth,optuna_tpe,1,28,140,0.0010113780025281516
hgb_synth,optuna_tpe,1,29,145,0.0010113780025281516
hgb_synth,optuna_tpe,1,30,150,0.0010113780025281516
hgb_synth,optuna_tpe,1,31,155,0.0010113780025281516
hgb_synth,optuna_tpe,1,32,160,0.0010113780025281516
hgb_synth,optuna_tpe,1,33,165,0.0010113780025281516
hgb_synth,optuna_tpe,1,34,170,0.0010113780025281516
hgb_synth,optuna_tpe,1,35,175,0.0010113780025281516
hgb_synth,optuna_tpe,1,36,180,0.0010113780025281516
hgb_synth,optuna_tpe,1,37,185,0.0010113780025281516
hgb_synth,optuna_tpe,1,38,190,0.0010113780025281516
hgb_synth,optuna_tpe,1,39,195,0.0010113780025281516
hgb_synth,optuna_tpe,1,40,200,0.0010113780025281516
hgb_synth,optuna_tpe,2,1,5,0.012002212389380373
hgb_synth,optuna_tpe,2,2,10,0.007032237673830544
hgb_synth,optuna_tpe,2,3,15,0.007032237673830544
hgb_synth,optuna_tpe,2,4,20,0.007032237673830544
hgb_synth,optuna_tpe,2,5,25,0.00888116308470277
hgb_synth,optuna_tpe,2,6,30,0.00888116308470277
hgb_synth,optuna_tpe,2,7,35,0.00888116308470277
hgb_synth,optuna_tpe,2,8,40,0.00888116308470277
hgb_synth,optuna_tpe,2,9,45,0.00888116308470277
hgb_synth,optuna_tpe,2,10,50,0.00888116308470277
hgb_synth,optuna_tpe,2,11,55,0.00888116308470277
hgb_synth,optuna_tpe,2,12,60,0.00888116308470277
hgb_synth,optuna_tpe,2,13,65,0.00888116308470277
hgb_synth,optuna_tpe,2,14,70,0.00888116308470277
hgb_synth,optuna_tpe,2,15,75,0.00888116308470277
hgb_synth,optuna_tpe,2,16,80,0.00888116308470277
hgb_synth,optuna_tpe,2,17,85,0.00888116308470277
hgb_synth,optuna_tpe,2,18,90,0.00888116308470277
hgb_synth,optuna_tpe,2,19,95,0.00888116308470277
hgb_synth,optuna_tpe,2,20,100,0.007364096080910043
hgb_synth,optuna_tpe,2,21,105,0.007364096080910043
hgb_synth,optuna_tpe,2,22,110,0.007364096080910043
hgb_synth,optuna_tpe,2,23,115,0.007364096080910043
hgb_synth,optuna_tpe,2,24,120,0.007364096080910043
hgb_synth,optuna_tpe,2,25,125,0.007364096080910043
hgb_synth,optuna_tpe,2,26,130,0.007364096080910043
hgb_synth,optuna_tpe,2,27,135,0.007364096080910043
hgb_synth,optuna_tpe,2,28,140,0.007364096080910043
hgb_synth,optuna_tpe,2,29,145,0.007364096080910043
hgb_synth,optuna_tpe,2,30,150,0.007364096080910043
hgb_synth,optuna_tpe,2,31,155,0.007364096080910043
hgb_synth,optuna_tpe,2,32,160,0.007364096080910043
hgb_synth,optuna_tpe,2,33,165,0.007364096080910043
hgb_synth,optuna_tpe,2,34,170,0.007364096080910043
hgb_synth,optuna_tpe,2,35,175,0.007364096080910043
hgb_synth,optuna_tpe,2,36,180,0.007364096080910043
hgb_synth,optuna_tpe,2,37,185,0.007364096080910043
hgb_synth,optuna_tpe,2,38,190,0.007364096080910043
hgb_synth,optuna_tpe,2,39,195,0.007364096080910043
hgb_synth,optuna_tpe,2,40,200,0.007364096080910043
hgb_synth,optuna_tpe,3,1,5,0.0047724399494309955
hgb_synth,optuna_tpe,3,2,10,0.0047724399494309955
hgb_synth,optuna_tpe,3,3,15,0.0047724399494309955
hgb_synth,optuna_tpe,3,4,20,0.0047724399494309955
hgb_synth,optuna_tpe,3,5,25,0.0047724399494309955
hgb_synth,optuna_tpe,3,6,30,0.0047724399494309955
hgb_synth,optuna_tpe,3,7,35,0.0047724399494309955
hgb_synth,optuna_tpe,3,8,40,0.0047724399494309955
hgb_synth,optuna_tpe,3,9,45,0.0047724399494309955
hgb_synth,optuna_tpe,3,10,50,0.0047724399494309955
hgb_synth,optuna_tpe,3,11,55,0.0047724399494309955
hgb_synth,optuna_tpe,3,12,60,0.0047724399494309955
hgb_synth,optuna_tpe,3,13,65,0.0047724399494309955
hgb_synth,optuna_tpe,3,14,70,0.005341340075853296
hgb_synth,optuna_tpe,3,15,75,0.0054993678887483854
hgb_synth,optuna_tpe,3,16,80,0.0054993678887483854
hgb_synth,optuna_tpe,3,17,85,0.0054993678887483854
hgb_synth,optuna_tpe,3,18,90,0.0054993678887483854
hgb_synth,optuna_tpe,3,19,95,0.0054993678887483854
hgb_synth,optuna_tpe,3,20,100,0.0054993678887483854
hgb_synth,optuna_tpe,3,21,105,0.0054993678887483854
hgb_synth,optuna_tpe,3,22,110,0.0054993678887483854
hgb_synth,optuna_tpe,3,23,115,0.0054993678887483854
hgb_synth,optuna_tpe,3,24,120,0.0054993678887483854
hgb_synth,optuna_tpe,3,25,125,0.0054993678887483854
hgb_synth,optuna_tpe,3,26,130,0.0054993678887483854
hgb_synth,optuna_tpe,3,27,135,0.0054993678887483854
hgb_synth,optuna_tpe,3,28,140,0.0054993678887483854
hgb_synth,optuna_tpe,3,29,145,0.0054993678887483854
hgb_synth,optuna_tpe,3,30,150,0.0054993678887483854
hgb_synth,optuna_tpe,3,31,155,0.0054993678887483854
hgb_synth,optuna_tpe,3,32,160,0.0054993678887483854
hgb_synth,optuna_tpe,3,33,165,0.0054993678887483854
hgb_synth,optuna_tpe,3,34,170,0.0054993678887483854
hgb_synth,optuna_tpe,3,35,175,0.0054993678887483854
hgb_synth,optuna_tpe,3,36,180,0.0054993678887483854
hgb_synth,optuna_tpe,3,37,185,0.0054993678887483854
hgb_synth,optuna_tpe,3,38,190,0.0054993678887483854
hgb_synth,optuna_tpe,3,39,195,0.0054993678887483854
hgb_synth,optuna_tpe,3,40,200,0.0054993678887483854
hgb_synth,optuna_tpe,4,1,5,0.007364096080910043
hgb_synth,optuna_tpe,4,2,10,0.00870733249051836
hgb_synth,optuna_tpe,4,3,15,0.00870733249051836
hgb_synth,optuna_tpe,4,4,20,0.00870733249051836
hgb_synth,optuna_tpe,4,5,25,0.00870733249051836
hgb_synth,optuna_tpe,4,6,30,0.003397597977243927
hgb_synth,optuna_tpe,4,7,35,0.003397597977243927
hgb_synth,optuna_tpe,4,8,40,0.003397597977243927
hgb_synth,optuna_tpe,4,9,45,0.003397597977243927
hgb_synth,optuna_tpe,4,10,50,0.003397597977243927
hgb_synth,optuna_tpe,4,11,55,0.003397597977243927
hgb_synth,optuna_tpe,4,12,60,0.003397597977243927
hgb_synth,optuna_tpe,4,13,65,0.003397597977243927
hgb_synth,optuna_tpe,4,14,70,0.003397597977243927
hgb_synth,optuna_tpe,4,15,75,0.003397597977243927
hgb_synth,optuna_tpe,4,16,80,0.003397597977243927
hgb_synth,optuna_tpe,4,17,85,0.003397597977243927
hgb_synth,optuna_tpe,4,18,90,0.003397597977243927
hgb_synth,optuna_tpe,4,19,95,0.0034292035398230114
hgb_synth,optuna_tpe,4,20,100,0.0034292035398230114
hgb_synth,optuna_tpe,4,21,105,0.0034292035398230114
hgb_synth,optuna_tpe,4,22,110,0.003286978508217353
hgb_synth,optuna_tpe,4,23,115,0.003286978508217353
hgb_synth,optuna_tpe,4,24,120,0.003286978508217353
hgb_synth,optuna_tpe,4,25,125,0.003286978508217353
hgb_synth,optuna_tpe,4,26,130,0.003286978508217353
hgb_synth,optuna_tpe,4,27,135,0.003286978508217353
hgb_synth,optuna_tpe,4,28,140,0.003286978508217353
hgb_synth,optuna_tpe,4,29,145,0.003286978508217353
hgb_synth,optuna_tpe,4,30,150,0.003286978508217353
hgb_synth,optuna_tpe,4,31,155,0.003286978508217353
hgb_synth,optuna_tpe,4,32,160,0.003286978508217353
hgb_synth,optuna_tpe,4,33,165,0.003286978508217353
hgb_synth,optuna_tpe,4,34,170,0.003286978508217353
hgb_synth,optuna_tpe,4,35,175,0.003286978508217353
hgb_synth,optuna_tpe,4,36,180,0.003286978508217353
hgb_synth,optuna_tpe,4,37,185,0.003286978508217353
hgb_synth,optuna_tpe,4,38,190,0.003286978508217353
hgb_synth,optuna_tpe,4,39,195,0.003286978508217353
hgb_synth,optuna_tpe,4,40,200,0.003286978508217353
hgb_synth,optuna_tpe,5,1,5,0.006226295828065553
hgb_synth,optuna_tpe,5,2,10,0.006226295828065553
hgb_synth,optuna_tpe,5,3,15,0.006226295828065553
hgb_synth,optuna_tpe,5,4,20,0.006226295828065553
hgb_synth,optuna_tpe,5,5,25,0.005025284450063006
hgb_synth,optuna_tpe,5,6,30,0.005025284450063006
hgb_synth,optuna_tpe,5,7,35,0.005025284450063006
hgb_synth,optuna_tpe,5,8,40,0.00415613147914029
hgb_synth,optuna_tpe,5,9,45,0.00415613147914029
hgb_synth,optuna_tpe,5,10,50,0.00415613147914029
hgb_synth,optuna_tpe,5,11,55,0.00415613147914029
hgb_synth,optuna_tpe,5,12,60,0.00415613147914029
hgb_synth,optuna_tpe,5,13,65,0.00415613147914029
hgb_synth,optuna_tpe,5,14,70,0.00415613147914029
hgb_synth,optuna_tpe,5,15,75,0.00415613147914029
hgb_synth,optuna_tpe,5,16,80,0.00415613147914029
hgb_synth,optuna_tpe,5,17,85,0.0015012642225030737
hgb_synth,optuna_tpe,5,18,90,0.0015012642225030737
hgb_synth,optuna_tpe,5,19,95,0.0015012642225030737
hgb_synth,optuna_tpe,5,20,100,0.0015012642225030737
hgb_synth,optuna_tpe,5,21,105,0.0015012642225030737
hgb_synth,optuna_tpe,5,22,110,0.0015012642225030737
hgb_synth,optuna_tpe,5,23,115,0.0015012642225030737
hgb_synth,optuna_tpe,5,24,120,0.0015012642225030737
hgb_synth,optuna_tpe,5,25,125,0.0015012642225030737
hgb_synth,optuna_tpe,5,26,130,0.0015012642225030737
hgb_synth,optuna_tpe,5,27,135,0.0015012642225030737
hgb_synth,optuna_tpe,5,28,140,0.0015012642225030737
hgb_synth,optuna_tpe,5,29,145,0.0015012642225030737
hgb_synth,optuna_tpe,5,30,150,0.0015012642225030737
hgb_synth,optuna_tpe,5,31,155,0.0015012642225030737
hgb_synth,optuna_tpe,5,32,160,0.0015012642225030737
hgb_synth,optuna_tpe,5,33,165,0.0015012642225030737
hgb_synth,optuna_tpe,5,34,170,0.0015012642225030737
hgb_synth,optuna_tpe,5,35,175,0.0015012642225030737
hgb_synth,optuna_tpe,5,36,180,0.0015012642225030737
hgb_synth,optuna_tpe,5,37,185,0.0015012642225030737
hgb_synth,optuna_tpe,5,38,190,0.0015012642225030737
hgb_synth,optuna_tpe,5,39,195,0.0015012642225030737
hgb_synth,optuna_tpe,5,40,200,0.0015012642225030737
hgb_synth,optuna_tpe,6,1,5,0.012831858407079566
hgb_synth,optuna_tpe,6,2,10,0.012831858407079566
hgb_synth,optuna_tpe,6,3,15,0.005341340075853296
hgb_synth,optuna_tpe,6,4,20,0.002923514538558769
hgb_synth,optuna_tpe,6,5,25,0.002923514538558769
hgb_synth,optuna_tpe,6,6,30,0.002923514538558769
hgb_synth,optuna_tpe,6,7,35,0.002923514538558769
hgb_synth,optuna_tpe,6,8,40,0.002923514538558769
hgb_synth,optuna_tpe,6,9,45,0.002923514538558769
hgb_synth,optuna_tpe,6,10,50,0.002923514538558769
hgb_synth,optuna_tpe,6,11,55,0.002923514538558769
hgb_synth,optuna_tpe,6,12,60,0.002923514538558769
hgb_synth,optuna_tpe,6,13,65,0.002923514538558769
hgb_synth,optuna_tpe,6,14,70,0.002923514538558769
hgb_synth,optuna_tpe,6,15,75,0.002923514538558769
hgb_synth,optuna_tpe,6,16,80,0.002923514538558769
hgb_synth,optuna_tpe,6,17,85,0.0034292035398230114
hgb_synth,optuna_tpe,6,18,90,0.0034292035398230114
hgb_synth,optuna_tpe,6,19,95,0.0034292035398230114
hgb_synth,optuna_tpe,6,20,100,0.0034292035398230114
hgb_synth,optuna_tpe,6,21,105,0.0034292035398230114
hgb_synth,optuna_tpe,6,22,110,0.0034292035398230114
hgb_synth,optuna_tpe,6,23,115,0.0034292035398230114
hgb_synth,optuna_tpe,6,24,120,0.0034292035398230114
hgb_synth,optuna_tpe,6,25,125,0.0034292035398230114
hgb_synth,optuna_tpe,6,26,130,0.0034292035398230114
hgb_synth,optuna_tpe,6,27,135,0.0034292035398230114
hgb_synth,optuna_tpe,6,28,140,0.0034292035398230114
hgb_synth,optuna_tpe,6,29,145,0.0034292035398230114
hgb_synth,optuna_tpe,6,30,150,0.0034292035398230114
hgb_synth,optuna_tpe,6,31,155,0.0034292035398230114
hgb_synth,optuna_tpe,6,32,160,0.0034292035398230114
hgb_synth,optuna_tpe,6,33,165,0.0034292035398230114
hgb_synth,optuna_tpe,6,34,170,0.0034292035398230114
hgb_synth,optuna_tpe,6,35,175,0.0034292035398230114
hgb_synth,optuna_tpe,6,36,180,0.0034292035398230114
hgb_synth,optuna_tpe,6,37,185,0.0034292035398230114
hgb_synth,optuna_tpe,6,38,190,0.0034292035398230114
hgb_synth,optuna_tpe,6,39,195,0.0034292035398230114
hgb_synth,optuna_tpe,6,40,200,0.0034292035398230114
hgb_synth,optuna_tpe,7,1,5,0.012594816687736987
hgb_synth,optuna_tpe,7,2,10,0.004819848293299622
hgb_synth,optuna_tpe,7,3,15,0.006329013906447356
hgb_synth,optuna_tpe,7,4,20,0.006329013906447356
hgb_synth,optuna_tpe,7,5,25,0.006329013906447356
hgb_synth,optuna_tpe,7,6,30,0.001216814159291979
hgb_synth,optuna_tpe,7,7,35,0.001216814159291979
hgb_synth,optuna_tpe,7,8,40,0.007095448798988491
hgb_synth,optuna_tpe,7,9,45,0.007095448798988491
hgb_synth,optuna_tpe,7,10,50,0.0038558786346395424
hgb_synth,optuna_tpe,7,11,55,0.0038558786346395424
hgb_synth,optuna_tpe,7,12,60,0.0038558786346395424
hgb_synth,optuna_tpe,7,13,65,0.0038558786346395424
hgb_synth,optuna_tpe,7,14,70,0.0038558786346395424
hgb_synth,optuna_tpe,7,15,75,0.0038558786346395424
hgb_synth,optuna_tpe,7,16,80,0.0038558786346395424
hgb_synth,optuna_tpe,7,17,85,0.0038558786346395424
hgb_synth,optuna_tpe,7,18,90,0.0038558786346395424
hgb_synth,optuna_tpe,7,19,95,0.0038558786346395424
hgb_synth,optuna_tpe,7,20,100,0.0038558786346395424
hgb_synth,optuna_tpe,7,21,105,0.0038558786346395424
hgb_synth,optuna_tpe,7,22,110,0.0038558786346395424
hgb_synth,optuna_tpe,7,23,115,0.004029709228824174
hgb_synth,optuna_tpe,7,24,120,0.004029709228824174
hgb_synth,optuna_tpe,7,25,125,0.004029709228824174
hgb_synth,optuna_tpe,7,26,130,0.004029709228824174
hgb_synth,optuna_tpe,7,27,135,0.004029709228824174
hgb_synth,optuna_tpe,7,28,140,0.004029709228824174
hgb_synth,optuna_tpe,7,29,145,0.004029709228824174
hgb_synth,optuna_tpe,7,30,150,0.004029709228824174
hgb_synth,optuna_tpe,7,31,155,0.004029709228824174
hgb_synth,optuna_tpe,7,32,160,0.004029709228824174
hgb_synth,optuna_tpe,7,33,165,0.004029709228824174
hgb_synth,optuna_tpe,7,34,170,0.004029709228824174
hgb_synth,optuna_tpe,7,35,175,0.004029709228824174
hgb_synth,optuna_tpe,7,36,180,0.004029709228824174
hgb_synth,optuna_tpe,7,37,185,0.004029709228824174
hgb_synth,optuna_tpe,7,38,190,0.004029709228824174
hgb_synth,optuna_tpe,7,39,195,0.004029709228824174
hgb_synth,optuna_tpe,7,40,200,0.004029709228824174
hgb_synth,optuna_tpe,8,1,5,0.008912768647281744
hgb_synth,optuna_tpe,8,2,10,0.008912768647281744
hgb_synth,optuna_tpe,8,3,15,0.004804045512009858
hgb_synth,optuna_tpe,8,4,20,0.003286978508217353
hgb_synth,optuna_tpe,8,5,25,0.003286978508217353
hgb_synth,optuna_tpe,8,6,30,0.003286978508217353
hgb_synth,optuna_tpe,8,7,35,0.003286978508217353
hgb_synth,optuna_tpe,8,8,40,0.003286978508217353
hgb_synth,optuna_tpe,8,9,45,0.003286978508217353
hgb_synth,optuna_tpe,8,10,50,0.003286978508217353
hgb_synth,optuna_tpe,8,11,55,0.003286978508217353
hgb_synth,optuna_tpe,8,12,60,0.0034292035398230114
hgb_synth,optuna_tpe,8,13,65,0.0034292035398230114
hgb_synth,optuna_tpe,8,14,70,0.0034292035398230114
hgb_synth,optuna_tpe,8,15,75,0.0034292035398230114
hgb_synth,optuna_tpe,8,16,80,0.0054993678887483854
hgb_synth,optuna_tpe,8,17,85,0.0054993678887483854
hgb_synth,optuna_tpe,8,18,90,0.0054993678887483854
hgb_synth,optuna_tpe,8,19,95,0.0054993678887483854
hgb_synth,optuna_tpe,8,20,100,0.0054993678887483854
hgb_synth,optuna_tpe,8,21,105,0.0054993678887483854
hgb_synth,optuna_tpe,8,22,110,0.0054993678887483854
hgb_synth,optuna_tpe,8,23,115,0.0054993678887483854
hgb_synth,optuna_tpe,8,24,120,0.0054993678887483854
hgb_synth,optuna_tpe,8,25,125,0.0054993678887483854
hgb_synth,optuna_tpe,8,26,130,0.0054993678887483854
hgb_synth,optuna_tpe,8,27,135,0.0054993678887483854
hgb_synth,optuna_tpe,8,28,140,0.0054993678887483854
hgb_synth,optuna_tpe,8,29,145,0.0054993678887483854
hgb_synth,optuna_tpe,8,30,150,0.0054993678887483854
hgb_synth,optuna_tpe,8,31,155,0.0054993678887483854
hgb_synth,optuna_tpe,8,32,160,0.0054993678887483854
hgb_synth,optuna_tpe,8,33,165,0.002986725663716716
hgb_synth,optuna_tpe,8,34,170,0.002986725663716716
hgb_synth,optuna_tpe,8,35,175,0.002986725663716716
hgb_synth,optuna_tpe,8,36,180,0.002986725663716716
hgb_synth,optuna_tpe,8,37,185,0.002986725663716716
hgb_synth,optuna_tpe,8,38,190,0.002986725663716716
hgb_synth,optuna_tpe,8,39,195,0.002986725663716716
hgb_synth,optuna_tpe,8,40,200,0.002986725663716716
hgb_synth,optuna_tpe,9,1,5,0.03623577749683948
hgb_synth,optuna_tpe,9,2,10,0.03623577749683948
hgb_synth,optuna_tpe,9,3,15,0.02253476611883687
hgb_synth,optuna_tpe,9,4,20,0.01490202275600494
hgb_synth,optuna_tpe,9,5,25,0.008628318584070649
hgb_synth,optuna_tpe,9,6,30,0.008628318584070649
hgb_synth,optuna_tpe,9,7,35,0.010761694058154192
hgb_synth,optuna_tpe,9,8,40,0.0054993678887483854
hgb_synth,optuna_tpe,9,9,45,0.0054993678887483854
hgb_synth,optuna_tpe,9,10,50,0.0054993678887483854
hgb_synth,optuna_tpe,9,11,55,0.0054993678887483854
hgb_synth,optuna_tpe,9,12,60,0.003966498103666116
hgb_synth,optuna_tpe,9,13,65,0.003966498103666116
hgb_synth,optuna_tpe,9,14,70,0.003966498103666116
hgb_synth,optuna_tpe,9,15,75,0.003966498103666116
hgb_synth,optuna_tpe,9,16,80,0.003966498103666116
hgb_synth,optuna_tpe,9,17,85,0.003966498103666116
hgb_synth,optuna_tpe,9,18,90,0.0015012642225030737
hgb_synth,optuna_tpe,9,19,95,0.0015012642225030737
hgb_synth,optuna_tpe,9,20,100,0.0015012642225030737
hgb_synth,optuna_tpe,9,21,105,0.0015012642225030737
hgb_synth,optuna_tpe,9,22,110,0.0015012642225030737
hgb_synth,optuna_tpe,9,23,115,0.0015012642225030737
hgb_synth,optuna_tpe,9,24,120,0.0015012642225030737
hgb_synth,optuna_tpe,9,25,125,0.004029709228824174
hgb_synth,optuna_tpe,9,26,130,0.004029709228824174
hgb_synth,optuna_tpe,9,27,135,0.004029709228824174
hgb_synth,optuna_tpe,9,28,140,0.004029709228824174
hgb_synth,optuna_tpe,9,29,145,0.004029709228824174
hgb_synth,optuna_tpe,9,30,150,0.004029709228824174
hgb_synth,optuna_tpe,9,31,155,0.004029709228824174
hgb_synth,optuna_tpe,9,32,160,0.004029709228824174
hgb_synth,optuna_tpe,9,33,165,0.004029709228824174
hgb_synth,optuna_tpe,9,34,170,0.004029709228824174
hgb_synth,optuna_tpe,9,35,175,0.004029709228824174
hgb_synth,optuna_tpe,9,36,180,0.004029709228824174
hgb_synth,optuna_tpe,9,37,185,0.004029709228824174
hgb_synth,optuna_tpe,9,38,190,0.004029709228824174
hgb_synth,optuna_tpe,9,39,195,0.004029709228824174
hgb_synth,optuna_tpe,9,40,200,0.004029709228824174
knn_housing,ags_default,0,1,5,0.05008712715925362
knn_housing,ags_default,0,2,10,0.05008712715925362
knn_housing,ags_default,0,3,15,0.05008712715925362
knn_housing,ags_default,0,4,20,0.034854101666787374
knn_housing,ags_default,0,5,25,0.034854101666787374
knn_housing,ags_default,0,6,30,0.034854101666787374
knn_housing,ags_default,0,7,35,0.034854101666787374
knn_housing,ags_default,0,8,40,0.018555151741079023
knn_housing,ags_default,0,9,45,0.018555151741079023
knn_housing,ags_default,0,10,50,0.018555151741079023
knn_housing,ags_default,0,11,55,0.006828127086274671
knn_housing,ags_default,0,12,60,0.006828127086274671
knn_housing,ags_default,0,13,65,0.0
knn_housing,ags_default,0,14,70,0.0
knn_housing,ags_default,0,15,75,0.0
knn_housing,ags_default,0,16,80,0.0
knn_housing,ags_default,0,17,85,0.0
knn_housing,ags_default,0,18,90,0.0
knn_housing,ags_default,1,1,5,0.15130292142462282
knn_housing,ags_default,1,2,10,0.024373118161056306
knn_housing,ags_default,1,3,15,0.024373118161056306
knn_housing,ags_default,1,4,20,0.024373118161056306
knn_housing,ags_default,1,5,25,0.024373118161056306
knn_housing,ags_default,1,6,30,0.024373118161056306
knn_housing,ags_default,1,7,35,0.024373118161056306
knn_housing,ags_default,1,8,40,0.024373118161056306
knn_housing,ags_default,1,9,45,0.024373118161056306
knn_housing,ags_default,1,10,50,0.0
knn_housing,ags_default,1,11,55,0.006828127086274671
knn_housing,ags_default,1,12,60,0.006828127086274671
knn_housing,ags_default,1,13,65,0.006828127086274671
knn_housing,ags_default,1,14,70,0.006828127086274671
knn_housing,ags_default,1,15,75,0.006828127086274671
knn_housing,ags_default,1,16,80,0.006828127086274671
knn_housing,ags_default,2,1,5,0.164325057258291
knn_housing,ags_default,2,2,10,0.04797262379375339
knn_housing,ags_default,2,3,15,0.05008712715925362
knn_housing,ags_default,2,4,20,0.05008712715925362
knn_housing,ags_default,2,5,25,0.0441700600920909
knn_housing,ags_default,2,6,30,0.034854101666787374
knn_housing,ags_default,2,7,35,0.0
knn_housing,ags_default,2,8,40,0.0
knn_housing,ags_default,2,9,45,0.0
knn_housing,ags_default,2,10,50,0.0
knn_housing,ags_default,2,11,55,0.0
knn_housing,ags_default,2,12,60,0.0
knn_housing,ags_default,2,13,65,0.0
knn_housing,ags_default,3,1,5,0.04797262379375339
knn_housing,ags_default,3,2,10,0.04797262379375339
knn_housing,ags_default,3,3,15,0.04797262379375339
knn_housing,ags_default,3,4,20,0.04797262379375339
knn_housing,ags_default,3,5,25,0.04797262379375339
knn_housing,ags_default,3,6,30,0.04797262379375339
knn_housing,ags_default,3,7,35,0.03546816943923947
knn_housing,ags_default,3,8,40,0.03546816943923947
knn_housing,ags_default,3,9,45,0.03546816943923947
knn_housing,ags_default,3,10,50,0.03546816943923947
knn_housing,ags_default,3,11,55,0.018555151741079023
knn_housing,ags_default,3,12,60,0.018555151741079023
knn_housing,ags_default,3,13,65,0.018555151741079023
knn_housing,ags_default,3,14,70,0.006828127086274671
knn_housing,ags_default,3,15,75,0.006828127086274671
knn_housing,ags_default,3,16,80,0.006828127086274671
knn_housing,ags_default,3,17,85,0.006828127086274671
knn_housing,ags_default,3,18,90,0.006828127086274671
knn_housing,ags_default,3,19,95,0.006828127086274671
knn_housing,ags_default,4,1,5,0.0672868530411686
knn_housing,ags_default,4,2,10,0.0672868530411686
knn_housing,ags_default,4,3,15,0.0672868530411686
knn_housing,ags_default,4,4,20,0.0672868530411686
knn_housing,ags_default,4,5,25,0.0672868530411686
knn_housing,ags_default,4,6,30,0.0672868530411686
knn_housing,ags_default,4,7,35,0.0672868530411686
knn_housing,ags_default,4,8,40,0.006828127086274671
knn_housing,ags_default,4,9,45,0.006828127086274671
knn_housing,ags_default,4,10,50,0.006828127086274671
knn_housing,ags_default,4,11,55,0.006828127086274671
knn_housing,ags_default,4,12,60,0.0
knn_housing,ags_default,4,13,65,0.0
knn_housing,ags_default,4,14,70,0.0
knn_housing,ags_default,4,15,75,0.0
knn_housing,ags_default,4,16,80,0.0
knn_housing,ags_default,4,17,85,0.0
knn_housing,ags_default,5,1,5,0.0742744172208234
knn_housing,ags_default,5,2,10,0.0672868530411686
knn_housing,ags_default,5,3,15,0.034854101666787374
knn_housing,ags_default,5,4,20,0.034854101666787374
knn_housing,ags_default,5,5,25,0.024861617443068473
knn_housing,ags_default,5,6,30,0.024861617443068473
knn_housing,ags_default,5,7,35,0.024861617443068473
knn_housing,ags_default,5,8,40,0.024861617443068473
knn_housing,ags_default,5,9,45,0.024373118161056306
knn_housing,ags_default,5,10,50,0.024373118161056306
knn_housing,ags_default,5,11,55,0.024373118161056306
knn_housing,ags_default,5,12,60,0.0
knn_housing,ags_default,5,13,65,0.0
knn_housing,ags_default,5,14,70,0.0
knn_housing,ags_default,5,15,75,0.0
knn_housing,ags_default,5,16,80,0.0
knn_housing,ags_default,5,17,85,0.0
knn_housing,ags_default,6,1,5,0.0
knn_housing,ags_default,6,2,10,0.0
knn_housing,ags_default,6,3,15,0.0
knn_housing,ags_default,6,4,20,0.0
knn_housing,ags_default,6,5,25,0.0
knn_housing,ags_default,6,6,30,0.006828127086274671
knn_housing,ags_default,6,7,35,0.006828127086274671
knn_housing,ags_default,6,8,40,0.006828127086274671
knn_housing,ags_default,6,9,45,0.006828127086274671
knn_housing,ags_default,6,10,50,0.006828127086274671
knn_housing,ags_default,6,11,55,0.006828127086274671
knn_housing,ags_default,6,12,60,0.006828127086274671
knn_housing,ags_default,6,13,65,0.006828127086274671
knn_housing,ags_default,7,1,5,0.0742744172208234
knn_housing,ags_default,7,2,10,0.0742744172208234
knn_housing,ags_default,7,3,15,0.04797262379375339
knn_housing,ags_default,7,4,20,0.04797262379375339
knn_housing,ags_default,7,5,25,0.04797262379375339
knn_housing,ags_default,7,6,30,0.018555151741079023
knn_housing,ags_default,7,7,35,0.018555151741079023
knn_housing,ags_default,7,8,40,0.018555151741079023
knn_housing,ags_default,7,9,45,0.018555151741079023
knn_housing,ags_default,7,10,50,0.018555151741079023
knn_housing,ags_default,7,11,55,0.018555151741079023
knn_housing,ags_default,7,12,60,0.006828127086274671
knn_housing,ags_default,7,13,65,0.006828127086274671
knn_housing,ags_default,7,14,70,0.006828127086274671
knn_housing,ags_default,7,15,75,0.0
knn_housing,ags_default,7,16,80,0.0
knn_housing,ags_default,7,17,85,0.0
knn_housing,ags_default,7,18,90,0.0
knn_housing,ags_default,7,19,95,0.0
knn_housing,ags_default,7,20,100,0.0
knn_housing,ags_default,8,1,5,0.12617038530071262
knn_housing,ags_default,8,2,10,0.11834635723018722
knn_housing,ags_default,8,3,15,0.12307266967124392
knn_housing,ags_default,8,4,20,0.04797262379375339
knn_housing,ags_default,8,5,25,0.04797262379375339
knn_housing,ags_default,8,6,30,0.04797262379375339
knn_housing,ags_default,8,7,35,0.04797262379375339
knn_housing,ags_default,8,8,40,0.015402812413925493
knn_housing,ags_default,8,9,45,0.015402812413925493
knn_housing,ags_default,8,10,50,0.015402812413925493
knn_housing,ags_default,8,11,55,0.0
knn_housing,ags_default,8,12,60,0.0
knn_housing,ags_default,8,13,65,0.0
knn_housing,ags_default,8,14,70,0.0
knn_housing,ags_default,8,15,75,0.0
knn_housing,ags_default,8,16,80,0.0
knn_housing,ags_default,9,1,5,0.032612493315653024
knn_housing,ags_default,9,2,10,0.032612493315653024
knn_housing,ags_default,9,3,15,0.032612493315653024
knn_housing,ags_default,9,4,20,0.022180005426240212
knn_housing,ags_default,9,5,25,0.022180005426240212
knn_housing,ags_default,9,6,30,0.022180005426240212
knn_housing,ags_default,9,7,35,0.022180005426240212
knn_housing,ags_default,9,8,40,0.022180005426240212
knn_housing,ags_default,9,9,45,0.022180005426240212
knn_housing,ags_default,9,10,50,0.015402812413925493
knn_housing,ags_default,9,11,55,0.015402812413925493
knn_housing,ags_default,9,12,60,0.015402812413925493
knn_housing,ags_default,9,13,65,0.0
knn_housing,ags_default,9,14,70,0.006828127086274671
knn_housing,ags_default,9,15,75,0.006828127086274671
knn_housing,ags_default,9,16,80,0.006828127086274671
knn_housing,ags_default,9,17,85,0.006828127086274671
knn_housing,ags_default,9,18,90,0.006828127086274671
knn_housing,ags_default,9,19,95,0.006828127086274671
knn_housing,ags_no_early_stop,0,1,5,0.05008712715925362
knn_housing,ags_no_early_stop,0,2,10,0.05008712715925362
knn_housing,ags_no_early_stop,0,3,15,0.05008712715925362
knn_housing,ags_no_early_stop,0,4,20,0.034854101666787374
knn_housing,ags_no_early_stop,0,5,25,0.034854101666787374
knn_housing,ags_no_early_stop,0,6,30,0.034854101666787374
knn_housing,ags_no_early_stop,0,7,35,0.034854101666787374
knn_housing,ags_no_early_stop,0,8,40,0.018555151741079023
knn_housing,ags_no_early_stop,0,9,45,0.018555151741079023
knn_housing,ags_no_early_stop,0,10,50,0.018555151741079023
knn_housing,ags_no_early_stop,0,11,55,0.006828127086274671
knn_housing,ags_no_early_stop,0,12,60,0.006828127086274671
knn_housing,ags_no_early_stop,0,13,65,0.0
knn_housing,ags_no_early_stop,0,14,70,0.0
knn_housing,ags_no_early_stop,0,15,75,0.0
knn_housing,ags_no_early_stop,0,16,80,0.0
knn_housing,ags_no_early_stop,0,17,85,0.0
knn_housing,ags_no_early_stop,0,18,90,0.0
knn_housing,ags_no_early_stop,0,19,95,0.0
knn_housing,ags_no_early_stop,0,20,100,0.0
knn_housing,ags_no_early_stop,0,21,105,0.0
knn_housing,ags_no_early_stop,0,22,110,0.0
knn_housing,ags_no_early_stop,0,23,115,0.0
knn_housing,ags_no_early_stop,0,24,117,0.0
knn_housing,ags_no_early_stop,1,1,5,0.15130292142462282
knn_housing,ags_no_early_stop,1,2,10,0.024373118161056306
knn_housing,ags_no_early_stop,1,3,15,0.024373118161056306
knn_housing,ags_no_early_stop,1,4,20,0.024373118161056306
knn_housing,ags_no_early_stop,1,5,25,0.024373118161056306
knn_housing,ags_no_early_stop,1,6,30,0.024373118161056306
knn_housing,ags_no_early_stop,1,7,35,0.024373118161056306
knn_housing,ags_no_early_stop,1,8,40,0.024373118161056306
knn_housing,ags_no_early_stop,1,9,45,0.024373118161056306
knn_housing,ags_no_early_stop,1,10,50,0.0
knn_housing,ags_no_early_stop,1,11,55,0.006828127086274671
knn_housing,ags_no_early_stop,1,12,60,0.006828127086274671
knn_housing,ags_no_early_stop,1,13,65,0.006828127086274671
knn_housing,ags_no_early_stop,1,14,70,0.006828127086274671
knn_housing,ags_no_early_stop,1,15,75,0.006828127086274671
knn_housing,ags_no_early_stop,1,16,80,0.006828127086274671
knn_housing,ags_no_early_stop,1,17,85,0.006828127086274671
knn_housing,ags_no_early_stop,1,18,90,0.006828127086274671
knn_housing,ags_no_early_stop,1,19,95,0.006828127086274671
knn_housing,ags_no_early_stop,1,20,100,0.006828127086274671
knn_housing,ags_no_early_stop,1,21,105,0.006828127086274671
knn_housing,ags_no_early_stop,1,22,110,0.006828127086274671
knn_housing,ags_no_early_stop,1,23,115,0.006828127086274671
knn_housing,ags_no_early_stop,1,24,120,0.006828127086274671
knn_housing,ags_no_early_stop,2,1,5,0.164325057258291
knn_housing,ags_no_early_stop,2,2,10,0.04797262379375339
knn_housing,ags_no_early_stop,2,3,15,0.05008712715925362
knn_housing,ags_no_early_stop,2,4,20,0.05008712715925362
knn_housing,ags_no_early_stop,2,5,25,0.0441700600920909
knn_housing,ags_no_early_stop,2,6,30,0.034854101666787374
knn_housing,ags_no_early_stop,2,7,35,0.0
knn_housing,ags_no_early_stop,2,8,40,0.0
knn_housing,ags_no_early_stop,2,9,45,0.0
knn_housing,ags_no_early_stop,2,10,50,0.0
knn_housing,ags_no_early_stop,2,11,55,0.0
knn_housing,ags_no_early_stop,2,12,60,0.0
knn_housing,ags_no_early_stop,2,13,65,0.0
knn_housing,ags_no_early_stop,2,14,70,0.0
knn_housing,ags_no_early_stop,2,15,75,0.0
knn_housing,ags_no_early_stop,2,16,80,0.0
knn_housing,ags_no_early_stop,2,17,85,0.0
knn_housing,ags_no_early_stop,2,18,90,0.0
knn_housing,ags_no_early_stop,2,19,95,0.0
knn_housing,ags_no_early_stop,2,20,100,0.0
knn_housing,ags_no_early_stop,2,21,105,0.0
knn_housing,ags_no_early_stop,2,22,107,0.0
knn_housing,ags_no_early_stop,2,23,109,0.0
knn_housing,ags_no_early_stop,2,24,111,0.0
knn_housing,ags_no_early_stop,3,1,5,0.04797262379375339
knn_housing,ags_no_early_stop,3,2,10,0.04797262379375339
knn_housing,ags_no_early_stop,3,3,15,0.04797262379375339
knn_housing,ags_no_early_stop,3,4,20,0.04797262379375339
knn_housing,ags_no_early_stop,3,5,25,0.04797262379375339
knn_housing,ags_no_early_stop,3,6,30,0.04797262379375339
knn_housing,ags_no_early_stop,3,7,35,0.03546816943923947
knn_housing,ags_no_early_stop,3,8,40,0.03546816943923947
knn_housing,ags_no_early_stop,3,9,45,0.03546816943923947
knn_housing,ags_no_early_stop,3,10,50,0.03546816943923947
knn_housing,ags_no_early_stop,3,11,55,0.018555151741079023
knn_housing,ags_no_early_stop,3,12,60,0.018555151741079023
knn_housing,ags_no_early_stop,3,13,65,0.018555151741079023
knn_housing,ags_no_early_stop,3,14,70,0.006828127086274671
knn_housing,ags_no_early_stop,3,15,75,0.006828127086274671
knn_housing,ags_no_early_stop,3,16,80,0.006828127086274671
knn_housing,ags_no_early_stop,3,17,85,0.006828127086274671
knn_housing,ags_no_early_stop,3,18,90,0.006828127086274671
knn_housing,ags_no_early_stop,3,19,95,0.006828127086274671
knn_housing,ags_no_early_stop,3,20,100,0.006828127086274671
knn_housing,ags_no_early_stop,3,21,105,0.006828127086274671
knn_housing,ags_no_early_stop,3,22,110,0.006828127086274671
knn_housing,ags_no_early_stop,3,23,115,0.006828127086274671
knn_housing,ags_no_early_stop,3,24,120,0.006828127086274671
knn_housing,ags_no_early_stop,4,1,5,0.0672868530411686
knn_housing,ags_no_early_stop,4,2,10,0.0672868530411686
knn_housing,ags_no_early_stop,4,3,15,0.0672868530411686
knn_housing,ags_no_early_stop,4,4,20,0.0672868530411686
knn_housing,ags_no_early_stop,4,5,25,0.0672868530411686
knn_housing,ags_no_early_stop,4,6,30,0.0672868530411686
knn_housing,ags_no_early_stop,4,7,35,0.0672868530411686
knn_housing,ags_no_early_stop,4,8,40,0.006828127086274671
knn_housing,ags_no_early_stop,4,9,45,0.006828127086274671
knn_housing,ags_no_early_stop,4,10,50,0.006828127086274671
knn_housing,ags_no_early_stop,4,11,55,0.006828127086274671
knn_housing,ags_no_early_stop,4,12,60,0.0
knn_housing,ags_no_early_stop,4,13,65,0.0
knn_housing,ags_no_early_stop,4,14,70,0.0
knn_housing,ags_no_early_stop,4,15,75,0.0
knn_housing,ags_no_early_stop,4,16,80,0.0
knn_housing,ags_no_early_stop,4,17,85,0.0
knn_housing,ags_no_early_stop,4,18,90,0.0
knn_housing,ags_no_early_stop,4,19,95,0.0
knn_housing,ags_no_early_stop,4,20,100,0.0
knn_housing,ags_no_early_stop,4,21,105,0.0
knn_housing,ags_no_early_stop,4,22,110,0.0
knn_housing,ags_no_early_stop,4,23,115,0.0
knn_housing,ags_no_early_stop,4,24,120,0.0
knn_housing,ags_no_early_stop,5,1,5,0.0742744172208234
knn_housing,ags_no_early_stop,5,2,10,0.0672868530411686
knn_housing,ags_no_early_stop,5,3,15,0.034854101666787374
knn_housing,ags_no_early_stop,5,4,20,0.034854101666787374
knn_housing,ags_no_early_stop,5,5,25,0.024861617443068473
knn_housing,ags_no_early_stop,5,6,30,0.024861617443068473
knn_housing,ags_no_early_stop,5,7,35,0.024861617443068473
knn_housing,ags_no_early_stop,5,8,40,0.024861617443068473
knn_housing,ags_no_early_stop,5,9,45,0.024373118161056306
knn_housing,ags_no_early_stop,5,10,50,0.024373118161056306
knn_housing,ags_no_early_stop,5,11,55,0.024373118161056306
knn_housing,ags_no_early_stop,5,12,60,0.0
knn_housing,ags_no_early_stop,5,13,65,0.0
knn_housing,ags_no_early_stop,5,14,70,0.0
knn_housing,ags_no_early_stop,5,15,75,0.0
knn_housing,ags_no_early_stop,5,16,80,0.0
knn_housing,ags_no_early_stop,5,17,85,0.0
knn_housing,ags_no_early_stop,5,18,88,0.0
knn_housing,ags_no_early_stop,5,19,93,0.0
knn_housing,ags_no_early_stop,5,20,98,0.0
knn_housing,ags_no_early_stop,5,21,103,0.0
knn_housing,ags_no_early_stop,5,22,105,0.0
knn_housing,ags_no_early_stop,5,23,107,0.0
knn_housing,ags_no_early_stop,5,24,109,0.0
knn_housing,ags_no_early_stop,6,1,5,0.0
knn_housing,ags_no_early_stop,6,2,10,0.0
knn_housing,ags_no_early_stop,6,3,15,0.0
knn_housing,ags_no_early_stop,6,4,20,0.0
knn_housing,ags_no_early_stop,6,5,25,0.0
knn_housing,ags_no_early_stop,6,6,30,0.006828127086274671
knn_housing,ags_no_early_stop,6,7,35,0.006828127086274671
knn_housing,ags_no_early_stop,6,8,40,0.006828127086274671
knn_housing,ags_no_early_stop,6,9,45,0.006828127086274671
knn_housing,ags_no_early_stop,6,10,50,0.006828127086274671
knn_housing,ags_no_early_stop,6,11,55,0.006828127086274671
knn_housing,ags_no_early_stop,6,12,60,0.006828127086274671
knn_housing,ags_no_early_stop,6,13,65,0.006828127086274671
knn_housing,ags_no_early_stop,6,14,70,0.006828127086274671
knn_housing,ags_no_early_stop,6,15,75,0.006828127086274671
knn_housing,ags_no_early_stop,6,16,80,0.006828127086274671
knn_housing,ags_no_early_stop,6,17,85,0.006828127086274671
knn_housing,ags_no_early_stop,6,18,87,0.006828127086274671
knn_housing,ags_no_early_stop,6,19,90,0.006828127086274671
knn_housing,ags_no_early_stop,6,20,93,0.006828127086274671
knn_housing,ags_no_early_stop,6,21,95,0.006828127086274671
knn_housing,ags_no_early_stop,6,22,98,0.006828127086274671
knn_housing,ags_no_early_stop,6,23,100,0.006828127086274671
knn_housing,ags_no_early_stop,6,24,102,0.006828127086274671
knn_housing,ags_no_early_stop,7,1,5,0.0742744172208234
knn_housing,ags_no_early_stop,7,2,10,0.0742744172208234
knn_housing,ags_no_early_stop,7,3,15,0.04797262379375339
knn_housing,ags_no_early_stop,7,4,20,0.04797262379375339
knn_housing,ags_no_early_stop,7,5,25,0.04797262379375339
knn_housing,ags_no_early_stop,7,6,30,0.018555151741079023
knn_housing,ags_no_early_stop,7,7,35,0.018555151741079023
knn_housing,ags_no_early_stop,7,8,40,0.018555151741079023
knn_housing,ags_no_early_stop,7,9,45,0.018555151741079023
knn_housing,ags_no_early_stop,7,10,50,0.018555151741079023
knn_housing,ags_no_early_stop,7,11,55,0.018555151741079023
knn_housing,ags_no_early_stop,7,12,60,0.006828127086274671
knn_housing,ags_no_early_stop,7,13,65,0.006828127086274671
knn_housing,ags_no_early_stop,7,14,70,0.006828127086274671
knn_housing,ags_no_early_stop,7,15,75,0.0
knn_housing,ags_no_early_stop,7,16,80,0.0
knn_housing,ags_no_early_stop,7,17,85,0.0
knn_housing,ags_no_early_stop,7,18,90,0.0
knn_housing,ags_no_early_stop,7,19,95,0.0
knn_housing,ags_no_early_stop,7,20,100,0.0
knn_housing,ags_no_early_stop,7,21,105,0.0
knn_housing,ags_no_early_stop,7,22,109,0.0
knn_housing,ags_no_early_stop,7,23,114,0.0
knn_housing,ags_no_early_stop,7,24,119,0.0
knn_housing,ags_no_early_stop,8,1,5,0.12617038530071262
knn_housing,ags_no_early_stop,8,2,10,0.11834635723018722
knn_housing,ags_no_early_stop,8,3,15,0.12307266967124392
knn_housing,ags_no_early_stop,8,4,20,0.04797262379375339
knn_housing,ags_no_early_stop,8,5,25,0.04797262379375339
knn_housing,ags_no_early_stop,8,6,30,0.04797262379375339
knn_housing,ags_no_early_stop,8,7,35,0.04797262379375339
knn_housing,ags_no_early_stop,8,8,40,0.015402812413925493
knn_housing,ags_no_early_stop,8,9,45,0.015402812413925493
knn_housing,ags_no_early_stop,8,10,50,0.015402812413925493
knn_housing,ags_no_early_stop,8,11,55,0.0
knn_housing,ags_no_early_stop,8,12,60,0.0
knn_housing,ags_no_early_stop,8,13,65,0.0
knn_housing,ags_no_early_stop,8,14,70,0.0
knn_housing,ags_no_early_stop,8,15,75,0.0
knn_housing,ags_no_early_stop,8,16,80,0.0
knn_housing,ags_no_early_stop,8,17,85,0.0
knn_housing,ags_no_early_stop,8,18,90,0.0
knn_housing,ags_no_early_stop,8,19,95,0.0
knn_housing,ags_no_early_stop,8,20,97,0.0
knn_housing,ags_no_early_stop,8,21,99,0.0
knn_housing,ags_no_early_stop,8,22,104,0.0
knn_housing,ags_no_early_stop,8,23,109,0.0
knn_housing,ags_no_early_stop,8,24,111,0.0
knn_housing,ags_no_early_stop,9,1,5,0.032612493315653024
knn_housing,ags_no_early_stop,9,2,10,0.032612493315653024
knn_housing,ags_no_early_stop,9,3,15,0.032612493315653024
knn_housing,ags_no_early_stop,9,4,20,0.022180005426240212
knn_housing,ags_no_early_stop,9,5,25,0.022180005426240212
knn_housing,ags_no_early_stop,9,6,30,0.022180005426240212
knn_housing,ags_no_early_stop,9,7,35,0.022180005426240212
knn_housing,ags_no_early_stop,9,8,40,0.022180005426240212
knn_housing,ags_no_early_stop,9,9,45,0.022180005426240212
knn_housing,ags_no_early_stop,9,10,50,0.015402812413925493
knn_housing,ags_no_early_stop,9,11,55,0.015402812413925493
knn_housing,ags_no_early_stop,9,12,60,0.015402812413925493
knn_housing,ags_no_early_stop,9,13,65,0.0
knn_housing,ags_no_early_stop,9,14,70,0.006828127086274671
knn_housing,ags_no_early_stop,9,15,75,0.006828127086274671
knn_housing,ags_no_early_stop,9,16,80,0.006828127086274671
knn_housing,ags_no_early_stop,9,17,85,0.006828127086274671
knn_housing,ags_no_early_stop,9,18,90,0.006828127086274671
knn_housing,ags_no_early_stop,9,19,95,0.006828127086274671
knn_housing,ags_no_early_stop,9,20,100,0.006828127086274671
knn_housing,ags_no_early_stop,9,21,105,0.006828127086274671
knn_housing,ags_no_early_stop,9,22,110,0.006828127086274671
knn_housing,ags_no_early_stop,9,23,114,0.006828127086274671
knn_housing,ags_no_early_stop,9,24,118,0.006828127086274671
knn_housing,ags_no_prune_no_stop,0,1,5,0.05008712715925362
knn_housing,ags_no_prune_no_stop,0,2,10,0.05008712715925362
knn_housing,ags_no_prune_no_stop,0,3,15,0.05008712715925362
knn_housing,ags_no_prune_no_stop,0,4,20,0.034854101666787374
knn_housing,ags_no_prune_no_stop,0,5,25,0.034854101666787374
knn_housing,ags_no_prune_no_stop,0,6,30,0.034854101666787374
knn_housing,ags_no_prune_no_stop,0,7,35,0.034854101666787374
knn_housing,ags_no_prune_no_stop,0,8,40,0.018555151741079023
knn_housing,ags_no_prune_no_stop,0,9,45,0.018555151741079023
knn_housing,ags_no_prune_no_stop,0,10,50,0.018555151741079023
knn_housing,ags_no_prune_no_stop,0,11,55,0.006828127086274671
knn_housing,ags_no_prune_no_stop,0,12,60,0.006828127086274671
knn_housing,ags_no_prune_no_stop,0,13,65,0.0
knn_housing,ags_no_prune_no_stop,0,14,70,0.0
knn_housing,ags_no_prune_no_stop,0,15,75,0.0
knn_housing,ags_no_prune_no_stop,0,16,80,0.0
knn_housing,ags_no_prune_no_stop,0,17,85,0.0
knn_housing,ags_no_prune_no_stop,0,18,90,0.0
knn_housing,ags_no_prune_no_stop,0,19,95,0.0
knn_housing,ags_no_prune_no_stop,0,20,100,0.0
knn_housing,ags_no_prune_no_stop,0,21,105,0.0
knn_housing,ags_no_prune_no_stop,0,22,110,0.0
knn_housing,ags_no_prune_no_stop,0,23,115,0.0
knn_housing,ags_no_prune_no_stop,0,24,120,0.0
knn_housing,ags_no_prune_no_stop,1,1,5,0.15130292142462282
knn_housing,ags_no_prune_no_stop,1,2,10,0.024373118161056306
knn_housing,ags_no_prune_no_stop,1,3,15,0.024373118161056306
knn_housing,ags_no_prune_no_stop,1,4,20,0.024373118161056306
knn_housing,ags_no_prune_no_stop,1,5,25,0.024373118161056306
knn_housing,ags_no_prune_no_stop,1,6,30,0.024373118161056306
knn_housing,ags_no_prune_no_stop,1,7,35,0.024373118161056306
knn_housing,ags_no_prune_no_stop,1,8,40,0.024373118161056306
knn_housing,ags_no_prune_no_stop,1,9,45,0.024373118161056306
knn_housing,ags_no_prune_no_stop,1,10,50,0.0
knn_housing,ags_no_prune_no_stop,1,11,55,0.006828127086274671
knn_housing,ags_no_prune_no_stop,1,12,60,0.006828127086274671
knn_housing,ags_no_prune_no_stop,1,13,65,0.006828127086274671
knn_housing,ags_no_prune_no_stop,1,14,70,0.006828127086274671
knn_housing,ags_no_prune_no_stop,1,15,75,0.006828127086274671
knn_housing,ags_no_prune_no_stop,1,16,80,0.006828127086274671
knn_housing,ags_no_prune_no_stop,1,17,85,0.006828127086274671
knn_housing,ags_no_prune_no_stop,1,18,90,0.006828127086274671
knn_housing,ags_no_prune_no_stop,1,19,95,0.006828127086274671
knn_housing,ags_no_prune_no_stop,1,20,100,0.006828127086274671
knn_housing,ags_no_prune_no_stop,1,21,105,0.006828127086274671
knn_housing,ags_no_prune_no_stop,1,22,110,0.006828127086274671
knn_housing,ags_no_prune_no_stop,1,23,115,0.006828127086274671
knn_housing,ags_no_prune_no_stop,1,24,120,0.006828127086274671
knn_housing,ags_no_prune_no_stop,2,1,5,0.164325057258291
knn_housing,ags_no_prune_no_stop,2,2,10,0.04797262379375339
knn_housing,ags_no_prune_no_stop,2,3,15,0.05008712715925362
knn_housing,ags_no_prune_no_stop,2,4,20,0.05008712715925362
knn_housing,ags_no_prune_no_stop,2,5,25,0.0441700600920909
knn_housing,ags_no_prune_no_stop,2,6,30,0.034854101666787374
knn_housing,ags_no_prune_no_stop,2,7,35,0.0
knn_housing,ags_no_prune_no_stop,2,8,40,0.0
knn_housing,ags_no_prune_no_stop,2,9,45,0.0
knn_housing,ags_no_prune_no_stop,2,10,50,0.0
knn_housing,ags_no_prune_no_stop,2,11,55,0.0
knn_housing,ags_no_prune_no_stop,2,12,60,0.0
knn_housing,ags_no_prune_no_stop,2,13,65,0.0
knn_housing,ags_no_prune_no_stop,2,14,70,0.0
knn_housing,ags_no_prune_no_stop,2,15,75,0.0
knn_housing,ags_no_prune_no_stop,2,16,80,0.0
knn_housing,ags_no_prune_no_stop,2,17,85,0.0
knn_housing,ags_no_prune_no_stop,2,18,90,0.0
knn_housing,ags_no_prune_no_stop,2,19,95,0.0
knn_housing,ags_no_prune_no_stop,2,20,100,0.0
knn_housing,ags_no_prune_no_stop,2,21,105,0.0
knn_housing,ags_no_prune_no_stop,2,22,110,0.0
knn_housing,ags_no_prune_no_stop,2,23,115,0.0
knn_housing,ags_no_prune_no_stop,2,24,120,0.0
knn_housing,ags_no_prune_no_stop,3,1,5,0.04797262379375339
knn_housing,ags_no_prune_no_stop,3,2,10,0.04797262379375339
knn_housing,ags_no_prune_no_stop,3,3,15,0.04797262379375339
knn_housing,ags_no_prune_no_stop,3,4,20,0.04797262379375339
knn_housing,ags_no_prune_no_stop,3,5,25,0.04797262379375339
knn_housing,ags_no_prune_no_stop,3,6,30,0.04797262379375339
knn_housing,ags_no_prune_no_stop,3,7,35,0.03546816943923947
knn_housing,ags_no_prune_no_stop,3,8,40,0.03546816943923947
knn_housing,ags_no_prune_no_stop,3,9,45,0.03546816943923947
knn_housing,ags_no_prune_no_stop,3,10,50,0.03546816943923947
knn_housing,ags_no_prune_no_stop,3,11,55,0.018555151741079023
knn_housing,ags_no_prune_no_stop,3,12,60,0.018555151741079023
knn_housing,ags_no_prune_no_stop,3,13,65,0.018555151741079023
knn_housing,ags_no_prune_no_stop,3,14,70,0.006828127086274671
knn_housing,ags_no_prune_no_stop,3,15,75,0.006828127086274671
knn_housing,ags_no_prune_no_stop,3,16,80,0.006828127086274671
knn_housing,ags_no_prune_no_stop,3,17,85,0.006828127086274671
knn_housing,ags_no_prune_no_stop,3,18,90,0.006828127086274671
knn_housing,ags_no_prune_no_stop,3,19,95,0.006828127086274671
knn_housing,ags_no_prune_no_stop,3,20,100,0.006828127086274671
knn_housing,ags_no_prune_no_stop,3,21,105,0.006828127086274671
knn_housing,ags_no_prune_no_stop,3,22,110,0.006828127086274671
knn_housing,ags_no_prune_no_stop,3,23,115,0.006828127086274671
knn_housing,ags_no_prune_no_stop,3,24,120,0.006828127086274671
knn_housing,ags_no_prune_no_stop,4,1,5,0.0672868530411686
knn_housing,ags_no_prune_no_stop,4,2,10,0.0672868530411686
knn_housing,ags_no_prune_no_stop,4,3,15,0.0672868530411686
knn_housing,ags_no_prune_no_stop,4,4,20,0.0672868530411686
knn_housing,ags_no_prune_no_stop,4,5,25,0.0672868530411686
knn_housing,ags_no_prune_no_stop,4,6,30,0.0672868530411686
knn_housing,ags_no_prune_no_stop,4,7,35,0.0672868530411686
knn_housing,ags_no_prune_no_stop,4,8,40,0.006828127086274671
knn_housing,ags_no_prune_no_stop,4,9,45,0.006828127086274671
knn_housing,ags_no_prune_no_stop,4,10,50,0.006828127086274671
knn_housing,ags_no_prune_no_stop,4,11,55,0.006828127086274671
knn_housing,ags_no_prune_no_stop,4,12,60,0.0
knn_housing,ags_no_prune_no_stop,4,13,65,0.0
knn_housing,ags_no_prune_no_stop,4,14,70,0.0
knn_housing,ags_no_prune_no_stop,4,15,75,0.0
knn_housing,ags_no_prune_no_stop,4,16,80,0.0
knn_housing,ags_no_prune_no_stop,4,17,85,0.0
knn_housing,ags_no_prune_no_stop,4,18,90,0.0
knn_housing,ags_no_prune_no_stop,4,19,95,0.0
knn_housing,ags_no_prune_no_stop,4,20,100,0.0
knn_housing,ags_no_prune_no_stop,4,21,105,0.0
knn_housing,ags_no_prune_no_stop,4,22,110,0.0
knn_housing,ags_no_prune_no_stop,4,23,115,0.0
knn_housing,ags_no_prune_no_stop,4,24,120,0.0
knn_housing,ags_no_prune_no_stop,5,1,5,0.0742744172208234
knn_housing,ags_no_prune_no_stop,5,2,10,0.0672868530411686
knn_housing,ags_no_prune_no_stop,5,3,15,0.034854101666787374
knn_housing,ags_no_prune_no_stop,5,4,20,0.034854101666787374
knn_housing,ags_no_prune_no_stop,5,5,25,0.024861617443068473
knn_housing,ags_no_prune_no_stop,5,6,30,0.024861617443068473
knn_housing,ags_no_prune_no_stop,5,7,35,0.024861617443068473
knn_housing,ags_no_prune_no_stop,5,8,40,0.024861617443068473
knn_housing,ags_no_prune_no_stop,5,9,45,0.024373118161056306
knn_housing,ags_no_prune_no_stop,5,10,50,0.024373118161056306
knn_housing,ags_no_prune_no_stop,5,11,55,0.024373118161056306
knn_housing,ags_no_prune_no_stop,5,12,60,0.0
knn_housing,ags_no_prune_no_stop,5,13,65,0.0
knn_housing,ags_no_prune_no_stop,5,14,70,0.0
knn_housing,ags_no_prune_no_stop,5,15,75,0.0
knn_housing,ags_no_prune_no_stop,5,16,80,0.0
knn_housing,ags_no_prune_no_stop,5,17,85,0.0
knn_housing,ags_no_prune_no_stop,5,18,90,0.0
knn_housing,ags_no_prune_no_stop,5,19,95,0.0
knn_housing,ags_no_prune_no_stop,5,20,100,0.0
knn_housing,ags_no_prune_no_stop,5,21,105,0.0
knn_housing,ags_no_prune_no_stop,5,22,110,0.0
knn_housing,ags_no_prune_no_stop,5,23,115,0.0
knn_housing,ags_no_prune_no_stop,5,24,120,0.0
knn_housing,ags_no_prune_no_stop,6,1,5,0.0
knn_housing,ags_no_prune_no_stop,6,2,10,0.0
knn_housing,ags_no_prune_no_stop,6,3,15,0.0
knn_housing,ags_no_prune_no_stop,6,4,20,0.0
knn_housing,ags_no_prune_no_stop,6,5,25,0.0
knn_housing,ags_no_prune_no_stop,6,6,30,0.006828127086274671
knn_housing,ags_no_prune_no_stop,6,7,35,0.006828127086274671
knn_housing,ags_no_prune_no_stop,6,8,40,0.006828127086274671
knn_housing,ags_no_prune_no_stop,6,9,45,0.006828127086274671
knn_housing,ags_no_prune_no_stop,6,10,50,0.006828127086274671
knn_housing,ags_no_prune_no_stop,6,11,55,0.006828127086274671
knn_housing,ags_no_prune_no_stop,6,12,60,0.006828127086274671
knn_housing,ags_no_prune_no_stop,6,13,65,0.006828127086274671
knn_housing,ags_no_prune_no_stop,6,14,70,0.006828127086274671
knn_housing,ags_no_prune_no_stop,6,15,75,0.006828127086274671
knn_housing,ags_no_prune_no_stop,6,16,80,0.006828127086274671
knn_housing,ags_no_prune_no_stop,6,17,85,0.006828127086274671
knn_housing,ags_no_prune_no_stop,6,18,90,0.006828127086274671
knn_housing,ags_no_prune_no_stop,6,19,95,0.006828127086274671
knn_housing,ags_no_prune_no_stop,6,20,100,0.006828127086274671
knn_housing,ags_no_prune_no_stop,6,21,105,0.006828127086274671
knn_housing,ags_no_prune_no_stop,6,22,110,0.006828127086274671
knn_housing,ags_no_prune_no_stop,6,23,115,0.006828127086274671
knn_housing,ags_no_prune_no_stop,6,24,120,0.006828127086274671
knn_housing,ags_no_prune_no_stop,7,1,5,0.0742744172208234
knn_housing,ags_no_prune_no_stop,7,2,10,0.0742744172208234
knn_housing,ags_no_prune_no_stop,7,3,15,0.04797262379375339
knn_housing,ags_no_prune_no_stop,7,4,20,0.04797262379375339
knn_housing,ags_no_prune_no_stop,7,5,25,0.04797262379375339
knn_housing,ags_no_prune_no_stop,7,6,30,0.018555151741079023
knn_housing,ags_no_prune_no_stop,7,7,35,0.018555151741079023
knn_housing,ags_no_prune_no_stop,7,8,40,0.018555151741079023
knn_housing,ags_no_prune_no_stop,7,9,45,0.018555151741079023
knn_housing,ags_no_prune_no_stop,7,10,50,0.018555151741079023
knn_housing,ags_no_prune_no_stop,7,11,55,0.018555151741079023
knn_housing,ags_no_prune_no_stop,7,12,60,0.006828127086274671
knn_housing,ags_no_prune_no_stop,7,13,65,0.006828127086274671
knn_housing,ags_no_prune_no_stop,7,14,70,0.006828127086274671
knn_housing,ags_no_prune_no_stop,7,15,75,0.0
knn_housing,ags_no_prune_no_stop,7,16,80,0.0
knn_housing,ags_no_prune_no_stop,7,17,85,0.0
knn_housing,ags_no_prune_no_stop,7,18,90,0.0
knn_housing,ags_no_prune_no_stop,7,19,95,0.0
knn_housing,ags_no_prune_no_stop,7,20,100,0.0
knn_housing,ags_no_prune_no_stop,7,21,105,0.0
knn_housing,ags_no_prune_no_stop,7,22,110,0.0
knn_housing,ags_no_prune_no_stop,7,23,115,0.0
knn_housing,ags_no_prune_no_stop,7,24,120,0.0
knn_housing,ags_no_prune_no_stop,8,1,5,0.12617038530071262
knn_housing,ags_no_prune_no_stop,8,2,10,0.11834635723018722
knn_housing,ags_no_prune_no_stop,8,3,15,0.12307266967124392
knn_housing,ags_no_prune_no_stop,8,4,20,0.04797262379375339
knn_housing,ags_no_prune_no_stop,8,5,25,0.04797262379375339
knn_housing,ags_no_prune_no_stop,8,6,30,0.04797262379375339
knn_housing,ags_no_prune_no_stop,8,7,35,0.04797262379375339
knn_housing,ags_no_prune_no_stop,8,8,40,0.015402812413925493
knn_housing,ags_no_prune_no_stop,8,9,45,0.015402812413925493
knn_housing,ags_no_prune_no_stop,8,10,50,0.015402812413925493
knn_housing,ags_no_prune_no_stop,8,11,55,0.0
knn_housing,ags_no_prune_no_stop,8,12,60,0.0
knn_housing,ags_no_prune_no_stop,8,13,65,0.0
knn_housing,ags_no_prune_no_stop,8,14,70,0.0
knn_housing,ags_no_prune_no_stop,8,15,75,0.0
knn_housing,ags_no_prune_no_stop,8,16,80,0.0
knn_housing,ags_no_prune_no_stop,8,17,85,0.0
knn_housing,ags_no_prune_no_stop,8,18,90,0.0
knn_housing,ags_no_prune_no_stop,8,19,95,0.0
knn_housing,ags_no_prune_no_stop,8,20,100,0.0
knn_housing,ags_no_prune_no_stop,8,21,105,0.0
knn_housing,ags_no_prune_no_stop,8,22,110,0.0
knn_housing,ags_no_prune_no_stop,8,23,115,0.0
knn_housing,ags_no_prune_no_stop,8,24,120,0.0
knn_housing,ags_no_prune_no_stop,9,1,5,0.032612493315653024
knn_housing,ags_no_prune_no_stop,9,2,10,0.032612493315653024
knn_housing,ags_no_prune_no_stop,9,3,15,0.032612493315653024
knn_housing,ags_no_prune_no_stop,9,4,20,0.022180005426240212
knn_housing,ags_no_prune_no_stop,9,5,25,0.022180005426240212
knn_housing,ags_no_prune_no_stop,9,6,30,0.022180005426240212
knn_housing,ags_no_prune_no_stop,9,7,35,0.022180005426240212
knn_housing,ags_no_prune_no_stop,9,8,40,0.022180005426240212
knn_housing,ags_no_prune_no_stop,9,9,45,0.022180005426240212
knn_housing,ags_no_prune_no_stop,9,10,50,0.015402812413925493
knn_housing,ags_no_prune_no_stop,9,11,55,0.015402812413925493
knn_housing,ags_no_prune_no_stop,9,12,60,0.015402812413925493
knn_housing,ags_no_prune_no_stop,9,13,65,0.0
knn_housing,ags_no_prune_no_stop,9,14,70,0.006828127086274671
knn_housing,ags_no_prune_no_stop,9,15,75,0.006828127086274671
knn_housing,ags_no_prune_no_stop,9,16,80,0.006828127086274671
knn_housing,ags_no_prune_no_stop,9,17,85,0.006828127086274671
knn_housing,ags_no_prune_no_stop,9,18,90,0.006828127086274671
knn_housing,ags_no_prune_no_stop,9,19,95,0.006828127086274671
knn_housing,ags_no_prune_no_stop,9,20,100,0.006828127086274671
knn_housing,ags_no_prune_no_stop,9,21,105,0.006828127086274671
knn_housing,ags_no_prune_no_stop,9,22,110,0.006828127086274671
knn_housing,ags_no_prune_no_stop,9,23,115,0.006828127086274671
knn_housing,ags_no_prune_no_stop,9,24,120,0.006828127086274671
knn_housing,ags_gp_no_stop,0,1,5,0.05008712715925362
knn_housing,ags_gp_no_stop,0,2,10,0.05008712715925362
knn_housing,ags_gp_no_stop,0,3,15,0.05008712715925362
knn_housing,ags_gp_no_stop,0,4,20,0.034854101666787374
knn_housing,ags_gp_no_stop,0,5,25,0.034854101666787374
knn_housing,ags_gp_no_stop,0,6,30,0.034854101666787374
knn_housing,ags_gp_no_stop,0,7,35,0.034854101666787374
knn_housing,ags_gp_no_stop,0,8,40,0.018555151741079023
knn_housing,ags_gp_no_stop,0,9,45,0.006828127086274671
knn_housing,ags_gp_no_stop,0,10,50,0.006828127086274671
knn_housing,ags_gp_no_stop,0,11,55,0.0
knn_housing,ags_gp_no_stop,0,12,60,0.0
knn_housing,ags_gp_no_stop,0,13,65,0.0
knn_housing,ags_gp_no_stop,0,14,70,0.0
knn_housing,ags_gp_no_stop,0,15,75,0.0
knn_housing,ags_gp_no_stop,0,16,80,0.0
knn_housing,ags_gp_no_stop,0,17,85,0.0
knn_housing,ags_gp_no_stop,0,18,90,0.0
knn_housing,ags_gp_no_stop,0,19,95,0.0
knn_housing,ags_gp_no_stop,0,20,100,0.0
knn_housing,ags_gp_no_stop,0,21,105,0.0
knn_housing,ags_gp_no_stop,0,22,110,0.0
knn_housing,ags_gp_no_stop,0,23,115,0.0
knn_housing,ags_gp_no_stop,0,24,117,0.0
knn_housing,ags_gp_no_stop,1,1,5,0.15130292142462282
knn_housing,ags_gp_no_stop,1,2,10,0.024373118161056306
knn_housing,ags_gp_no_stop,1,3,15,0.024373118161056306
knn_housing,ags_gp_no_stop,1,4,20,0.024373118161056306
knn_housing,ags_gp_no_stop,1,5,25,0.024373118161056306
knn_housing,ags_gp_no_stop,1,6,30,0.024373118161056306
knn_housing,ags_gp_no_stop,1,7,35,0.024373118161056306
knn_housing,ags_gp_no_stop,1,8,40,0.024373118161056306
knn_housing,ags_gp_no_stop,1,9,45,0.0
knn_housing,ags_gp_no_stop,1,10,50,0.006828127086274671
knn_housing,ags_gp_no_stop,1,11,55,0.006828127086274671
knn_housing,ags_gp_no_stop,1,12,60,0.006828127086274671
knn_housing,ags_gp_no_stop,1,13,65,0.006828127086274671
knn_housing,ags_gp_no_stop,1,14,70,0.006828127086274671
knn_housing,ags_gp_no_stop,1,15,75,0.006828127086274671
knn_housing,ags_gp_no_stop,1,16,80,0.006828127086274671
knn_housing,ags_gp_no_stop,1,17,85,0.006828127086274671
knn_housing,ags_gp_no_stop,1,18,90,0.006828127086274671
knn_housing,ags_gp_no_stop,1,19,95,0.006828127086274671
knn_housing,ags_gp_no_stop,1,20,100,0.006828127086274671
knn_housing,ags_gp_no_stop,1,21,105,0.006828127086274671
knn_housing,ags_gp_no_stop,1,22,110,0.006828127086274671
knn_housing,ags_gp_no_stop,1,23,115,0.006828127086274671
knn_housing,ags_gp_no_stop,1,24,120,0.006828127086274671
knn_housing,ags_gp_no_stop,2,1,5,0.164325057258291
knn_housing,ags_gp_no_stop,2,2,10,0.04797262379375339
knn_housing,ags_gp_no_stop,2,3,15,0.05008712715925362
knn_housing,ags_gp_no_stop,2,4,20,0.05008712715925362
knn_housing,ags_gp_no_stop,2,5,25,0.0441700600920909
knn_housing,ags_gp_no_stop,2,6,30,0.034854101666787374
knn_housing,ags_gp_no_stop,2,7,35,0.0
knn_housing,ags_gp_no_stop,2,8,40,0.0
knn_housing,ags_gp_no_stop,2,9,45,0.0
knn_housing,ags_gp_no_stop,2,10,50,0.0
knn_housing,ags_gp_no_stop,2,11,55,0.0
knn_housing,ags_gp_no_stop,2,12,60,0.0
knn_housing,ags_gp_no_stop,2,13,65,0.0
knn_housing,ags_gp_no_stop,2,14,70,0.0
knn_housing,ags_gp_no_stop,2,15,75,0.0
knn_housing,ags_gp_no_stop,2,16,80,0.0
knn_housing,ags_gp_no_stop,2,17,85,0.0
knn_housing,ags_gp_no_stop,2,18,90,0.0
knn_housing,ags_gp_no_stop,2,19,95,0.0
knn_housing,ags_gp_no_stop,2,20,100,0.0
knn_housing,ags_gp_no_stop,2,21,105,0.0
knn_housing,ags_gp_no_stop,2,22,107,0.0
knn_housing,ags_gp_no_stop,2,23,109,0.0
knn_housing,ags_gp_no_stop,2,24,111,0.0
knn_housing,ags_gp_no_stop,3,1,5,0.04797262379375339
knn_housing,ags_gp_no_stop,3,2,10,0.04797262379375339
knn_housing,ags_gp_no_stop,3,3,15,0.04797262379375339
knn_housing,ags_gp_no_stop,3,4,20,0.04797262379375339
knn_housing,ags_gp_no_stop,3,5,25,0.04797262379375339
knn_housing,ags_gp_no_stop,3,6,30,0.04797262379375339
knn_housing,ags_gp_no_stop,3,7,35,0.03546816943923947
knn_housing,ags_gp_no_stop,3,8,40,0.03546816943923947
knn_housing,ags_gp_no_stop,3,9,45,0.024861617443068473
knn_housing,ags_gp_no_stop,3,10,50,0.006828127086274671
knn_housing,ags_gp_no_stop,3,11,55,0.006828127086274671
knn_housing,ags_gp_no_stop,3,12,60,0.006828127086274671
knn_housing,ags_gp_no_stop,3,13,65,0.006828127086274671
knn_housing,ags_gp_no_stop,3,14,70,0.006828127086274671
knn_housing,ags_gp_no_stop,3,15,75,0.006828127086274671
knn_housing,ags_gp_no_stop,3,16,80,0.006828127086274671
knn_housing,ags_gp_no_stop,3,17,85,0.006828127086274671
knn_housing,ags_gp_no_stop,3,18,90,0.006828127086274671
knn_housing,ags_gp_no_stop,3,19,95,0.006828127086274671
knn_housing,ags_gp_no_stop,3,20,100,0.006828127086274671
knn_housing,ags_gp_no_stop,3,21,105,0.006828127086274671
knn_housing,ags_gp_no_stop,3,22,110,0.006828127086274671
knn_housing,ags_gp_no_stop,3,23,113,0.006828127086274671
knn_housing,ags_gp_no_stop,3,24,118,0.006828127086274671
knn_housing,ags_gp_no_stop,4,1,5,0.0672868530411686
knn_housing,ags_gp_no_stop,4,2,10,0.0672868530411686
knn_housing,ags_gp_no_stop,4,3,15,0.0672868530411686
knn_housing,ags_gp_no_stop,4,4,20,0.0672868530411686
knn_housing,ags_gp_no_stop,4,5,25,0.0672868530411686
knn_housing,ags_gp_no_stop,4,6,30,0.0672868530411686
knn_housing,ags_gp_no_stop,4,7,35,0.0672868530411686
knn_housing,ags_gp_no_stop,4,8,40,0.006828127086274671
knn_housing,ags_gp_no_stop,4,9,45,0.006828127086274671
knn_housing,ags_gp_no_stop,4,10,50,0.006828127086274671
knn_housing,ags_gp_no_stop,4,11,55,0.006828127086274671
knn_housing,ags_gp_no_stop,4,12,60,0.0
knn_housing,ags_gp_no_stop,4,13,65,0.0
knn_housing,ags_gp_no_stop,4,14,70,0.0
knn_housing,ags_gp_no_stop,4,15,75,0.0
knn_housing,ags_gp_no_stop,4,16,80,0.0
knn_housing,ags_gp_no_stop,4,17,85,0.0
knn_housing,ags_gp_no_stop,4,18,90,0.0
knn_housing,ags_gp_no_stop,4,19,95,0.0
knn_housing,ags_gp_no_stop,4,20,100,0.0
knn_housing,ags_gp_no_stop,4,21,105,0.0
knn_housing,ags_gp_no_stop,4,22,110,0.0
knn_housing,ags_gp_no_stop,4,23,115,0.0
knn_housing,ags_gp_no_stop,4,24,120,0.0
knn_housing,ags_gp_no_stop,5,1,5,0.0742744172208234
knn_housing,ags_gp_no_stop,5,2,10,0.0672868530411686
knn_housing,ags_gp_no_stop,5,3,15,0.034854101666787374
knn_housing,ags_gp_no_stop,5,4,20,0.034854101666787374
knn_housing,ags_gp_no_stop,5,5,25,0.024861617443068473
knn_housing,ags_gp_no_stop,5,6,30,0.024861617443068473
knn_housing,ags_gp_no_stop,5,7,35,0.024861617443068473
knn_housing,ags_gp_no_stop,5,8,40,0.024861617443068473
knn_housing,ags_gp_no_stop,5,9,45,0.006828127086274671
knn_housing,ags_gp_no_stop,5,10,50,0.006828127086274671
knn_housing,ags_gp_no_stop,5,11,55,0.0
knn_housing,ags_gp_no_stop,5,12,60,0.0
knn_housing,ags_gp_no_stop,5,13,65,0.0
knn_housing,ags_gp_no_stop,5,14,70,0.0
knn_housing,ags_gp_no_stop,5,15,75,0.0
knn_housing,ags_gp_no_stop,5,16,80,0.0
knn_housing,ags_gp_no_stop,5,17,85,0.0
knn_housing,ags_gp_no_stop,5,18,90,0.0
knn_housing,ags_gp_no_stop,5,19,93,0.0
knn_housing,ags_gp_no_stop,5,20,98,0.0
knn_housing,ags_gp_no_stop,5,21,103,0.0
knn_housing,ags_gp_no_stop,5,22,105,0.0
knn_housing,ags_gp_no_stop,5,23,107,0.0
knn_housing,ags_gp_no_stop,5,24,109,0.0
knn_housing,ags_gp_no_stop,6,1,5,0.0
knn_housing,ags_gp_no_stop,6,2,10,0.0
knn_housing,ags_gp_no_stop,6,3,15,0.0
knn_housing,ags_gp_no_stop,6,4,20,0.0
knn_housing,ags_gp_no_stop,6,5,25,0.0
knn_housing,ags_gp_no_stop,6,6,30,0.006828127086274671
knn_housing,ags_gp_no_stop,6,7,35,0.006828127086274671
knn_housing,ags_gp_no_stop,6,8,40,0.006828127086274671
knn_housing,ags_gp_no_stop,6,9,45,0.006828127086274671
knn_housing,ags_gp_no_stop,6,10,50,0.006828127086274671
knn_housing,ags_gp_no_stop,6,11,55,0.006828127086274671
knn_housing,ags_gp_no_stop,6,12,60,0.006828127086274671
knn_housing,ags_gp_no_stop,6,13,65,0.006828127086274671
knn_housing,ags_gp_no_stop,6,14,70,0.006828127086274671
knn_housing,ags_gp_no_stop,6,15,75,0.006828127086274671
knn_housing,ags_gp_no_stop,6,16,78,0.006828127086274671
knn_housing,ags_gp_no_stop,6,17,83,0.006828127086274671
knn_housing,ags_gp_no_stop,6,18,85,0.006828127086274671
knn_housing,ags_gp_no_stop,6,19,87,0.006828127086274671
knn_housing,ags_gp_no_stop,6,20,90,0.006828127086274671
knn_housing,ags_gp_no_stop,6,21,93,0.006828127086274671
knn_housing,ags_gp_no_stop,6,22,97,0.006828127086274671
knn_housing,ags_gp_no_stop,6,23,99,0.006828127086274671
knn_housing,ags_gp_no_stop,6,24,101,0.006828127086274671
knn_housing,ags_gp_no_stop,7,1,5,0.0742744172208234
knn_housing,ags_gp_no_stop,7,2,10,0.0742744172208234
knn_housing,ags_gp_no_stop,7,3,15,0.04797262379375339
knn_housing,ags_gp_no_stop,7,4,20,0.04797262379375339
knn_housing,ags_gp_no_stop,7,5,25,0.04797262379375339
knn_housing,ags_gp_no_stop,7,6,30,0.018555151741079023
knn_housing,ags_gp_no_stop,7,7,35,0.018555151741079023
knn_housing,ags_gp_no_stop,7,8,40,0.018555151741079023
knn_housing,ags_gp_no_stop,7,9,45,0.006828127086274671
knn_housing,ags_gp_no_stop,7,10,50,0.006828127086274671
knn_housing,ags_gp_no_stop,7,11,55,0.006828127086274671
knn_housing,ags_gp_no_stop,7,12,60,0.0
knn_housing,ags_gp_no_stop,7,13,65,0.0
knn_housing,ags_gp_no_stop,7,14,70,0.0
knn_housing,ags_gp_no_stop,7,15,75,0.0
knn_housing,ags_gp_no_stop,7,16,80,0.0
knn_housing,ags_gp_no_stop,7,17,85,0.0
knn_housing,ags_gp_no_stop,7,18,90,0.0
knn_housing,ags_gp_no_stop,7,19,95,0.0
knn_housing,ags_gp_no_stop,7,20,100,0.0
knn_housing,ags_gp_no_stop,7,21,105,0.0
knn_housing,ags_gp_no_stop,7,22,110,0.0
knn_housing,ags_gp_no_stop,7,23,115,0.0
knn_housing,ags_gp_no_stop,7,24,120,0.0
knn_housing,ags_gp_no_stop,8,1,5,0.12617038530071262
knn_housing,ags_gp_no_stop,8,2,10,0.11834635723018722
knn_housing,ags_gp_no_stop,8,3,15,0.12307266967124392
knn_housing,ags_gp_no_stop,8,4,20,0.04797262379375339
knn_housing,ags_gp_no_stop,8,5,25,0.04797262379375339
knn_housing,ags_gp_no_stop,8,6,30,0.04797262379375339
knn_housing,ags_gp_no_stop,8,7,35,0.04797262379375339
knn_housing,ags_gp_no_stop,8,8,40,0.015402812413925493
knn_housing,ags_gp_no_stop,8,9,45,0.0
knn_housing,ags_gp_no_stop,8,10,50,0.0
knn_housing,ags_gp_no_stop,8,11,55,0.0
knn_housing,ags_gp_no_stop,8,12,60,0.0
knn_housing,ags_gp_no_stop,8,13,65,0.0
knn_housing,ags_gp_no_stop,8,14,70,0.0
knn_housing,ags_gp_no_stop,8,15,75,0.0
knn_housing,ags_gp_no_stop,8,16,80,0.0
knn_housing,ags_gp_no_stop,8,17,85,0.0
knn_housing,ags_gp_no_stop,8,18,90,0.0
knn_housing,ags_gp_no_stop,8,19,95,0.0
knn_housing,ags_gp_no_stop,8,20,97,0.0
knn_housing,ags_gp_no_stop,8,21,102,0.0
knn_housing,ags_gp_no_stop,8,22,107,0.0
knn_housing,ags_gp_no_stop,8,23,109,0.0
knn_housing,ags_gp_no_stop,8,24,111,0.0
knn_housing,ags_gp_no_stop,9,1,5,0.032612493315653024
knn_housing,ags_gp_no_stop,9,2,10,0.032612493315653024
knn_housing,ags_gp_no_stop,9,3,15,0.032612493315653024
knn_housing,ags_gp_no_stop,9,4,20,0.022180005426240212
knn_housing,ags_gp_no_stop,9,5,25,0.022180005426240212
knn_housing,ags_gp_no_stop,9,6,30,0.022180005426240212
knn_housing,ags_gp_no_stop,9,7,35,0.022180005426240212
knn_housing,ags_gp_no_stop,9,8,40,0.022180005426240212
knn_housing,ags_gp_no_stop,9,9,45,0.006871161467357778
knn_housing,ags_gp_no_stop,9,10,50,0.0
knn_housing,ags_gp_no_stop,9,11,55,0.006828127086274671
knn_housing,ags_gp_no_stop,9,12,60,0.006828127086274671
knn_housing,ags_gp_no_stop,9,13,65,0.006828127086274671
knn_housing,ags_gp_no_stop,9,14,70,0.006828127086274671
knn_housing,ags_gp_no_stop,9,15,75,0.006828127086274671
knn_housing,ags_gp_no_stop,9,16,80,0.006828127086274671
knn_housing,ags_gp_no_stop,9,17,85,0.006828127086274671
knn_housing,ags_gp_no_stop,9,18,90,0.006828127086274671
knn_housing,ags_gp_no_stop,9,19,95,0.006828127086274671
knn_housing,ags_gp_no_stop,9,20,98,0.006828127086274671
knn_housing,ags_gp_no_stop,9,21,103,0.006828127086274671
knn_housing,ags_gp_no_stop,9,22,108,0.006828127086274671
knn_housing,ags_gp_no_stop,9,23,110,0.006828127086274671
knn_housing,ags_gp_no_stop,9,24,112,0.006828127086274671
knn_housing,random,0,1,5,0.11834635723018722
knn_housing,random,0,2,10,0.11834635723018722
knn_housing,random,0,3,15,0.047920219424683386
knn_housing,random,0,4,20,0.047920219424683386
knn_housing,random,0,5,25,0.047920219424683386
knn_housing,random,0,6,30,0.047920219424683386
knn_housing,random,0,7,35,0.047920219424683386
knn_housing,random,0,8,40,0.047920219424683386
knn_housing,random,0,9,45,0.006828127086274671
knn_housing,random,0,10,50,0.006828127086274671
knn_housing,random,0,11,55,0.006828127086274671
knn_housing,random,0,12,60,0.006828127086274671
knn_housing,random,0,13,65,0.006828127086274671
knn_housing,random,0,14,70,0.006828127086274671
knn_housing,random,0,15,75,0.006828127086274671
knn_housing,random,0,16,80,0.006828127086274671
knn_housing,random,0,17,85,0.006828127086274671
knn_housing,random,0,18,90,0.006828127086274671
knn_housing,random,0,19,95,0.006828127086274671
knn_housing,random,0,20,100,0.006828127086274671
knn_housing,random,0,21,105,0.006828127086274671
knn_housing,random,0,22,110,0.0
knn_housing,random,0,23,115,0.0
knn_housing,random,0,24,120,0.0
knn_housing,random,1,1,5,0.05592717657792351
knn_housing,random,1,2,10,0.047920219424683386
knn_housing,random,1,3,15,0.018555151741079023
knn_housing,random,1,4,20,0.018555151741079023
knn_housing,random,1,5,25,0.018555151741079023
knn_housing,random,1,6,30,0.018555151741079023
knn_housing,random,1,7,35,0.018555151741079023
knn_housing,random,1,8,40,0.018555151741079023
knn_housing,random,1,9,45,0.018555151741079023
knn_housing,random,1,10,50,0.018555151741079023
knn_housing,random,1,11,55,0.018555151741079023
knn_housing,random,1,12,60,0.018555151741079023
knn_housing,random,1,13,65,0.018555151741079023
knn_housing,random,1,14,70,0.018555151741079023
knn_housing,random,1,15,75,0.018555151741079023
knn_housing,random,1,16,80,0.006871161467357778
knn_housing,random,1,17,85,0.006871161467357778
knn_housing,random,1,18,90,0.006871161467357778
knn_housing,random,1,19,95,0.006871161467357778
knn_housing,random,1,20,100,0.006871161467357778
knn_housing,random,1,21,105,0.006871161467357778
knn_housing,random,1,22,110,0.006871161467357778
knn_housing,random,1,23,115,0.006871161467357778
knn_housing,random,1,24,120,0.006871161467357778
knn_housing,random,2,1,5,0.154981804156562
knn_housing,random,2,2,10,0.12307266967124392
knn_housing,random,2,3,15,0.031207894036804185
knn_housing,random,2,4,20,0.006828127086274671
knn_housing,random,2,5,25,0.006828127086274671
knn_housing,random,2,6,30,0.006828127086274671
knn_housing,random,2,7,35,0.006828127086274671
knn_housing,random,2,8,40,0.006828127086274671
knn_housing,random,2,9,45,0.006828127086274671
knn_housing,random,2,10,50,0.006828127086274671
knn_housing,random,2,11,55,0.006828127086274671
knn_housing,random,2,12,60,0.006828127086274671
knn_housing,random,2,13,65,0.006828127086274671
knn_housing,random,2,14,70,0.006828127086274671
knn_housing,random,2,15,75,0.006828127086274671
knn_housing,random,2,16,80,0.006828127086274671
knn_housing,random,2,17,85,0.006828127086274671
knn_housing,random,2,18,90,0.006828127086274671
knn_housing,random,2,19,95,0.006828127086274671
knn_housing,random,2,20,100,0.006828127086274671
knn_housing,random,2,21,105,0.006828127086274671
knn_housing,random,2,22,110,0.006828127086274671
knn_housing,random,2,23,115,0.006828127086274671
knn_housing,random,2,24,120,0.006828127086274671
knn_housing,random,3,1,5,0.22569904866989882
knn_housing,random,3,2,10,0.15130292142462282
knn_housing,random,3,3,15,0.031207894036804185
knn_housing,random,3,4,20,0.031207894036804185
knn_housing,random,3,5,25,0.031207894036804185
knn_housing,random,3,6,30,0.018555151741079023
knn_housing,random,3,7,35,0.017130554383139207
knn_housing,random,3,8,40,0.017130554383139207
knn_housing,random,3,9,45,0.017130554383139207
knn_housing,random,3,10,50,0.017130554383139207
knn_housing,random,3,11,55,0.017130554383139207
knn_housing,random,3,12,60,0.0
knn_housing,random,3,13,65,0.0
knn_housing,random,3,14,70,0.0
knn_housing,random,3,15,75,0.0
knn_housing,random,3,16,80,0.0
knn_housing,random,3,17,85,0.0
knn_housing,random,3,18,90,0.0
knn_housing,random,3,19,95,0.0
knn_housing,random,3,20,100,0.0
knn_housing,random,3,21,105,0.006828127086274671
knn_housing,random,3,22,110,0.006828127086274671
knn_housing,random,3,23,115,0.006828127086274671
knn_housing,random,3,24,120,0.006828127086274671
knn_housing,random,4,1,5,0.11834635723018722
knn_housing,random,4,2,10,0.11834635723018722
knn_housing,random,4,3,15,0.08644901462643717
knn_housing,random,4,4,20,0.0
knn_housing,random,4,5,25,0.0
knn_housing,random,4,6,30,0.0
knn_housing,random,4,7,35,0.0
knn_housing,random,4,8,40,0.0
knn_housing,random,4,9,45,0.0
knn_housing,random,4,10,50,0.0
knn_housing,random,4,11,55,0.0
knn_housing,random,4,12,60,0.0
knn_housing,random,4,13,65,0.0
knn_housing,random,4,14,70,0.0
knn_housing,random,4,15,75,0.0
knn_housing,random,4,16,80,0.0
knn_housing,random,4,17,85,0.0
knn_housing,random,4,18,90,0.0
knn_housing,random,4,19,95,0.0
knn_housing,random,4,20,100,0.0
knn_housing,random,4,21,105,0.0
knn_housing,random,4,22,110,0.0
knn_housing,random,4,23,115,0.0
knn_housing,random,4,24,120,0.0
knn_housing,random,5,1,5,0.2481855420031877
knn_housing,random,5,2,10,0.11834635723018722
knn_housing,random,5,3,15,0.11834635723018722
knn_housing,random,5,4,20,0.0441700600920909
knn_housing,random,5,5,25,0.0441700600920909
knn_housing,random,5,6,30,0.0441700600920909
knn_housing,random,5,7,35,0.0441700600920909
knn_housing,random,5,8,40,0.0441700600920909
knn_housing,random,5,9,45,0.006871161467357778
knn_housing,random,5,10,50,0.006871161467357778
knn_housing,random,5,11,55,0.006871161467357778
knn_housing,random,5,12,60,0.006871161467357778
knn_housing,random,5,13,65,0.006871161467357778
knn_housing,random,5,14,70,0.006871161467357778
knn_housing,random,5,15,75,0.006871161467357778
knn_housing,random,5,16,80,0.006871161467357778
knn_housing,random,5,17,85,0.006871161467357778
knn_housing,random,5,18,90,0.006871161467357778
knn_housing,random,5,19,95,0.006871161467357778
knn_housing,random,5,20,100,0.006828127086274671
knn_housing,random,5,21,105,0.006828127086274671
knn_housing,random,5,22,110,0.006828127086274671
knn_housing,random,5,23,115,0.006828127086274671
knn_housing,random,5,24,120,0.006828127086274671
knn_housing,random,6,1,5,0.03726052575908617
knn_housing,random,6,2,10,0.03726052575908617
knn_housing,random,6,3,15,0.03726052575908617
knn_housing,random,6,4,20,0.015402812413925493
knn_housing,random,6,5,25,0.015402812413925493
knn_housing,random,6,6,30,0.015402812413925493
knn_housing,random,6,7,35,0.015402812413925493
knn_housing,random,6,8,40,0.015402812413925493
knn_housing,random,6,9,45,0.015402812413925493
knn_housing,random,6,10,50,0.015402812413925493
knn_housing,random,6,11,55,0.015402812413925493
knn_housing,random,6,12,60,0.015402812413925493
knn_housing,random,6,13,65,0.015402812413925493
knn_housing,random,6,14,70,0.015402812413925493
knn_housing,random,6,15,75,0.015402812413925493
knn_housing,random,6,16,80,0.015402812413925493
knn_housing,random,6,17,85,0.015402812413925493
knn_housing,random,6,18,90,0.015402812413925493
knn_housing,random,6,19,95,0.015402812413925493
knn_housing,random,6,20,100,0.006828127086274671
knn_housing,random,6,21,105,0.006828127086274671
knn_housing,random,6,22,110,0.006828127086274671
knn_housing,random,6,23,115,0.006828127086274671
knn_housing,random,6,24,120,0.006828127086274671
knn_housing,random,7,1,5,0.0
knn_housing,random,7,2,10,0.0
knn_housing,random,7,3,15,0.0
knn_housing,random,7,4,20,0.0
knn_housing,random,7,5,25,0.0
knn_housing,random,7,6,30,0.0
knn_housing,random,7,7,35,0.0
knn_housing,random,7,8,40,0.0
knn_housing,random,7,9,45,0.0
knn_housing,random,7,10,50,0.0
knn_housing,random,7,11,55,0.0
knn_housing,random,7,12,60,0.0
knn_housing,random,7,13,65,0.0
knn_housing,random,7,14,70,0.0
knn_housing,random,7,15,75,0.0
knn_housing,random,7,16,80,0.0
knn_housing,random,7,17,85,0.0
knn_housing,random,7,18,90,0.0
knn_housing,random,7,19,95,0.0
knn_housing,random,7,20,100,0.0
knn_housing,random,7,21,105,0.0
knn_housing,random,7,22,110,0.0
knn_housing,random,7,23,115,0.0
knn_housing,random,7,24,120,0.0
knn_housing,random,8,1,5,0.18759618657544824
knn_housing,random,8,2,10,0.09235558464875121
knn_housing,random,8,3,15,0.05592717657792351
knn_housing,random,8,4,20,0.05592717657792351
knn_housing,random,8,5,25,0.05592717657792351
knn_housing,random,8,6,30,0.05592717657792351
knn_housing,random,8,7,35,0.05592717657792351
knn_housing,random,8,8,40,0.024861617443068473
knn_housing,random,8,9,45,0.015402812413925493
knn_housing,random,8,10,50,0.015402812413925493
knn_housing,random,8,11,55,0.006871161467357778
knn_housing,random,8,12,60,0.006871161467357778
knn_housing,random,8,13,65,0.006871161467357778
knn_housing,random,8,14,70,0.006871161467357778
knn_housing,random,8,15,75,0.006871161467357778
knn_housing,random,8,16,80,0.006871161467357778
knn_housing,random,8,17,85,0.006871161467357778
knn_housing,random,8,18,90,0.006871161467357778
knn_housing,random,8,19,95,0.006871161467357778
knn_housing,random,8,20,100,0.006871161467357778
knn_housing,random,8,21,105,0.006871161467357778
knn_housing,random,8,22,110,0.006871161467357778
knn_housing,random,8,23,115,0.006871161467357778
knn_housing,random,8,24,120,0.006871161467357778
knn_housing,random,9,1,5,0.034854101666787374
knn_housing,random,9,2,10,0.034854101666787374
knn_housing,random,9,3,15,0.034854101666787374
knn_housing,random,9,4,20,0.034854101666787374
knn_housing,random,9,5,25,0.034854101666787374
knn_housing,random,9,6,30,0.034854101666787374
knn_housing,random,9,7,35,0.006828127086274671
knn_housing,random,9,8,40,0.006828127086274671
knn_housing,random,9,9,45,0.006828127086274671
knn_housing,random,9,10,50,0.006828127086274671
knn_housing,random,9,11,55,0.006828127086274671
knn_housing,random,9,12,60,0.006828127086274671
knn_housing,random,9,13,65,0.006828127086274671
knn_housing,random,9,14,70,0.006828127086274671
knn_housing,random,9,15,75,0.006828127086274671
knn_housing,random,9,16,80,0.006828127086274671
knn_housing,random,9,17,85,0.006828127086274671
knn_housing,random,9,18,90,0.006828127086274671
knn_housing,random,9,19,95,0.006828127086274671
knn_housing,random,9,20,100,0.006828127086274671
knn_housing,random,9,21,105,0.006828127086274671
knn_housing,random,9,22,110,0.006828127086274671
knn_housing,random,9,23,115,0.006828127086274671
knn_housing,random,9,24,120,0.006828127086274671
knn_housing,optuna_tpe,0,1,5,0.03546816943923947
knn_housing,optuna_tpe,0,2,10,0.03546816943923947
knn_housing,optuna_tpe,0,3,15,0.024861617443068473
knn_housing,optuna_tpe,0,4,20,0.024861617443068473
knn_housing,optuna_tpe,0,5,25,0.018555151741079023
knn_housing,optuna_tpe,0,6,30,0.018555151741079023
knn_housing,optuna_tpe,0,7,35,0.018555151741079023
knn_housing,optuna_tpe,0,8,40,0.018555151741079023
knn_housing,optuna_tpe,0,9,45,0.018555151741079023
knn_housing,optuna_tpe,0,10,50,0.018555151741079023
knn_housing,optuna_tpe,0,11,55,0.018555151741079023
knn_housing,optuna_tpe,0,12,60,0.018555151741079023
knn_housing,optuna_tpe,0,13,65,0.006828127086274671
knn_housing,optuna_tpe,0,14,70,0.0
knn_housing,optuna_tpe,0,15,75,0.0
knn_housing,optuna_tpe,0,16,80,0.0
knn_housing,optuna_tpe,0,17,85,0.0
knn_housing,optuna_tpe,0,18,90,0.0
knn_housing,optuna_tpe,0,19,95,0.0
knn_housing,optuna_tpe,0,20,100,0.0
knn_housing,optuna_tpe,0,21,105,0.0
knn_housing,optuna_tpe,0,22,110,0.0
knn_housing,optuna_tpe,0,23,115,0.0
knn_housing,optuna_tpe,0,24,120,0.0
knn_housing,optuna_tpe,1,1,5,0.006828127086274671
knn_housing,optuna_tpe,1,2,10,0.006828127086274671
knn_housing,optuna_tpe,1,3,15,0.006828127086274671
knn_housing,optuna_tpe,1,4,20,0.006828127086274671
knn_housing,optuna_tpe,1,5,25,0.006828127086274671
knn_housing,optuna_tpe,1,6,30,0.006828127086274671
knn_housing,optuna_tpe,1,7,35,0.006828127086274671
knn_housing,optuna_tpe,1,8,40,0.006828127086274671
knn_housing,optuna_tpe,1,9,45,0.006828127086274671
knn_housing,optuna_tpe,1,10,50,0.006828127086274671
knn_housing,optuna_tpe,1,11,55,0.006828127086274671
knn_housing,optuna_tpe,1,12,60,0.006828127086274671
knn_housing,optuna_tpe,1,13,65,0.006828127086274671
knn_housing,optuna_tpe,1,14,70,0.006828127086274671
knn_housing,optuna_tpe,1,15,75,0.006828127086274671
knn_housing,optuna_tpe,1,16,80,0.006828127086274671
knn_housing,optuna_tpe,1,17,85,0.006828127086274671
knn_housing,optuna_tpe,1,18,90,0.006828127086274671
knn_housing,optuna_tpe,1,19,95,0.006828127086274671
knn_housing,optuna_tpe,1,20,100,0.006828127086274671
knn_housing,optuna_tpe,1,21,105,0.006828127086274671
knn_housing,optuna_tpe,1,22,110,0.006828127086274671
knn_housing,optuna_tpe,1,23,115,0.006828127086274671
knn_housing,optuna_tpe,1,24,120,0.006828127086274671
knn_housing,optuna_tpe,2,1,5,0.034854101666787374
knn_housing,optuna_tpe,2,2,10,0.017130554383139207
knn_housing,optuna_tpe,2,3,15,0.017130554383139207
knn_housing,optuna_tpe,2,4,20,0.017130554383139207
knn_housing,optuna_tpe,2,5,25,0.017130554383139207
knn_housing,optuna_tpe,2,6,30,0.017130554383139207
knn_housing,optuna_tpe,2,7,35,0.017130554383139207
knn_housing,optuna_tpe,2,8,40,0.017130554383139207
knn_housing,optuna_tpe,2,9,45,0.017130554383139207
knn_housing,optuna_tpe,2,10,50,0.017130554383139207
knn_housing,optuna_tpe,2,11,55,0.017130554383139207
knn_housing,optuna_tpe,2,12,60,0.017130554383139207
knn_housing,optuna_tpe,2,13,65,0.017130554383139207
knn_housing,optuna_tpe,2,14,70,0.017130554383139207
knn_housing,optuna_tpe,2,15,75,0.017130554383139207
knn_housing,optuna_tpe,2,16,80,0.006871161467357778
knn_housing,optuna_tpe,2,17,85,0.006871161467357778
knn_housing,optuna_tpe,2,18,90,0.006871161467357778
knn_housing,optuna_tpe,2,19,95,0.006871161467357778
knn_housing,optuna_tpe,2,20,100,0.0
knn_housing,optuna_tpe,2,21,105,0.0
knn_housing,optuna_tpe,2,22,110,0.0
knn_housing,optuna_tpe,2,23,115,0.0
knn_housing,optuna_tpe,2,24,120,0.0
knn_housing,optuna_tpe,3,1,5,0.018555151741079023
knn_housing,optuna_tpe,3,2,10,0.018555151741079023
knn_housing,optuna_tpe,3,3,15,0.018555151741079023
knn_housing,optuna_tpe,3,4,20,0.017130554383139207
knn_housing,optuna_tpe,3,5,25,0.017130554383139207
knn_housing,optuna_tpe,3,6,30,0.017130554383139207
knn_housing,optuna_tpe,3,7,35,0.017130554383139207
knn_housing,optuna_tpe,3,8,40,0.017130554383139207
knn_housing,optuna_tpe,3,9,45,0.017130554383139207
knn_housing,optuna_tpe,3,10,50,0.017130554383139207
knn_housing,optuna_tpe,3,11,55,0.017130554383139207
knn_housing,optuna_tpe,3,12,60,0.017130554383139207
knn_housing,optuna_tpe,3,13,65,0.017130554383139207
knn_housing,optuna_tpe,3,14,70,0.006871161467357778
knn_housing,optuna_tpe,3,15,75,0.006871161467357778
knn_housing,optuna_tpe,3,16,80,0.006871161467357778
knn_housing,optuna_tpe,3,17,85,0.006871161467357778
knn_housing,optuna_tpe,3,18,90,0.006871161467357778
knn_housing,optuna_tpe,3,19,95,0.006871161467357778
knn_housing,optuna_tpe,3,20,100,0.006871161467357778
knn_housing,optuna_tpe,3,21,105,0.006871161467357778
knn_housing,optuna_tpe,3,22,110,0.006871161467357778
knn_housing,optuna_tpe,3,23,115,0.0
knn_housing,optuna_tpe,3,24,120,0.006828127086274671
knn_housing,optuna_tpe,4,1,5,0.164325057258291
knn_housing,optuna_tpe,4,2,10,0.05008712715925362
knn_housing,optuna_tpe,4,3,15,0.05008712715925362
knn_housing,optuna_tpe,4,4,20,0.006828127086274671
knn_housing,optuna_tpe,4,5,25,0.006828127086274671
knn_housing,optuna_tpe,4,6,30,0.006828127086274671
knn_housing,optuna_tpe,4,7,35,0.006828127086274671
knn_housing,optuna_tpe,4,8,40,0.006828127086274671
knn_housing,optuna_tpe,4,9,45,0.006828127086274671
knn_housing,optuna_tpe,4,10,50,0.006828127086274671
knn_housing,optuna_tpe,4,11,55,0.006828127086274671
knn_housing,optuna_tpe,4,12,60,0.006828127086274671
knn_housing,optuna_tpe,4,13,65,0.006828127086274671
knn_housing,optuna_tpe,4,14,70,0.006828127086274671
knn_housing,optuna_tpe,4,15,75,0.006871161467357778
knn_housing,optuna_tpe,4,16,80,0.006871161467357778
knn_housing,optuna_tpe,4,17,85,0.0
knn_housing,optuna_tpe,4,18,90,0.0
knn_housing,optuna_tpe,4,19,95,0.0
knn_housing,optuna_tpe,4,20,100,0.0
knn_housing,optuna_tpe,4,21,105,0.0
knn_housing,optuna_tpe,4,22,110,0.0
knn_housing,optuna_tpe,4,23,115,0.0
knn_housing,optuna_tpe,4,24,120,0.0
knn_housing,optuna_tpe,5,1,5,0.04797262379375339
knn_housing,optuna_tpe,5,2,10,0.04797262379375339
knn_housing,optuna_tpe,5,3,15,0.04797262379375339
knn_housing,optuna_tpe,5,4,20,0.04797262379375339
knn_housing,optuna_tpe,5,5,25,0.034854101666787374
knn_housing,optuna_tpe,5,6,30,0.022180005426240212
knn_housing,optuna_tpe,5,7,35,0.022180005426240212
knn_housing,optuna_tpe,5,8,40,0.022180005426240212
knn_housing,optuna_tpe,5,9,45,0.022180005426240212
knn_housing,optuna_tpe,5,10,50,0.022180005426240212
knn_housing,optuna_tpe,5,11,55,0.022180005426240212
knn_housing,optuna_tpe,5,12,60,0.006871161467357778
knn_housing,optuna_tpe,5,13,65,0.006871161467357778
knn_housing,optuna_tpe,5,14,70,0.006871161467357778
knn_housing,optuna_tpe,5,15,75,0.006828127086274671
knn_housing,optuna_tpe,5,16,80,0.006828127086274671
knn_housing,optuna_tpe,5,17,85,0.006828127086274671
knn_housing,optuna_tpe,5,18,90,0.006828127086274671
knn_housing,optuna_tpe,5,19,95,0.006828127086274671
knn_housing,optuna_tpe,5,20,100,0.0
knn_housing,optuna_tpe,5,21,105,0.0
knn_housing,optuna_tpe,5,22,110,0.0
knn_housing,optuna_tpe,5,23,115,0.0
knn_housing,optuna_tpe,5,24,120,0.0
knn_housing,optuna_tpe,6,1,5,0.15130292142462282
knn_housing,optuna_tpe,6,2,10,0.15130292142462282
knn_housing,optuna_tpe,6,3,15,0.031207894036804185
knn_housing,optuna_tpe,6,4,20,0.031207894036804185
knn_housing,optuna_tpe,6,5,25,0.031207894036804185
knn_housing,optuna_tpe,6,6,30,0.031207894036804185
knn_housing,optuna_tpe,6,7,35,0.031207894036804185
knn_housing,optuna_tpe,6,8,40,0.031207894036804185
knn_housing,optuna_tpe,6,9,45,0.031207894036804185
knn_housing,optuna_tpe,6,10,50,0.031207894036804185
knn_housing,optuna_tpe,6,11,55,0.017130554383139207
knn_housing,optuna_tpe,6,12,60,0.017130554383139207
knn_housing,optuna_tpe,6,13,65,0.015402812413925493
knn_housing,optuna_tpe,6,14,70,0.015402812413925493
knn_housing,optuna_tpe,6,15,75,0.015402812413925493
knn_housing,optuna_tpe,6,16,80,0.015402812413925493
knn_housing,optuna_tpe,6,17,85,0.0
knn_housing,optuna_tpe,6,18,90,0.006828127086274671
knn_housing,optuna_tpe,6,19,95,0.006828127086274671
knn_housing,optuna_tpe,6,20,100,0.006828127086274671
knn_housing,optuna_tpe,6,21,105,0.006828127086274671
knn_housing,optuna_tpe,6,22,110,0.006828127086274671
knn_housing,optuna_tpe,6,23,115,0.006828127086274671
knn_housing,optuna_tpe,6,24,120,0.006828127086274671
knn_housing,optuna_tpe,7,1,5,0.22569904866989882
knn_housing,optuna_tpe,7,2,10,0.0742744172208234
knn_housing,optuna_tpe,7,3,15,0.031207894036804185
knn_housing,optuna_tpe,7,4,20,0.024861617443068473
knn_housing,optuna_tpe,7,5,25,0.006871161467357778
knn_housing,optuna_tpe,7,6,30,0.006871161467357778
knn_housing,optuna_tpe,7,7,35,0.006871161467357778
knn_housing,optuna_tpe,7,8,40,0.006871161467357778
knn_housing,optuna_tpe,7,9,45,0.006871161467357778
knn_housing,optuna_tpe,7,10,50,0.006871161467357778
knn_housing,optuna_tpe,7,11,55,0.006871161467357778
knn_housing,optuna_tpe,7,12,60,0.0
knn_housing,optuna_tpe,7,13,65,0.0
knn_housing,optuna_tpe,7,14,70,0.0
knn_housing,optuna_tpe,7,15,75,0.0
knn_housing,optuna_tpe,7,16,80,0.0
knn_housing,optuna_tpe,7,17,85,0.0
knn_housing,optuna_tpe,7,18,90,0.0
knn_housing,optuna_tpe,7,19,95,0.0
knn_housing,optuna_tpe,7,20,100,0.0
knn_housing,optuna_tpe,7,21,105,0.0
knn_housing,optuna_tpe,7,22,110,0.0
knn_housing,optuna_tpe,7,23,115,0.0
knn_housing,optuna_tpe,7,24,120,0.0
knn_housing,optuna_tpe,8,1,5,0.12617038530071262
knn_housing,optuna_tpe,8,2,10,0.031207894036804185
knn_housing,optuna_tpe,8,3,15,0.031207894036804185
knn_housing,optuna_tpe,8,4,20,0.031207894036804185
knn_housing,optuna_tpe,8,5,25,0.031207894036804185
knn_housing,optuna_tpe,8,6,30,0.006871161467357778
knn_housing,optuna_tpe,8,7,35,0.006871161467357778
knn_housing,optuna_tpe,8,8,40,0.006871161467357778
knn_housing,optuna_tpe,8,9,45,0.006871161467357778
knn_housing,optuna_tpe,8,10,50,0.006871161467357778
knn_housing,optuna_tpe,8,11,55,0.006871161467357778
knn_housing,optuna_tpe,8,12,60,0.006871161467357778
knn_housing,optuna_tpe,8,13,65,0.006871161467357778
knn_housing,optuna_tpe,8,14,70,0.006871161467357778
knn_housing,optuna_tpe,8,15,75,0.006871161467357778
knn_housing,optuna_tpe,8,16,80,0.006871161467357778
knn_housing,optuna_tpe,8,17,85,0.006871161467357778
knn_housing,optuna_tpe,8,18,90,0.006871161467357778
knn_housing,optuna_tpe,8,19,95,0.006871161467357778
knn_housing,optuna_tpe,8,20,100,0.006871161467357778
knn_housing,optuna_tpe,8,21,105,0.006871161467357778
knn_housing,optuna_tpe,8,22,110,0.006871161467357778
knn_housing,optuna_tpe,8,23,115,0.0
knn_housing,optuna_tpe,8,24,120,0.0
knn_housing,optuna_tpe,9,1,5,0.22569904866989882
knn_housing,optuna_tpe,9,2,10,0.09891590392677657
knn_housing,optuna_tpe,9,3,15,0.017130554383139207
knn_housing,optuna_tpe,9,4,20,0.017130554383139207
knn_housing,optuna_tpe,9,5,25,0.017130554383139207
knn_housing,optuna_tpe,9,6,30,0.017130554383139207
knn_housing,optuna_tpe,9,7,35,0.017130554383139207
knn_housing,optuna_tpe,9,8,40,0.017130554383139207
knn_housing,optuna_tpe,9,9,45,0.017130554383139207
knn_housing,optuna_tpe,9,10,50,0.017130554383139207
knn_housing,optuna_tpe,9,11,55,0.017130554383139207
knn_housing,optuna_tpe,9,12,60,0.006871161467357778
knn_housing,optuna_tpe,9,13,65,0.006871161467357778
knn_housing,optuna_tpe,9,14,70,0.006871161467357778
knn_housing,optuna_tpe,9,15,75,0.006871161467357778
knn_housing,optuna_tpe,9,16,80,0.006871161467357778
knn_housing,optuna_tpe,9,17,85,0.006871161467357778
knn_housing,optuna_tpe,9,18,90,0.006871161467357778
knn_housing,optuna_tpe,9,19,95,0.006871161467357778
knn_housing,optuna_tpe,9,20,100,0.006871161467357778
knn_housing,optuna_tpe,9,21,105,0.006871161467357778
knn_housing,optuna_tpe,9,22,110,0.0
knn_housing,optuna_tpe,9,23,115,0.0
knn_housing,optuna_tpe,9,24,120,0.0
